dataset,algorithm,ensemble_size,cores,batch_size,inc_rate,methodology,instances,time,delay,out_rate,acc
elecNormNew,OzaBagASHTExecutorMAXChunk,25,4,50,2354,2,44347.0,19.73200035095215,22.0,2247.466064453125,79.48619545341671
elecNormNew,StreamingRandomPatchesExecutorMAXChunk,25,4,50,440,3,45100.0,109.26200103759766,121.0,412.7693176269531,89.63817980022198
elecNormNew,StreamingRandomPatchesExecutorMAXChunk,25,4,50,48,3,5400.0,120.13400268554688,675.0,44.949806213378906,91.51401869158879
elecNormNew,LBagExecutorMAXChunk,25,4,50,120,2,14376.0,119.82599639892578,253.0,119.97396850585938,83.01689236353484
covtypeNorm,StreamingRandomPatchesExecutorMAXChunk,25,4,50,77,2,8986.0,120.00399780273438,541.0,74.8808364868164,76.86884512085945
airlines,OzaBagAdwinExecutorMAXChunk,25,4,50,221,2,26356.0,119.93800354003906,199.0,219.74685668945312,67.27362578879344
GMSC,OzaBagASHTExecutorMAXChunk,25,4,50,1843,2,150000.0,81.67900085449219,20.0,1836.457275390625,93.40313437812604
GMSC,OzaBagAdwin,25,1,1,1538,1,145629.0,100.93199920654297,3306.0,1442.8427734375,93.49374094445474
GMSC,LeveragingBag,25,1,1,71,1,8389.0,120.0009994506836,88.0,69.90775299072266,93.44379544641794
covtypeNorm,OzaBagExecutorMAXChunk,25,4,50,267,3,31700.0,119.9530029296875,111.0,264.2701721191406,71.44075829383885
covtypeNorm,OzaBagASHT,25,1,1,219,1,22286.0,120.0009994506836,6062.0,185.71511840820312,71.1253701875617
airlines,AdaptiveRandomForestExecutorMAXChunk,25,4,50,22,3,2400.0,121.10199737548828,1649.0,19.818004608154297,72.68085106382979
covtypeNorm,OzaBagAdwinExecutorMAXChunk,25,4,50,31,2,3600.0,120.15499877929688,973.0,29.961299896240234,65.63380281690141
elecNormNew,OzaBagASHT,25,1,1,723,1,43716.0,63.071998596191406,677.0,693.1126708984375,83.16405892579375
covtypeNorm,OzaBagASHTExecutorMAXChunk,25,4,50,30,2,3600.0,120.2040023803711,987.0,29.949085235595703,63.014084507042256
GMSC,OzaBagExecutorMAXChunk,25,4,50,1843,2,150000.0,81.7030029296875,21.0,1835.9178466796875,93.45315105035012
covtypeNorm,LeveragingBag,25,1,1,136,1,12774.0,120.0009994506836,9759.0,106.44911193847656,74.25238766243933
elecNormNew,AdaptiveRandomForestSequential,25,1,1,158,1,18569.0,119.92400360107422,1976.0,154.8397216796875,89.6009478162529
airlines,LBagExecutorMAXChunk,25,4,50,13,2,1200.0,120.39700317382812,2858.0,9.967025756835938,74.43478260869566
GMSC,StreamingRandomPatchesExecutorMAXChunk,25,4,50,319,2,37737.0,119.94499969482422,122.0,314.61920166015625,93.55480669726961
airlines,OzaBagAdwinExecutorMAXChunk,25,4,50,614,3,46400.0,120.04399871826172,129.0,386.5249328613281,85.64832793959008
GMSC,OzaBagExecutorMAXChunk,25,4,50,3495,3,147750.0,42.981998443603516,11.0,3437.485595703125,93.41232227488152
GMSC,LeveragingBag,25,1,1,641,1,71610.0,120.00499725341797,4811.0,596.7251586914062,93.42968859097891
elecNormNew,OzaBagAdwinExecutorMAXChunk,25,4,50,1940,2,43148.0,23.374000549316406,27.0,1845.982666015625,79.56285674509257
elecNormNew,StreamingRandomPatchesExecutorMAXChunk,25,4,50,39,2,4200.0,120.0989990234375,862.0,34.97114944458008,82.16867469879519
GMSC,LBagExecutorMAXChunk,25,4,50,163,2,19168.0,119.875,188.0,159.89990234375,93.52965791400774
airlines,OzaBagASHT,25,1,1,91,1,10754.0,120.00299835205078,1786.0,89.61442565917969,63.957597173144876
covtypeNorm,LeveragingBag,25,1,1,15,1,1800.0,119.96600341796875,96.0,15.004250526428223,68.83333333333333
airlines,AdaptiveRandomForestExecutorMAXChunk,25,4,50,72,2,8350.0,120.26000213623047,693.0,69.43289184570312,66.24096385542168
GMSC,AdaptiveRandomForestExecutorMAXChunk,25,4,50,1529,3,145950.0,108.07599639892578,36.0,1350.4385986328125,93.52090472926662
covtypeNorm,OzaBagASHTExecutorMAXChunk,25,4,50,272,2,32346.0,119.95099639892578,156.0,269.6601257324219,71.81694327470895
elecNormNew,AdaptiveRandomForestSequential,25,1,1,284,1,27884.0,120.0009994506836,9113.0,232.36473083496094,88.89327212738488
GMSC,OzaBagExecutorMAXChunk,25,4,50,699,3,83250.0,120.00499725341797,42.0,693.7211303710938,93.41947115384616
GMSC,OzaBag,25,1,1,225,1,26955.0,119.86900329589844,78.0,224.8704833984375,93.47059914672603
airlines,LBagExecutorMAXChunk,25,4,50,118,2,9750.0,123.62899780273438,632.0,78.864990234375,61.69072164948454
covtypeNorm,LBagExecutorMAXChunk,25,4,50,26,2,3000.0,120.16300201416016,1124.0,24.966087341308594,65.96610169491525
GMSC,LBagExecutorMAXChunk,25,4,50,1018,3,121350.0,119.92900085449219,39.0,1011.8486938476562,93.38746908491343
airlines,AdaptiveRandomForestExecutorMAXChunk,25,4,50,130,2,10350.0,120.99299621582031,583.0,85.54214477539062,66.0485436893204
elecNormNew,StreamingRandomPatches,25,1,1,82,1,9584.0,119.99299621582031,1243.0,79.87133026123047,91.35016694490818
covtypeNorm,LBagExecutorMAXChunk,25,4,50,66,3,7750.0,120.00599670410156,506.0,64.58010864257812,73.76623376623377
airlines,OzaBagASHTExecutorMAXChunk,25,4,50,379,3,44900.0,119.9469985961914,80.0,374.3320007324219,65.39576365663322
airlines,LBagExecutorMAXChunk,25,4,50,66,2,7800.0,120.40399932861328,721.0,64.78189849853516,62.8
airlines,StreamingRandomPatchesExecutorMAXChunk,25,4,50,14,2,1200.0,120.4520034790039,3058.0,9.962474822998047,76.69565217391305
elecNormNew,OzaBagExecutorMAXChunk,25,4,50,416,3,45300.0,109.31099700927734,67.0,414.4139404296875,75.46077348066298
GMSC,AdaptiveRandomForestExecutorMAXChunk,25,4,50,1052,2,125450.0,120.03600311279297,43.0,1045.1031494140625,93.6116427432217
GMSC,OzaBagAdwinExecutorMAXChunk,25,4,50,1766,2,150000.0,85.11900329589844,22.0,1762.2386474609375,93.44781593864622
GMSC,OzaBagAdwinExecutorMAXChunk,25,4,50,3179,2,149102.0,47.38800048828125,14.0,3146.408447265625,93.31709738883075
covtypeNorm,OzaBagASHT,25,1,1,24,1,2400.0,119.98999786376953,79.0,20.001667022705078,68.29166666666666
covtypeNorm,OzaBagAdwinExecutorMAXChunk,25,4,50,159,2,18569.0,119.91000366210938,266.0,154.85780334472656,70.55456558129488
covtypeNorm,LBagExecutorMAXChunk,25,4,50,333,3,39500.0,119.96399688720703,122.0,329.26544189453125,85.36121673003802
airlines,OzaBagExecutorMAXChunk,25,4,50,502,3,59900.0,119.94000244140625,45.0,499.4163513183594,64.8705096073517
airlines,StreamingRandomPatches,25,1,1,62,1,2723.0,120.01699829101562,24544.0,22.688453674316406,73.26478149100257
covtypeNorm,OzaBagAdwin,25,1,1,243,1,19873.0,120.0009994506836,12300.0,165.60694885253906,74.83017158959392
elecNormNew,OzaBagExecutorMAXChunk,25,4,50,2081,3,45300.0,21.777000427246094,19.0,2080.17626953125,78.4596685082873
GMSC,OzaBagAdwinExecutorMAXChunk,25,4,50,353,2,41930.0,119.89199829101562,75.0,349.7314147949219,93.35482330468004
elecNormNew,StreamingRandomPatchesExecutorMAXChunk,25,4,50,244,3,28750.0,119.96900177001953,170.0,239.64523315429688,90.16724738675958
airlines,OzaBagAdwinExecutorMAXChunk,25,4,50,398,2,38950.0,120.01200103759766,153.0,324.5508728027344,68.53984575835476
covtypeNorm,AdaptiveRandomForestExecutorMAXChunk,25,4,50,101,3,11950.0,119.82499694824219,302.0,99.72877502441406,75.52941176470588
airlines,AdaptiveRandomForestSequential,25,1,1,6,1,598.0,120.01200103759766,72.0,4.982834815979004,72.40802675585284
elecNormNew,OzaBag,25,1,1,775,1,43316.0,58.612998962402344,783.0,739.0169677734375,82.3090774771447
covtypeNorm,OzaBagASHT,25,1,1,122,1,14376.0,119.93099975585938,292.0,119.86892700195312,64.69115191986644
covtypeNorm,AdaptiveRandomForestSequential,25,1,1,21,1,2400.0,119.99299621582031,232.0,20.00116729736328,71.0
elecNormNew,LBagExecutorMAXChunk,25,4,50,658,3,44750.0,69.27400207519531,61.0,645.9854736328125,90.40492170022372
airlines,OzaBagASHTExecutorMAXChunk,25,4,50,3419,3,142450.0,120.02899932861328,42.0,1186.7965087890625,65.83286516853933
airlines,OzaBagASHTExecutorMAXChunk,25,4,50,39,2,4200.0,120.08499908447266,840.0,34.97522735595703,69.10843373493975
covtypeNorm,StreamingRandomPatchesExecutorMAXChunk,25,4,50,15,2,1800.0,120.16100311279297,1980.0,14.979901313781738,69.48571428571428
covtypeNorm,AdaptiveRandomForestExecutorMAXChunk,25,4,50,158,2,18569.0,119.95800018310547,241.0,154.79583740234375,71.76953399211621
GMSC,LeveragingBag,25,1,1,356,1,42529.0,119.93199920654297,912.0,354.6092834472656,93.35982506054692
elecNormNew,OzaBagASHTExecutorMAXChunk,25,4,50,261,2,31148.0,119.89700317382812,108.0,259.7896423339844,80.44568782558363
covtypeNorm,OzaBag,25,1,1,158,1,18569.0,119.93399810791016,418.0,154.8268280029297,67.6934676073025
GMSC,AdaptiveRandomForestExecutorMAXChunk,25,4,50,849,3,101100.0,120.08300018310547,48.0,841.9176635742188,93.48342404750125
elecNormNew,OzaBagAdwin,25,1,1,116,1,13777.0,119.8479995727539,90.0,114.95394134521484,89.06873775132466
covtypeNorm,OzaBagAdwin,25,1,1,135,1,16173.0,119.9489974975586,707.0,134.83230590820312,71.58844988561182
elecNormNew,AdaptiveRandomForestExecutorMAXChunk,25,4,50,459,3,44500.0,99.69999694824219,93.0,446.3390197753906,88.83689538807648
covtypeNorm,OzaBagAdwinExecutorMAXChunk,25,4,50,498,3,58100.0,120.01599884033203,79.0,484.10211181640625,87.17829457364341
GMSC,OzaBagASHTExecutorMAXChunk,25,4,50,728,3,86850.0,119.99800109863281,37.0,723.7620849609375,93.28917050691244
GMSC,OzaBagAdwin,25,1,1,170,1,20366.0,119.86000061035156,81.0,169.91490173339844,93.53333988019247
covtypeNorm,AdaptiveRandomForestExecutorMAXChunk,25,4,50,506,3,58650.0,120.0009994506836,83.0,488.7459411621094,88.79692832764505
elecNormNew,AdaptiveRandomForestExecutorMAXChunk,25,4,50,827,3,42550.0,55.481998443603516,65.0,766.9154052734375,88.72705882352942
elecNormNew,OzaBagExecutorMAXChunk,25,4,50,2296,2,43270.0,19.768999099731445,21.0,2188.780517578125,79.0328551596483
GMSC,LBagExecutorMAXChunk,25,4,50,1474,2,150000.0,102.45899963378906,33.0,1464.000244140625,93.45515171723908
elecNormNew,OzaBagASHTExecutorMAXChunk,25,4,50,414,3,45300.0,110.69499969482422,67.0,409.2325744628906,77.41436464088397
GMSC,AdaptiveRandomForestExecutorMAXChunk,25,4,50,169,3,19750.0,119.8479995727539,182.0,164.7920684814453,93.5482233502538
GMSC,OzaBagAdwin,25,1,1,854,1,101661.0,120.0009994506836,622.0,847.16796875,93.40455041756425
airlines,OzaBagAdwin,25,1,1,16,1,1798.0,119.97000122070312,136.0,14.987079620361328,73.63737486095661
covtypeNorm,LBagExecutorMAXChunk,25,4,50,241,2,28752.0,119.98300170898438,174.0,239.63394165039062,79.55891575499965
elecNormNew,OzaBagAdwin,25,1,1,584,1,44074.0,78.27200317382812,746.0,563.087646484375,84.11081363161955
elecNormNew,OzaBagExecutorMAXChunk,25,4,50,255,2,30549.0,119.87999725341797,112.0,254.829833984375,80.02885340502968
airlines,LBagExecutorMAXChunk,25,4,50,21,3,2400.0,120.4990005493164,1569.0,19.917177200317383,72.12765957446808
GMSC,AdaptiveRandomForestExecutorMAXChunk,25,4,50,116,2,13778.0,120.00399780273438,262.0,114.8128433227539,93.40034965034964
airlines,AdaptiveRandomForestSequential,25,1,1,32,1,3473.0,120.04499816894531,4223.0,28.930818557739258,70.25626259717824
covtypeNorm,LBagExecutorMAXChunk,25,4,50,134,2,15574.0,119.91200256347656,319.0,129.87857055664062,70.70342695181654
GMSC,OzaBagASHTExecutorMAXChunk,25,4,50,6556,3,148300.0,22.961000442504883,7.0,6458.77783203125,93.19325463743677
elecNormNew,LeveragingBag,25,1,1,50,1,5993.0,120.0009994506836,133.0,49.94124984741211,90.67245119305856
elecNormNew,OzaBagAdwinExecutorMAXChunk,25,4,50,1077,2,45312.0,42.22100067138672,36.0,1073.2099609375,79.79320401219566
airlines,OzaBagAdwin,25,1,1,152,1,12155.0,120.00299835205078,10558.0,101.28913879394531,63.83381324557795
GMSC,OzaBagASHTExecutorMAXChunk,25,4,50,368,2,43727.0,119.89900207519531,80.0,364.6986083984375,93.35806030633972
covtypeNorm,AdaptiveRandomForestSequential,25,1,1,105,1,12369.0,119.8949966430664,1763.0,103.16527557373047,74.87266553480475
airlines,LeveragingBag,25,1,1,5,1,598.0,119.94499969482422,78.0,4.985618591308594,75.91973244147158
GMSC,StreamingRandomPatchesExecutorMAXChunk,25,4,50,575,2,68850.0,120.02999877929688,83.0,573.6066284179688,93.44622093023256
covtypeNorm,AdaptiveRandomForestSequential,25,1,1,189,1,19615.0,120.00199890136719,8077.0,163.4556121826172,77.24700484323222
airlines,OzaBagAdwin,25,1,1,84,1,9583.0,120.00599670410156,1860.0,79.85433959960938,64.07179380152354
elecNormNew,AdaptiveRandomForestExecutorMAXChunk,25,4,50,91,3,10750.0,119.81700134277344,351.0,89.72015380859375,89.11214953271028
GMSC,StreamingRandomPatches,25,1,1,149,1,17372.0,120.01300048828125,1143.0,144.75099182128906,93.57011282523601
airlines,StreamingRandomPatchesExecutorMAXChunk,25,4,50,119,3,8200.0,120.0199966430664,730.0,68.32194519042969,65.96319018404908
airlines,AdaptiveRandomForestExecutorMAXChunk,25,4,50,14,2,1200.0,120.77400207519531,2988.0,9.9359130859375,76.34782608695653
airlines,StreamingRandomPatchesExecutorMAXChunk,25,4,50,132,2,8550.0,120.31700134277344,702.0,71.0622787475586,65.68235294117648
GMSC,AdaptiveRandomForestExecutorMAXChunk,25,4,50,584,2,69484.0,119.98300170898438,64.0,579.1153564453125,93.448454647579
covtypeNorm,OzaBag,25,1,1,284,1,27170.0,120.02400207519531,9596.0,226.3713836669922,72.17887375782112
covtypeNorm,StreamingRandomPatches,25,1,1,61,1,7161.0,120.00199890136719,4127.0,59.674007415771484,82.15333054042732
GMSC,StreamingRandomPatchesExecutorMAXChunk,25,4,50,95,3,11350.0,120.00599670410156,331.0,94.57860565185547,93.43362831858407
GMSC,AdaptiveRandomForestSequential,25,1,1,473,1,47240.0,120.0009994506836,6883.0,393.66339111328125,93.42082980524978
covtypeNorm,AdaptiveRandomForestExecutorMAXChunk,25,4,50,31,2,3600.0,120.05899810791016,981.0,29.985258102416992,70.59154929577464
GMSC,OzaBagASHT,25,1,1,2008,1,143689.0,79.40699768066406,3441.0,1809.525634765625,93.34465407929626
covtypeNorm,StreamingRandomPatches,25,1,1,34,1,3596.0,120.02300262451172,777.0,29.96092414855957,81.39599555061179
covtypeNorm,StreamingRandomPatchesExecutorMAXChunk,25,4,50,139,2,16173.0,119.9990005493164,346.0,134.776123046875,76.22030639459157
GMSC,OzaBagExecutorMAXChunk,25,4,50,6291,3,145750.0,23.906999588012695,7.0,6096.541015625,93.40288263555252
airlines,StreamingRandomPatches,25,1,1,34,1,2662.0,121.75,10438.0,21.864477157592773,73.25319308790384
covtypeNorm,OzaBagAdwinExecutorMAXChunk,25,4,50,287,2,34143.0,119.96099853515625,146.0,284.61749267578125,76.18866042882703
GMSC,OzaBag,25,1,1,1127,1,133930.0,119.98200225830078,584.0,1116.250732421875,93.49660270290451
covtypeNorm,OzaBagExecutorMAXChunk,25,4,50,1337,3,158300.0,119.9219970703125,28.0,1320.024658203125,80.42654028436019
airlines,OzaBag,25,1,1,85,1,10172.0,120.01200103759766,1658.0,84.75818634033203,64.00904443570586
airlines,StreamingRandomPatchesExecutorMAXChunk,25,4,50,23,3,2400.0,120.4280014038086,1760.0,19.92892074584961,74.46808510638297
airlines,OzaBagExecutorMAXChunk,25,4,50,35,2,4200.0,120.06199645996094,837.0,34.98192596435547,69.03614457831326
elecNormNew,StreamingRandomPatches,25,1,1,16,1,1800.0,119.98899841308594,119.0,15.001375198364258,92.27777777777779
airlines,OzaBagExecutorMAXChunk,25,4,50,321,2,25400.0,121.90399932861328,239.0,208.3606719970703,63.78698224852071
GMSC,StreamingRandomPatchesExecutorMAXChunk,25,4,50,63,2,7200.0,120.07599639892578,503.0,59.9620246887207,93.74825174825175
airlines,OzaBagExecutorMAXChunk,25,4,50,2513,3,191900.0,120.01000213623047,31.0,1599.0333251953125,63.01277039353662
elecNormNew,OzaBagASHTExecutorMAXChunk,25,4,50,1307,2,45312.0,34.77799987792969,31.0,1302.892578125,79.04423136405815
elecNormNew,OzaBagASHT,25,1,1,1301,1,38536.0,42.98400115966797,3994.0,896.5195922851562,82.97695661199917
covtypeNorm,LBagExecutorMAXChunk,25,4,50,600,3,70700.0,120.0250015258789,78.0,589.0439453125,90.50955414012739
covtypeNorm,OzaBagExecutorMAXChunk,25,4,50,30,2,3600.0,120.19200134277344,987.0,29.952075958251953,62.7887323943662
airlines,OzaBagAdwinExecutorMAXChunk,25,4,50,68,3,7800.0,120.14600372314453,505.0,64.92101287841797,84.7483870967742
elecNormNew,OzaBagAdwinExecutorMAXChunk,25,4,50,252,3,29950.0,119.88200378417969,35.0,249.82899475097656,87.1371237458194
airlines,StreamingRandomPatchesExecutorMAXChunk,25,4,50,73,2,7450.0,120.2300033569336,801.0,61.96456527709961,65.94594594594595
elecNormNew,OzaBagASHT,25,1,1,144,1,16772.0,119.88300323486328,84.0,139.90306091308594,86.99022179823515
airlines,AdaptiveRandomForestSequential,25,1,1,58,1,3476.0,120.01300048828125,16652.0,28.963529586791992,70.2819332566168
GMSC,AdaptiveRandomForestSequential,25,1,1,262,1,31148.0,119.91799926757812,1021.0,259.7441711425781,93.5276743290099
airlines,LeveragingBag,25,1,1,41,1,3778.0,120.05000305175781,5154.0,31.4702205657959,68.58125992588671
GMSC,OzaBagASHT,25,1,1,223,1,26356.0,119.89700317382812,80.0,219.82200622558594,93.47397177113372
elecNormNew,OzaBagASHTExecutorMAXChunk,25,4,50,3727,3,44500.0,13.180000305175781,14.0,3376.32763671875,78.56017997750281
GMSC,OzaBag,25,1,1,2028,1,143460.0,95.52200317382812,7215.0,1501.8529052734375,93.3814303638645
airlines,LBagExecutorMAXChunk,25,4,50,192,3,9950.0,120.68000030517578,605.0,82.44945526123047,61.252525252525245
covtypeNorm,OzaBagExecutorMAXChunk,25,4,50,2407,3,282900.0,120.0199966430664,18.0,2357.107177734375,78.61339932826587
covtypeNorm,OzaBagASHTExecutorMAXChunk,25,4,50,151,2,17970.0,119.98799896240234,254.0,149.76498413085938,64.9609375
GMSC,OzaBagExecutorMAXChunk,25,4,50,368,2,43727.0,119.90299987792969,80.0,364.68646240234375,93.45651029145775
elecNormNew,OzaBagExecutorMAXChunk,25,4,50,3745,3,45000.0,12.145999908447266,13.0,3704.92333984375,76.13570634037819
covtypeNorm,OzaBagASHTExecutorMAXChunk,25,4,50,1354,3,160050.0,119.87999725341797,28.0,1335.0850830078125,78.91812499999999
covtypeNorm,AdaptiveRandomForestExecutorMAXChunk,25,4,50,285,2,34024.0,119.95899963378906,137.0,283.6302490234375,79.68152116324248
airlines,OzaBagASHTExecutorMAXChunk,25,4,50,196,2,23361.0,119.89299774169922,226.0,194.84873962402344,64.83634335721334
elecNormNew,StreamingRandomPatches,25,1,1,147,1,16543.0,120.00599670410156,5315.0,137.8514404296875,91.38003989602853
covtypeNorm,StreamingRandomPatchesExecutorMAXChunk,25,4,50,25,3,3000.0,120.1520004272461,1192.0,24.968374252319336,79.62711864406779
elecNormNew,LeveragingBag,25,1,1,457,1,42589.0,102.68000030517578,5195.0,414.7740478515625,89.6499096010707
airlines,StreamingRandomPatches,25,1,1,6,1,598.0,119.95099639892578,117.0,4.9853692054748535,75.58528428093646
GMSC,StreamingRandomPatches,25,1,1,269,1,27572.0,120.00199890136719,8588.0,229.76283264160156,93.5260409110692
airlines,OzaBagExecutorMAXChunk,25,4,50,4525,3,201750.0,120.00599670410156,29.0,1681.166015625,62.5552801189886
covtypeNorm,OzaBagAdwinExecutorMAXChunk,25,4,50,896,3,105300.0,119.98799896240234,52.0,877.5877685546875,87.6646080760095
GMSC,OzaBagAdwinExecutorMAXChunk,25,4,50,3625,3,148300.0,41.45399856567383,13.0,3577.45947265625,93.35649241146712
covtypeNorm,OzaBagExecutorMAXChunk,25,4,50,271,2,32346.0,119.93499755859375,157.0,269.69610595703125,71.67141441664603
covtypeNorm,OzaBagAdwin,25,1,1,27,1,3000.0,120.01000213623047,103.0,24.99791717529297,65.96666666666667
airlines,OzaBag,25,1,1,17,1,1798.0,119.97000122070312,147.0,14.987079620361328,73.63737486095661
elecNormNew,AdaptiveRandomForestExecutorMAXChunk,25,4,50,79,2,8986.0,120.00499725341797,389.0,74.88021850585938,80.01342882721576
covtypeNorm,StreamingRandomPatches,25,1,1,6,1,600.0,119.97699737548828,150.0,5.000958442687988,77.0
covtypeNorm,StreamingRandomPatchesExecutorMAXChunk,25,4,50,127,3,14950.0,119.83000183105469,316.0,124.76007843017578,80.9530201342282
airlines,OzaBagASHT,25,1,1,165,1,12576.0,120.02100372314453,11509.0,104.78166198730469,63.76431297709924
covtypeNorm,OzaBagASHTExecutorMAXChunk,25,4,50,270,3,32300.0,119.91799926757812,108.0,269.3507385253906,70.54263565891473
covtypeNorm,OzaBagExecutorMAXChunk,25,4,50,150,2,17950.0,120.00900268554688,243.0,149.57211303710938,65.07262569832403
covtypeNorm,AdaptiveRandomForestExecutorMAXChunk,25,4,50,911,3,104400.0,119.99800109863281,55.0,870.0144653320312,90.66123622424533
elecNormNew,OzaBagAdwinExecutorMAXChunk,25,4,50,1261,3,45300.0,36.013999938964844,31.0,1257.8441162109375,85.39447513812155
elecNormNew,OzaBagAdwinExecutorMAXChunk,25,4,50,2270,3,42800.0,19.968000411987305,23.0,2143.429443359375,85.64678362573099
elecNormNew,StreamingRandomPatchesExecutorMAXChunk,25,4,50,197,2,23200.0,120.02300262451172,205.0,193.29627990722656,82.2548596112311
elecNormNew,OzaBagAdwin,25,1,1,1051,1,39828.0,52.534000396728516,5195.0,758.1375732421875,84.20206889625389
covtypeNorm,StreamingRandomPatchesExecutorMAXChunk,25,4,50,230,3,27500.0,120.07499694824219,213.0,229.02352905273438,87.74134790528232
covtypeNorm,OzaBagAdwinExecutorMAXChunk,25,4,50,99,3,11350.0,119.81700134277344,341.0,94.72779083251953,76.19469026548673
elecNormNew,LBagExecutorMAXChunk,25,4,50,1080,2,43323.0,42.59600067138672,48.0,1017.0673217773438,81.5312088369191
elecNormNew,OzaBagASHTExecutorMAXChunk,25,4,50,2070,3,45300.0,21.93600082397461,19.0,2065.098388671875,78.79558011049724
elecNormNew,AdaptiveRandomForestExecutorMAXChunk,25,4,50,715,2,42939.0,63.4640007019043,72.0,676.5883178710938,80.4891697171769
covtypeNorm,OzaBag,25,1,1,31,1,3600.0,119.9990005493164,109.0,30.0002498626709,66.25
elecNormNew,LBagExecutorMAXChunk,25,4,50,1184,3,42100.0,39.367000579833984,46.0,1069.423583984375,90.59928656361474
elecNormNew,OzaBag,25,1,1,155,1,18569.0,119.85299682617188,101.0,154.93145751953125,86.2943615703592
airlines,LBagExecutorMAXChunk,25,4,50,107,3,9800.0,121.24600219726562,613.0,80.82740783691406,61.5897435897436
airlines,OzaBagAdwinExecutorMAXChunk,25,4,50,341,3,40700.0,119.96399688720703,141.0,339.2684631347656,86.10332103321034
elecNormNew,StreamingRandomPatchesExecutorMAXChunk,25,4,50,355,2,41950.0,120.01000213623047,140.0,349.55419921875,80.92601431980907
GMSC,LBagExecutorMAXChunk,25,4,50,818,2,97550.0,120.01799774169922,47.0,812.7947387695312,93.33333333333333
GMSC,StreamingRandomPatches,25,1,1,29,1,3000.0,119.98699951171875,171.0,25.002708435058594,94.19999999999999
GMSC,OzaBagAdwinExecutorMAXChunk,25,4,50,2013,3,150000.0,74.79100036621094,19.0,2005.5888671875,93.33111037012337
elecNormNew,LeveragingBag,25,1,1,254,1,29950.0,119.92500305175781,1127.0,249.73941040039062,90.03005008347246
airlines,OzaBag,25,1,1,154,1,12353.0,120.01699829101562,9164.0,102.92708587646484,63.6444588359103
GMSC,StreamingRandomPatchesExecutorMAXChunk,25,4,50,479,3,56850.0,120.03700256347656,88.0,473.6039733886719,93.44894366197182
GMSC,OzaBagASHT,25,1,1,1115,1,132967.0,119.98400115966797,619.0,1108.2060546875,93.41189919303285
covtypeNorm,LeveragingBag,25,1,1,75,1,8986.0,120.01300048828125,543.0,74.8752212524414,73.0135766748275
airlines,LeveragingBag,25,1,1,23,1,2396.0,120.0009994506836,1037.0,19.966501235961914,71.86978297161937
elecNormNew,LBagExecutorMAXChunk,25,4,50,131,3,15550.0,119.86900329589844,237.0,129.72494506835938,92.15483870967742
GMSC,StreamingRandomPatchesExecutorMAXChunk,25,4,50,862,3,87650.0,120.01799774169922,68.0,730.30712890625,93.4771689497717
GMSC,AdaptiveRandomForestSequential,25,1,1,52,1,5994.0,120.0009994506836,179.0,49.9495849609375,93.71037704371038
covtypeNorm,OzaBagASHTExecutorMAXChunk,25,4,50,2437,3,287300.0,120.02400207519531,18.0,2393.68798828125,76.88494342906876
airlines,OzaBagExecutorMAXChunk,25,4,50,178,2,20965.0,119.91699981689453,250.0,174.82925415039062,63.48075543868037
GMSC,OzaBagExecutorMAXChunk,25,4,50,3318,2,150000.0,45.38600158691406,14.0,3304.98388671875,93.44248082694232
GMSC,LBagExecutorMAXChunk,25,4,50,203,3,23950.0,119.87699890136719,133.0,199.78811645507812,93.53556485355648
GMSC,OzaBagAdwinExecutorMAXChunk,25,4,50,402,3,47900.0,119.93499755859375,65.0,399.38299560546875,93.56948798328108
elecNormNew,AdaptiveRandomForestExecutorMAXChunk,25,4,50,397,2,44243.0,114.96099853515625,109.0,384.8522644042969,80.03756250989976
airlines,AdaptiveRandomForestExecutorMAXChunk,25,4,50,110,3,9450.0,120.03099822998047,634.0,78.72966003417969,65.08510638297872
elecNormNew,AdaptiveRandomForestSequential,25,1,1,31,1,3600.0,119.99600219726562,102.0,30.000999450683594,88.75
airlines,OzaBagASHTExecutorMAXChunk,25,4,50,1899,3,106650.0,120.05000305175781,56.0,888.3798217773438,63.72138836772984
elecNormNew,OzaBagExecutorMAXChunk,25,4,50,1276,2,44878.0,35.56999969482422,31.0,1261.68115234375,78.92388685642902
airlines,OzaBagASHTExecutorMAXChunk,25,4,50,353,2,33100.0,120.57099914550781,182.0,274.52703857421875,65.05295007564297
elecNormNew,OzaBagAdwinExecutorMAXChunk,25,4,50,215,2,25757.0,119.87699890136719,135.0,214.86190795898438,81.58089236394757
airlines,StreamingRandomPatchesExecutorMAXChunk,25,4,50,215,3,8200.0,120.30599975585938,733.0,68.1595230102539,66.09815950920246
airlines,OzaBagAdwinExecutorMAXChunk,25,4,50,44,2,4800.0,120.1510009765625,744.0,39.949729919433594,68.37894736842105
airlines,AdaptiveRandomForestExecutorMAXChunk,25,4,50,198,3,10650.0,121.62999725341797,570.0,87.56063842773438,65.23584905660378
GMSC,LBagExecutorMAXChunk,25,4,50,1833,3,142950.0,83.72899627685547,29.0,1707.2938232421875,93.30510846745976
airlines,OzaBagASHT,25,1,1,18,1,1798.0,119.96299743652344,135.0,14.987955093383789,73.63737486095661
GMSC,OzaBagASHTExecutorMAXChunk,25,4,50,3642,3,147250.0,41.3120002746582,11.0,3564.339599609375,93.33016304347827
GMSC,OzaBagASHTExecutorMAXChunk,25,4,50,3318,2,150000.0,45.36000061035156,14.0,3306.878173828125,93.39046348782928
elecNormNew,OzaBag,25,1,1,1395,1,38109.0,39.426998138427734,3438.0,966.5711669921875,81.99375475609436
elecNormNew,LBagExecutorMAXChunk,25,4,50,600,2,44808.0,75.66899871826172,69.0,592.157958984375,81.23017114258903
