elecNormNew,AdaptiveRandomForestExecutorMAXChunk,25,4,50,192,22762.0,119.91500091552734,81.71891511095455,81.67260969561913,80.84255211548891,0
GMSC,LBagExecutorMAXChunk,25,4,500,166,19767.0,119.81400299072266,93.53817408003322,71.58840503291557,52.65348579653695,31.0
GMSC,OzaBagASHTExecutorMAXChunk,25,4,500,4420,144063.0,34.082000732421875,93.3325439005872,75.1,51.2,
covtypeNorm,AdaptiveRandomForestExecutorMAXChunk,25,4,500,61,7200.0,119.99199676513672,56.40298507462687,48.28198569485195,?,0
covtypeNorm,StreamingRandomPatchesExecutorMAXChunk,25,4,2000,80,9584.0,119.81400299072266,48.628691983122366,44.40922373787107,?,0
elecNormNew,OzaBagAdwinExecutorMAXChunk,25,4,50,668,45312.0,68.25399780273438,79.38005390835579,79.28094863421516,78.21225315358699,0
elecNormNew,OzaBagASHTExecutorMAXChunk,25,4,2000,2541,41037.0,18.268999099731445,74.02208161487819,73.361243080833,72.72131483592642,0
airlines,LBagExecutorMAXChunk,25,4,2000,91,8000.0,322.6000061035156,57.199999999999996,55.71290284500059,53.40951913732642,4.0
elecNormNew,LBagExecutorMAXChunk,25,4,2000,1142,39896.0,39.76900100708008,75.44595735697699,?,?,20.0
GMSC,StreamingRandomPatchesExecutorMAXChunk,25,4,50,559,66400.0,120.04000091552734,93.41672946495855,76.53818365542504,52.38907012740557,0
elecNormNew,AdaptiveRandomForestExecutorMAXChunk,25,4,2000,71,8400.0,120.0,78.71875,80.34332532859109,76.50950169432947,0
GMSC,AdaptiveRandomForestExecutorMAXChunk,25,4,2000,106,12580.0,120.00599670410156,93.27977315689981,66.08623383032321,51.398841574127715,0
covtypeNorm,OzaBagAdwinExecutorMAXChunk,25,4,500,685,80000.0,120.11000061035156,82.2566037735849,53.97886381053569,52.46012506382418,0
elecNormNew,StreamingRandomPatchesExecutorMAXChunk,25,4,50,37,4200.0,120.03800201416016,81.87951807228916,81.47162814150045,80.12125092188451,0
GMSC,OzaBagASHTExecutorMAXChunk,25,4,2000,2286,150000.0,66.0999984741211,93.35337837837838,75.5,51.7,
covtypeNorm,StreamingRandomPatchesExecutorMAXChunk,25,4,2000,16,1800.0,119.94999694824219,0.0,?,?,0
GMSC,OzaBagExecutorMAXChunk,25,4,500,2334,150000.0,64.47200012207031,93.49431438127091,77.5257064214034,53.523715452614404,0
airlines,OzaBagAdwinExecutorMAXChunk,25,4,2000,308,28000.0,140.61099243164062,63.08846153846154,60.852891978121534,59.64347908278758,0
elecNormNew,AdaptiveRandomForestExecutorMAXChunk,25,4,2000,192,22762.0,119.83799743652344,78.65812542144303,?,51.57677514996421,0
elecNormNew,StreamingRandomPatchesExecutorMAXChunk,25,4,50,4,2400.0,120.05000305175781,78.17021276595744,77.81122702434178,76.29055914211177,0
covtypeNorm,StreamingRandomPatchesExecutorMAXChunk,25,4,500,81,9500.0,120.8219985961914,57.28888888888889,51.11232804741708,?,0
GMSC,OzaBagExecutorMAXChunk,25,4,500,4202,142244.0,35.821998596191406,93.40571734958799,77.19166888279612,52.27179579610366,0
airlines,StreamingRandomPatchesExecutorMAXChunk,25,4,500,18,1800.0,119.9520034790039,74.23076923076923,60.95959595959596,53.751127538336306,0
covtypeNorm,AdaptiveRandomForestExecutorMAXChunk,25,4,50,58,6600.0,120.10800170898438,72.97709923664122,61.61774922146519,?,0
covtypeNorm,OzaBagAdwinExecutorMAXChunk,25,4,50,72,8400.0,120.1050033569336,67.60479041916167,?,?,0
covtypeNorm,StreamingRandomPatchesExecutorMAXChunk,25,4,2000,20
elecNormNew,LBagExecutorMAXChunk,25,4,50,1029,43230.0,44.38999938964844,81.84807781380269,81.75652690842546,80.8678261384048,860.0
covtypeNorm,OzaBagAdwinExecutorMAXChunk,25,4,500,72,8400.0,119.99800109863281,54.69620253164557,?,?,0
covtypeNorm,OzaBagASHTExecutorMAXChunk,25,4,500,715,82500.0,120.23400115966797,79.85365853658537,53.93452784973599,53.151602450354694,0
airlines,OzaBagAdwinExecutorMAXChunk,25,4,500,224,26356.0,119.83399963378906,64.99071782178217,62.88149132705809,60.96281815920832,0
elecNormNew,AdaptiveRandomForestExecutorMAXChunk,25,4,50,700,43613.0,64.89700317382812,80.69692169960746,80.53646458276036,79.70049719078638,0
airlines,OzaBagASHTExecutorMAXChunk,25,4,500,83,9500.0,120.16000366210938,62.72222222222222,61.75983798935587,58.39024528417971,0
GMSC,OzaBagAdwinExecutorMAXChunk,25,4,500,3699,145560.0,41.38600158691406,93.4365090307459,77.18442498633114,52.70908141915742,0
GMSC,OzaBagAdwinExecutorMAXChunk,25,4,2000,3429,145474.0,43.814998626708984,93.4434113497916,77.86283540877751,52.71827254177427,0
elecNormNew,OzaBagAdwinExecutorMAXChunk,25,4,500,1297,45077.0,35.007999420166016,78.1053009399466,77.94534912496441,76.8740162299818,0
covtypeNorm,StreamingRandomPatchesExecutorMAXChunk,25,4,500,20,2400.0,119.95600128173828,49.42105263157895,?,?,0
covtypeNorm,StreamingRandomPatchesExecutorMAXChunk,25,4,50,4,2400.0,120.16999816894531,70.12765957446808,65.14007761239996,?,0
GMSC,OzaBagASHTExecutorMAXChunk,25,4,50,3740,150000.0,40.21200180053711,93.37712570856952,75.1,51.9,
elecNormNew,LBagExecutorMAXChunk,25,4,2000,33,3600.0,119.96700286865234,74.8125,75.05894909716886,72.79784871927771,2.0
covtypeNorm,StreamingRandomPatchesExecutorMAXChunk,25,4,500,16,1800.0,119.947998046875,49.61538461538461,?,?,0
covtypeNorm,OzaBagASHTExecutorMAXChunk,25,4,2000,659,72000.0,121.00900268554688,77.30428571428571,50.46001263515403,?,0
covtypeNorm,OzaBagASHTExecutorMAXChunk,25,4,2000,60,7200.0,119.99199676513672,46.92307692307692,?,?,0
GMSC,OzaBagASHTExecutorMAXChunk,25,4,500,172,20366.0,119.81900024414062,93.57696566998892,75.3,51.1,
covtypeNorm,OzaBagASHTExecutorMAXChunk,25,4,500,33,3600.0,119.96199798583984,49.74193548387097,?,?,0
GMSC,OzaBagASHTExecutorMAXChunk,25,4,50,415,49717.0,119.9280014038086,93.3295749692955,75.2,51.1,
elecNormNew,OzaBagAdwinExecutorMAXChunk,25,4,50,1127,45312.0,40.41299819946289,79.84622862445319,79.8897886137718,78.55313343755238,0
airlines,AdaptiveRandomForestExecutorMAXChunk,25,4,500,82,8500.0,121.08799743652344,64.8,63.73057082202842,60.52438711225325,0
elecNormNew,LBagExecutorMAXChunk,25,4,500,33,3600.0,119.9749984741211,78.64516129032259,77.93004855794969,77.15861897973099,8.0
GMSC,StreamingRandomPatchesExecutorMAXChunk,25,4,2000,91,10783.0,120.00199890136719,93.20277809404531,63.350078014994104,50.58148473374654,0
covtypeNorm,OzaBagExecutorMAXChunk,25,4,2000,9,600.0,119.93599700927734,0.0,?,?,0
covtypeNorm,OzaBagASHTExecutorMAXChunk,25,4,500,60,7200.0,119.99500274658203,53.07462686567164,?,?,0
GMSC,OzaBagASHTExecutorMAXChunk,25,4,2000,4115,142893.0,36.65599822998047,93.42479754139667,75.5,51.4,
elecNormNew,AdaptiveRandomForestExecutorMAXChunk,25,4,500,107,12579.0,119.85900115966797,80.0562960509976,79.84887886120966,79.52747668252651,0
elecNormNew,LBagExecutorMAXChunk,25,4,2000,303,35765.0,119.86799621582031,74.90300607137569,?,36.47610655185478,18.0
elecNormNew,LBagExecutorMAXChunk,25,4,50,168,19767.0,119.8740005493164,83.16173860120708,83.11767389492847,82.58254630531451,391.0
covtypeNorm,OzaBagASHTExecutorMAXChunk,25,4,2000,33,3600.0,119.96299743652344,42.25,?,?,0
elecNormNew,OzaBagExecutorMAXChunk,25,4,50,2459,42884.0,18.51300048828125,78.8299014801326,78.456672643184,77.9420294308536,0
GMSC,OzaBagASHTExecutorMAXChunk,25,4,500,1552,150000.0,96.99600219726562,93.38996655518395,75.0,51.7,
airlines,OzaBagExecutorMAXChunk,25,4,500,1046,23500.0,120.4219970703125,65.64782608695651,61.127374742930144,58.49275152267855,0
covtypeNorm,OzaBagExecutorMAXChunk,25,4,500,9,600.0,119.93599700927734,62.0,?,?,0
covtypeNorm,StreamingRandomPatchesExecutorMAXChunk,25,4,2000,144,16000.0,125.03399658203125,49.385714285714286,43.183694213422484,?,0
airlines,AdaptiveRandomForestExecutorMAXChunk,25,4,500,148,8000.0,121.322998046875,64.45333333333333,62.91990591661134,59.695349787477824,0
elecNormNew,AdaptiveRandomForestExecutorMAXChunk,25,4,2000,355,41497.0,119.88999938964844,76.79823784084867,?,?,0
GMSC,AdaptiveRandomForestExecutorMAXChunk,25,4,2000,530,63297.0,119.91400146484375,93.4417671337912,75.59226435363679,54.12053436709105,0
elecNormNew,LBagExecutorMAXChunk,25,4,500,658,44004.0,69.58300018310547,77.68021331371828,77.4630523778381,76.5553343538558,88.0
covtypeNorm,AdaptiveRandomForestExecutorMAXChunk,25,4,2000,96,11382.0,120.00499725341797,41.21722447239395,38.67063027363353,?,0
GMSC,OzaBagExecutorMAXChunk,25,4,2000,2260,150000.0,66.76200103759766,93.42567567567568,77.9377465951447,52.20077153210087,0
elecNormNew,OzaBagAdwinExecutorMAXChunk,25,4,500,74,8387.0,120.00700378417969,79.8529225307468,79.27717212426357,79.58523245756491,0
elecNormNew,StreamingRandomPatchesExecutorMAXChunk,25,4,2000,42,4800.0,119.98200225830078,76.60714285714286,80.30517671917019,71.57762271535657,0
covtypeNorm,AdaptiveRandomForestExecutorMAXChunk,25,4,2000,53,6000.0,122.88500213623047,46.0,37.23073649248025,?,0
GMSC,OzaBagASHTExecutorMAXChunk,25,4,50,1552,150000.0,96.99800109863281,93.35845281760587,75.6,51.6,
airlines,OzaBagExecutorMAXChunk,25,4,2000,566,24000.0,154.02499389648438,63.236363636363635,60.47533401403455,59.16735303428643,0
elecNormNew,OzaBagASHTExecutorMAXChunk,25,4,50,320,38336.0,119.88500213623047,77.103902209685,77.64430179778444,74.79781102713599,0
elecNormNew,OzaBagAdwinExecutorMAXChunk,25,4,50,371,44326.0,119.91500091552734,80.01400307164153,79.94069319301764,78.83646347283818,0
GMSC,OzaBagExecutorMAXChunk,25,4,2000,1019,121394.0,119.8499984741211,93.47789671172755,78.58252961770098,52.47511561891849,0
GMSC,LBagExecutorMAXChunk,25,4,2000,1505,30000.0,123.552001953125,93.38571428571429,69.71201203674072,52.50187200352189,0.0
elecNormNew,OzaBagASHTExecutorMAXChunk,25,4,50,35,4200.0,119.99600219726562,83.80722891566265,82.95597158913459,83.47029439980696,0
GMSC,AdaptiveRandomForestExecutorMAXChunk,25,4,2000,29,3000.0,119.96399688720703,94.6,61.81844338944037,51.69734911878344,0
elecNormNew,OzaBagExecutorMAXChunk,25,4,500,2632,37282.0,20.393999099731445,76.73862215213964,76.20418256347935,75.87709357647714,0
elecNormNew,OzaBagExecutorMAXChunk,25,4,2000,473,45312.0,96.67400360107422,75.8912079793129,75.69729077628891,74.5283909816892,0
GMSC,OzaBagExecutorMAXChunk,25,4,50,566,67687.0,119.95800018310547,93.44145955616008,77.08148527911563,52.3655224658574,0
elecNormNew,OzaBagExecutorMAXChunk,25,4,2000,279,32945.0,119.86900329589844,76.30958151559219,?,36.8596389558031,0
GMSC,OzaBagExecutorMAXChunk,25,4,2000,452,53910.0,119.90499877929688,93.30379502985937,71.8608002523887,51.32247038048185,0
covtypeNorm,LBagExecutorMAXChunk,25,4,500,7,600.0,119.93699645996094,61.0,?,?,0.0
elecNormNew,OzaBagASHTExecutorMAXChunk,25,4,50,178,20965.0,119.85099792480469,80.94190772173081,81.34699238626555,79.89643532871331,0
GMSC,OzaBagAdwinExecutorMAXChunk,25,4,50,1957,150000.0,76.88200378417969,93.34911637212404,75.9469815855344,50.80026588580762,0
elecNormNew,OzaBagASHTExecutorMAXChunk,25,4,2000,35,4200.0,119.9729995727539,81.68181818181817,80.75452675107731,81.22296551276223,0
airlines,OzaBagASHTExecutorMAXChunk,25,4,2000,92,10800.0,120.0,60.02272727272727,60.32586135325862,58.19577335884849,0
elecNormNew,OzaBagExecutorMAXChunk,25,4,50,852,45312.0,53.426998138427734,79.18563033007821,79.03146339022456,78.05638964703942,0
airlines,OzaBagASHTExecutorMAXChunk,25,4,50,450,31700.0,120.54199981689453,64.97630331753554,62.42613460801471,60.774508595098354,0
covtypeNorm,OzaBagAdwinExecutorMAXChunk,25,4,2000,40,4800.0,119.97899627685547,47.714285714285715,?,?,0
GMSC,OzaBagASHTExecutorMAXChunk,25,4,500,2455,150000.0,61.270999908447266,93.34916387959866,75.9,51.0,
elecNormNew,OzaBagAdwinExecutorMAXChunk,25,4,50,2029,43242.0,23.2810001373291,79.42674569364698,79.32890552512211,78.26922816795869,0
airlines,OzaBagAdwinExecutorMAXChunk,25,4,500,44,4800.0,119.97799682617188,66.95348837209303,60.08048555874461,54.937792577296186,0
covtypeNorm,LBagExecutorMAXChunk,25,4,2000,35,4000.0,120.68599700927734,35.099999999999994,?,?,3.0
elecNormNew,OzaBagExecutorMAXChunk,25,4,500,852,45312.0,53.402000427246094,77.4390788181737,77.20957137541288,76.21631978657223,0
GMSC,OzaBagASHTExecutorMAXChunk,25,4,500,491,58702.0,119.9020004272461,93.32668980447407,75.3,51.7,
covtypeNorm,AdaptiveRandomForestExecutorMAXChunk,25,4,50,293,34700.0,120.0009994506836,79.5064935064935,63.771471427150296,?,0
covtypeNorm,OzaBagAdwinExecutorMAXChunk,25,4,500,380,45358.0,119.91699981689453,76.36096125551741,53.48460063656933,53.73844556161305,0
GMSC,LBagExecutorMAXChunk,25,4,2000,167,19767.0,119.81500244140625,93.459784994653,70.01450406232875,51.75125841330994,0.0
GMSC,LBagExecutorMAXChunk,25,4,50,33,3600.0,120.0,94.02816901408451,67.17887397677518,54.26987591232242,0.0
airlines,AdaptiveRandomForestExecutorMAXChunk,25,4,50,14,1200.0,120.3030014038086,74.86956521739131,57.827038861521615,54.766666666666666,0
elecNormNew,StreamingRandomPatchesExecutorMAXChunk,25,4,500,377,42500.0,120.48300170898438,78.12857142857142,77.89702097899809,77.00051587542535,0
GMSC,OzaBagASHTExecutorMAXChunk,25,4,2000,457,54509.0,119.9020004272461,93.30210059227942,75.4,51.4,
GMSC,StreamingRandomPatchesExecutorMAXChunk,25,4,50,18,1800.0,120.11900329589844,94.57142857142857,80.64300705972143,51.01143692059653,0
elecNormNew,OzaBagExecutorMAXChunk,25,4,2000,852,44437.0,53.400001525878906,74.588213115913,?,49.252560787218975,0
elecNormNew,OzaBagExecutorMAXChunk,25,4,2000,2515,38728.0,18.420000076293945,75.83315181877587,75.37947174591947,74.48588474873623,0
airlines,LBagExecutorMAXChunk,25,4,50,15,1800.0,120.1259994506836,73.2,58.38991919781931,54.92896450280513,0.0
covtypeNorm,LBagExecutorMAXChunk,25,4,2000,7,600.0,119.93099975585938,0.0,?,?,0.0
elecNormNew,OzaBagExecutorMAXChunk,25,4,2000,1397,43129.0,32.49399948120117,75.86374577548688,75.3981458172615,74.9508290293293,0
GMSC,OzaBagASHTExecutorMAXChunk,25,4,2000,862,103028.0,119.9990005493164,93.3810428792018,75.7,51.4,
airlines,OzaBagASHTExecutorMAXChunk,25,4,500,752,32000.0,120.9229965209961,65.29523809523809,62.374860363562505,60.43045118159124,0
GMSC,OzaBagASHTExecutorMAXChunk,25,4,2000,1552,150000.0,97.26000213623047,93.37297297297297,75.1,51.6,
covtypeNorm,StreamingRandomPatchesExecutorMAXChunk,25,4,2000,4
GMSC,AdaptiveRandomForestExecutorMAXChunk,25,4,500,126,14976.0,120.00599670410156,93.5134014921249,72.90108514190317,52.57981373679939,0
GMSC,LBagExecutorMAXChunk,25,4,2000,166,19767.0,119.81999969482422,93.34721675015479,67.66237259221795,52.577224725671634,0.0
GMSC,LBagExecutorMAXChunk,25,4,50,166,19767.0,119.86000061035156,93.53349901100573,70.54821835067582,52.4775422813423,0.0
GMSC,OzaBagExecutorMAXChunk,25,4,500,113,13178.0,119.81400299072266,93.39801230477993,67.35745389582597,50.75794904892981,0
elecNormNew,OzaBagExecutorMAXChunk,25,4,50,473,45312.0,96.66899871826172,78.46758870575758,78.32360160402283,77.26723576816248,0
GMSC,LBagExecutorMAXChunk,25,4,500,33,3600.0,119.96900177001953,93.93548387096774,67.6168483747224,55.368417814487536,0.0
covtypeNorm,AdaptiveRandomForestExecutorMAXChunk,25,4,500,554,62838.0,119.9990005493164,82.00455580865604,52.402896192492875,47.56194591397539,0
airlines,StreamingRandomPatchesExecutorMAXChunk,25,4,500,170,7000.0,124.21199798583984,65.3076923076923,63.059540130029724,58.19193586233789,0
airlines,OzaBagExecutorMAXChunk,25,4,500,581,25000.0,131.86900329589844,64.0530612244898,61.48722723361087,60.12170856324561,0
covtypeNorm,StreamingRandomPatchesExecutorMAXChunk,25,4,50,37,4200.0,120.16300201416016,75.90361445783132,65.2703868143394,?,0
GMSC,OzaBagASHTExecutorMAXChunk,25,4,50,172,20366.0,119.83799743652344,93.61586926560346,75.6,51.5,
airlines,OzaBagExecutorMAXChunk,25,4,500,116,13778.0,120.00900268554688,62.37385148365717,62.53658294216255,60.37144465193827,0
GMSC,OzaBagExecutorMAXChunk,25,4,50,3540,149834.0,42.47200012207031,93.51132297174598,78.22827075377113,53.48001379309576,0
GMSC,StreamingRandomPatchesExecutorMAXChunk,25,4,500,481,57500.0,121.08399963378906,93.40701754385965,77.02595460161064,52.23292817636044,0
elecNormNew,OzaBagExecutorMAXChunk,25,4,500,473,45312.0,96.66300201416016,77.81397839864323,77.61253423610331,76.59071193406095,0
elecNormNew,AdaptiveRandomForestExecutorMAXChunk,25,4,50,77,8986.0,120.01100158691406,80.55058191584602,80.29136006540132,79.73109858355168,0
covtypeNorm,OzaBagASHTExecutorMAXChunk,25,4,500,6,600.0,119.93399810791016,61.0,?,?,0
GMSC,LBagExecutorMAXChunk,25,4,50,135,16173.0,119.84200286865234,93.4937666687341,69.6225548041574,51.98445205758904,0.0
covtypeNorm,AdaptiveRandomForestExecutorMAXChunk,25,4,50,527,60450.0,120.03299713134766,86.48509933774834,65.64867056067904,62.33785624079713,0
GMSC,OzaBagASHTExecutorMAXChunk,25,4,50,2077,150000.0,72.47599792480469,93.38112704234744,75.9,51.4,
GMSC,StreamingRandomPatchesExecutorMAXChunk,25,4,500,18,1800.0,119.9540023803711,94.53846153846153,77.33590733590734,52.00190010857764,0
GMSC,StreamingRandomPatchesExecutorMAXChunk,25,4,500,164,19168.0,119.81900024414062,93.57724448253695,73.16711395920352,51.17062710666009,0
airlines,OzaBagAdwinExecutorMAXChunk,25,4,500,403,33000.0,122.69100189208984,65.03076923076922,62.57519695758616,60.636800713975326,0
airlines,AdaptiveRandomForestExecutorMAXChunk,25,4,50,130,8600.0,120.31999969482422,65.90643274853801,64.48480669128442,61.29260900527345,0
elecNormNew,LBagExecutorMAXChunk,25,4,500,168,19767.0,119.8280029296875,79.47786370478019,79.40093417911808,78.68795046851776,40.0
airlines,StreamingRandomPatchesExecutorMAXChunk,25,4,2000,144,8000.0,158.25999450683594,60.93333333333333,61.206592664910644,57.56473544034853,0
airlines,OzaBagAdwinExecutorMAXChunk,25,4,50,228,26900.0,120.03500366210938,67.58659217877096,66.16428966279713,62.77509682301739,0
covtypeNorm,LBagExecutorMAXChunk,25,4,50,63,7200.0,120.23500061035156,69.21678321678321,?,?,128.0
elecNormNew,AdaptiveRandomForestExecutorMAXChunk,25,4,500,718,39494.0,64.55899810791016,77.24008821870031,76.99475597033359,75.98839959341836,0
covtypeNorm,OzaBagASHTExecutorMAXChunk,25,4,50,70,8387.0,120.00499725341797,61.712846347607055,?,?,0
elecNormNew,AdaptiveRandomForestExecutorMAXChunk,25,4,500,21,2400.0,119.96499633789062,74.63157894736842,73.72994417722852,71.98344957044154,0
airlines,LBagExecutorMAXChunk,25,4,500,153,7000.0,125.98899841308594,62.44615384615385,58.33598082042683,55.68571072863834,11.0
covtypeNorm,OzaBagASHTExecutorMAXChunk,25,4,50,6,600.0,120.04100036621094,61.45454545454545,?,?,0
covtypeNorm,AdaptiveRandomForestExecutorMAXChunk,25,4,50,10,1200.0,120.07499694824219,60.17391304347826,?,?,0
covtypeNorm,OzaBagASHTExecutorMAXChunk,25,4,2000,73,8400.0,119.99800109863281,45.328125,?,?,0
GMSC,OzaBagAdwinExecutorMAXChunk,25,4,50,391,46722.0,119.91000366210938,93.41789509770312,76.61515850072101,51.69963403596679,0
GMSC,AdaptiveRandomForestExecutorMAXChunk,25,4,50,148,17371.0,119.84100341796875,93.53386063160326,71.6768704147096,52.2431365008722,0
GMSC,OzaBagExecutorMAXChunk,25,4,2000,566,67687.0,119.9229965209961,93.3609389985842,74.76692536186155,52.05763198783349,0
elecNormNew,StreamingRandomPatchesExecutorMAXChunk,25,4,500,23,2400.0,119.96199798583984,76.78947368421053,76.13048696266824,74.3049005440919,0
covtypeNorm,AdaptiveRandomForestExecutorMAXChunk,25,4,500,10,1200.0,119.94000244140625,51.42857142857142,?,?,0
GMSC,AdaptiveRandomForestExecutorMAXChunk,25,4,50,125,14976.0,120.01000213623047,93.43427576041806,68.38058702297768,51.87841064758049,0
GMSC,OzaBagExecutorMAXChunk,25,4,500,466,55707.0,119.90699768066406,93.43561504881627,75.84183203861579,53.22167014062495,0
airlines,StreamingRandomPatchesExecutorMAXChunk,25,4,50,159,7250.0,122.38600158691406,66.48611111111111,64.42401694822435,59.34705009705312,0
GMSC,LBagExecutorMAXChunk,25,4,2000,33,3600.0,119.96900177001953,94.125,63.958858102434924,51.95732155997057,0.0
GMSC,StreamingRandomPatchesExecutorMAXChunk,25,4,2000,286,34000.0,121.89399719238281,93.459375,74.66976055959107,51.74550749182437,0
covtypeNorm,OzaBagAdwinExecutorMAXChunk,25,4,50,61,7189.0,120.0009994506836,67.02619414483821,?,?,0
GMSC,AdaptiveRandomForestExecutorMAXChunk,25,4,2000,148,17372.0,120.00800323486328,93.53369763205829,75.60511206614552,52.353836406553356,0
GMSC,LBagExecutorMAXChunk,25,4,500,1482,148561.0,101.7969970703125,93.51010732063136,76.61950219178078,54.58166776096888,107.0
elecNormNew,StreamingRandomPatchesExecutorMAXChunk,25,4,2000,353,38000.0,120.86900329589844,74.93333333333332,75.09888634463704,72.91466445182286,0
elecNormNew,StreamingRandomPatchesExecutorMAXChunk,25,4,500,41,4800.0,119.98600006103516,80.53488372093022,80.17952496488128,78.15570419511768,0
covtypeNorm,LBagExecutorMAXChunk,25,4,500,63,7198.0,120.0009994506836,53.47865034338608,46.25190046467518,?,14.0
GMSC,AdaptiveRandomForestExecutorMAXChunk,25,4,500,267,31747.0,119.8489990234375,93.52257816750408,73.65912624681516,52.626013867625666,0
GMSC,LBagExecutorMAXChunk,25,4,50,675,80800.0,120.01499938964844,93.37832817337461,72.30993302961656,52.62522445333477,762.0
airlines,LBagExecutorMAXChunk,25,4,500,17,1800.0,119.95099639892578,71.6923076923077,56.809374982774685,53.88266058188835,0.0
covtypeNorm,OzaBagASHTExecutorMAXChunk,25,4,500,397,47000.0,120.09600067138672,73.96344086021506,50.76742927423632,52.177868580380995,0
GMSC,OzaBagExecutorMAXChunk,25,4,2000,4068,143965.0,36.95399856567383,93.43922797872715,78.97513612857121,52.26080553058815,0
elecNormNew,StreamingRandomPatchesExecutorMAXChunk,25,4,50,23,2400.0,120.04100036621094,80.2127659574468,80.1510666375369,78.30889866676284,0
airlines,StreamingRandomPatchesExecutorMAXChunk,25,4,500,94,7000.0,127.80599975585938,64.98461538461538,62.66838545824713,57.59821445679646,0
GMSC,LBagExecutorMAXChunk,25,4,2000,299,35341.0,119.85900115966797,93.41951351189226,73.3100934635976,53.136408965703396,0.0
covtypeNorm,OzaBagAdwinExecutorMAXChunk,25,4,500,40,4800.0,119.97699737548828,56.06976744186046,?,?,0
GMSC,LBagExecutorMAXChunk,25,4,50,299,35341.0,119.89700317382812,93.38924938369556,70.3474382004397,51.74477713240342,205.0
GMSC,AdaptiveRandomForestExecutorMAXChunk,25,4,2000,955,110000.0,121.89800262451172,93.54907407407408,76.56039420485175,54.516878815232005,0
elecNormNew,AdaptiveRandomForestExecutorMAXChunk,25,4,50,107,12579.0,119.82099914550781,81.37121877244792,81.10213589883222,81.09487539620926,0
GMSC,StreamingRandomPatchesExecutorMAXChunk,25,4,50,164,19168.0,119.86100006103516,93.64473271262685,76.53650884274612,51.360337117867616,0
covtypeNorm,OzaBagAdwinExecutorMAXChunk,25,4,50,40,4800.0,120.1500015258789,70.02105263157895,?,?,0
elecNormNew,AdaptiveRandomForestExecutorMAXChunk,25,4,2000,21,2400.0,119.95899963378906,67.25,77.99019607843137,64.37888746191231,0
airlines,OzaBagAdwinExecutorMAXChunk,25,4,2000,554,28000.0,143.281005859375,62.94615384615385,60.67002595718862,59.41278812040619,0
covtypeNorm,OzaBagAdwinExecutorMAXChunk,25,4,50,549,64650.0,120.00700378417969,83.35448916408669,62.96945529313154,61.71449218501935,0
covtypeNorm,StreamingRandomPatchesExecutorMAXChunk,25,4,500,4,2400.0,119.9520034790039,49.21052631578947,?,?,0
airlines,StreamingRandomPatchesExecutorMAXChunk,25,4,50,17,1800.0,120.7300033569336,75.02857142857144,59.8772950782695,53.1306020099766,0
covtypeNorm,OzaBagAdwinExecutorMAXChunk,25,4,2000,306,36000.0,121.51699829101562,66.28823529411764,?,?,0
elecNormNew,OzaBagASHTExecutorMAXChunk,25,4,500,2689,35758.0,18.5,77.27891542345,76.80249898294193,76.15169635391894,0
covtypeNorm,OzaBagAdwinExecutorMAXChunk,25,4,500,76,8986.0,120.00299835205078,54.39547489983503,?,?,0
GMSC,OzaBagExecutorMAXChunk,25,4,2000,113,13179.0,120.00399780273438,93.35360944628322,71.87246141348498,53.125182165266004,0
elecNormNew,AdaptiveRandomForestExecutorMAXChunk,25,4,2000,107,12579.0,119.82099914550781,79.41204272615559,79.66479633440038,78.61908706504377,0
GMSC,StreamingRandomPatchesExecutorMAXChunk,25,4,500,91,10783.0,120.00299835205078,93.37741904113585,67.19950208645268,50.597031151443694,0
covtypeNorm,AdaptiveRandomForestExecutorMAXChunk,25,4,500,96,11382.0,120.0009994506836,53.26226796544753,45.78630454782825,?,0
covtypeNorm,LBagExecutorMAXChunk,25,4,50,44,4800.0,120.16500091552734,71.2,59.245166580881914,?,80.0
elecNormNew,OzaBagASHTExecutorMAXChunk,25,4,50,261,31148.0,119.87899780273438,79.46813299890668,80.65905982597434,77.3386905536094,0
airlines,StreamingRandomPatchesExecutorMAXChunk,25,4,50,88,7350.0,123.28099822998047,66.17808219178082,64.16215375038905,59.07209547601436,0
elecNormNew,StreamingRandomPatchesExecutorMAXChunk,25,4,50,338,39850.0,120.09400177001953,81.16834170854271,81.11162285982081,79.87779136155163,0
airlines,OzaBagASHTExecutorMAXChunk,25,4,2000,461,30000.0,136.8769989013672,63.79285714285714,61.41987657576098,59.91619848795749,0
GMSC,StreamingRandomPatchesExecutorMAXChunk,25,4,500,53,6000.0,120.6259994506836,93.78181818181818,68.83889496717724,50.9422024623803,0
airlines,AdaptiveRandomForestExecutorMAXChunk,25,4,500,16,1800.0,119.9469985961914,73.46153846153847,60.777747557852265,55.97823183131083,0
covtypeNorm,LBagExecutorMAXChunk,25,4,500,255,30500.0,120.33599853515625,73.81,55.96539519557459,?,61.0
elecNormNew,AdaptiveRandomForestExecutorMAXChunk,25,4,500,399,45256.0,114.8949966430664,77.86218607560997,77.51542077660933,76.83474141887274,0
covtypeNorm,AdaptiveRandomForestExecutorMAXChunk,25,4,500,53,6000.0,120.9010009765625,59.290909090909096,49.0126436378415,?,0
covtypeNorm,AdaptiveRandomForestExecutorMAXChunk,25,4,2000,528,55510.0,119.94200134277344,83.23864698187255,49.473157617655104,45.36276243562084,0
GMSC,AdaptiveRandomForestExecutorMAXChunk,25,4,50,1129,128100.0,120.01100158691406,93.5486138227255,76.61404732498848,54.518290819674334,0
covtypeNorm,AdaptiveRandomForestExecutorMAXChunk,25,4,50,53,6000.0,120.12100219726562,72.70588235294117,61.09145894361209,?,0
covtypeNorm,LBagExecutorMAXChunk,25,4,2000,235,28000.0,121.73200225830078,65.93846153846154,49.683528459617804,?,15.0
GMSC,OzaBagAdwinExecutorMAXChunk,25,4,2000,91,10783.0,120.0009994506836,93.37356256404418,77.38876275284542,51.53967891533537,0
covtypeNorm,OzaBagExecutorMAXChunk,25,4,500,378,44925.0,119.9219970703125,73.4091164884637,51.428686368073016,?,0
elecNormNew,OzaBagASHTExecutorMAXChunk,25,4,500,298,35341.0,119.87699890136719,77.04715708504348,?,37.62414770814242,0
covtypeNorm,OzaBagAdwinExecutorMAXChunk,25,4,2000,551,64000.0,121.25700378417969,80.15645161290323,53.80583971192071,52.046894568396,0
elecNormNew,OzaBagASHTExecutorMAXChunk,25,4,50,1309,45312.0,34.76900100708008,79.76448234722284,79.56974192881532,78.71406663093498,0
GMSC,AdaptiveRandomForestExecutorMAXChunk,25,4,500,1135,65500.0,120.4280014038086,93.39692307692307,75.46882173554799,53.165020959701835,0
covtypeNorm,LBagExecutorMAXChunk,25,4,500,460,55000.0,120.24800109863281,83.5137614678899,59.454084048445274,?,110.0
elecNormNew,OzaBagExecutorMAXChunk,25,4,2000,94,10782.0,119.81199645996094,80.47141881120474,80.27405573706629,80.25551658528181,0
covtypeNorm,AdaptiveRandomForestExecutorMAXChunk,25,4,50,96,11382.0,120.01300048828125,71.10836569008119,59.60503418691836,?,0
GMSC,StreamingRandomPatchesExecutorMAXChunk,25,4,2000,57,6600.0,119.98999786376953,93.76086956521739,66.96837513631407,50.952074821496176,0
airlines,LBagExecutorMAXChunk,25,4,50,136,9200.0,121.43099975585938,62.09836065573771,59.8253055265377,57.73594815284604,143.0
elecNormNew,OzaBagASHTExecutorMAXChunk,25,4,500,1494,44998.0,30.482999801635742,77.42145714414131,?,50.80293055036543,0
covtypeNorm,OzaBagASHTExecutorMAXChunk,25,4,50,33,3600.0,120.0979995727539,62.59154929577465,?,?,0
elecNormNew,AdaptiveRandomForestExecutorMAXChunk,25,4,500,192,22762.0,119.83100128173828,79.81762644865691,79.78528641555744,78.7475432107159,0
GMSC,LBagExecutorMAXChunk,25,4,2000,836,98000.0,120.34400177001953,93.47291666666668,75.49929096998014,54.223053274580266,3.0
covtypeNorm,OzaBagASHTExecutorMAXChunk,25,4,50,350,41930.0,119.93199920654297,75.27220630372493,54.85645683190336,?,0
airlines,OzaBagASHTExecutorMAXChunk,25,4,2000,831,32000.0,125.05400085449219,63.85666666666666,61.553627360841446,60.14536936047581,0
covtypeNorm,OzaBagASHTExecutorMAXChunk,25,4,50,60,7200.0,120.16899871826172,62.37762237762238,?,?,0
covtypeNorm,OzaBagExecutorMAXChunk,25,4,50,629,74000.0,120.03299713134766,81.50236646382692,57.3923477322615,58.61831653963384,0
covtypeNorm,StreamingRandomPatchesExecutorMAXChunk,25,4,50,147,17371.0,119.94999694824219,77.13757866174008,65.64193059890681,?,0
elecNormNew,LBagExecutorMAXChunk,25,4,50,303,35940.0,119.89600372314453,80.59348007801616,80.42948352231758,79.43920658047372,714.0
elecNormNew,OzaBagAdwinExecutorMAXChunk,25,4,2000,668,44088.0,68.67400360107422,76.47547994677818,76.09501711333242,75.47357132518661,0
elecNormNew,LBagExecutorMAXChunk,25,4,2000,168,19767.0,119.83200073242188,77.57640569595317,?,?,10.0
GMSC,LBagExecutorMAXChunk,25,4,500,164,19168.0,119.81600189208984,93.5076065995286,70.17347526810435,52.52785873690801,0.0
airlines,OzaBagASHTExecutorMAXChunk,25,4,50,90,10800.0,120.16000366210938,63.665116279069764,62.987922412892516,59.787176265530405,0
GMSC,OzaBagAdwinExecutorMAXChunk,25,4,50,3523,149438.0,42.74599838256836,93.35823493185529,75.41460929519428,51.25566534123328,0
GMSC,StreamingRandomPatchesExecutorMAXChunk,25,4,50,91,10783.0,120.01000213623047,93.42215596757664,66.77344041837878,50.63850599621866,0
elecNormNew,OzaBagASHTExecutorMAXChunk,25,4,500,178,20965.0,119.83699798583984,79.18397263620815,79.36423064916154,78.16605051434935,0
elecNormNew,OzaBagExecutorMAXChunk,25,4,500,292,34742.0,119.875,77.25600140178727,77.8500011598237,75.21918652610205,0
covtypeNorm,OzaBagAdwinExecutorMAXChunk,25,4,500,8,600.0,119.93299865722656,60.0,?,?,0
GMSC,StreamingRandomPatchesExecutorMAXChunk,25,4,500,267,31747.0,119.8489990234375,93.57698339040547,77.27186413398188,52.10767633179836,0
GMSC,StreamingRandomPatchesExecutorMAXChunk,25,4,50,62,7200.0,120.05799865722656,93.6923076923077,67.49696934711078,50.70664540435691,0
elecNormNew,OzaBagASHTExecutorMAXChunk,25,4,2000,1411,42959.0,32.09199905395508,75.65614394882687,75.25858547805721,74.60791171748977,0
GMSC,StreamingRandomPatchesExecutorMAXChunk,25,4,2000,514,58000.0,120.61399841308594,93.38571428571429,76.33913168996061,52.0510881422336,0
airlines,OzaBagExecutorMAXChunk,25,4,50,536,23050.0,121.71900177001953,63.552173913043475,61.54349127692797,60.188839510627155,0
elecNormNew,OzaBagASHTExecutorMAXChunk,25,4,2000,178,20965.0,119.83499908447266,77.69575533878196,?,50.835435801990414,0
GMSC,LBagExecutorMAXChunk,25,4,500,823,98000.0,120.00700378417969,93.46974358974359,74.99358732553753,54.48003624922566,6.0
GMSC,OzaBagAdwinExecutorMAXChunk,25,4,2000,824,98000.0,120.24400329589844,93.45104166666667,77.27393463775083,52.618291013760285,0
elecNormNew,OzaBagAdwinExecutorMAXChunk,25,4,500,2335,42246.0,25.625999450683594,77.77272073971159,77.4048091333571,76.57268026069345,0
covtypeNorm,OzaBagExecutorMAXChunk,25,4,50,81,9584.0,119.81500244140625,61.8732955737361,?,?,0
elecNormNew,StreamingRandomPatchesExecutorMAXChunk,25,4,2000,23,2400.0,119.95999908447266,71.25,73.63404565322973,69.60665810480724,0
elecNormNew,OzaBagExecutorMAXChunk,25,4,50,1366,45312.0,33.22200012207031,78.70399010207237,78.56266408432406,77.49805798864928,0
covtypeNorm,StreamingRandomPatchesExecutorMAXChunk,25,4,50,20,2400.0,120.13700103759766,70.38297872340425,65.81950129686389,?,0
GMSC,OzaBagASHTExecutorMAXChunk,25,4,500,862,103000.0,120.06600189208984,93.3990243902439,75.9,51.2,
GMSC,OzaBagAdwinExecutorMAXChunk,25,4,500,457,54509.0,119.98799896240234,93.39369364365199,75.64742402813704,52.060425670187904,0
elecNormNew,LBagExecutorMAXChunk,25,4,50,33,3600.0,119.98899841308594,80.8169014084507,80.13341448106159,80.1656467987122,61.0
covtypeNorm,StreamingRandomPatchesExecutorMAXChunk,25,4,50,16,1800.0,120.14800262451172,69.08571428571429,?,?,0
covtypeNorm,LBagExecutorMAXChunk,25,4,2000,63,7200.0,119.99299621582031,44.63461538461539,?,?,4.0
covtypeNorm,OzaBagASHTExecutorMAXChunk,25,4,2000,6,600.0,119.94000244140625,0.0,?,?,0
elecNormNew,OzaBagAdwinExecutorMAXChunk,25,4,2000,2196,38636.0,22.55699920654297,75.05459111256687,74.57815589608852,73.51255554062813,0
airlines,OzaBagExecutorMAXChunk,25,4,50,966,24150.0,120.30799865722656,64.91701244813278,61.22816901091848,59.30908709032248,0
covtypeNorm,StreamingRandomPatchesExecutorMAXChunk,25,4,50,81,9585.0,120.00700378417969,77.45149449396959,65.19000931377376,?,0
GMSC,OzaBagExecutorMAXChunk,25,4,500,566,67687.0,119.92500305175781,93.41539285873756,76.91178062035631,52.058278098080734,0
GMSC,OzaBagAdwinExecutorMAXChunk,25,4,500,2055,150000.0,73.11399841308594,93.47424749163879,78.57970650424716,52.72836649307181,0
elecNormNew,OzaBagAdwinExecutorMAXChunk,25,4,2000,74,8387.0,120.00499725341797,80.52293721622044,80.80231085820098,79.18849709190292,0
covtypeNorm,OzaBagExecutorMAXChunk,25,4,50,45,5400.0,120.15299987792969,65.77570093457943,?,?,0
GMSC,OzaBagExecutorMAXChunk,25,4,50,393,46722.0,119.9209976196289,93.4328933836133,76.61819072116029,52.03634333994264,0
GMSC,OzaBagAdwinExecutorMAXChunk,25,4,50,457,54509.0,119.93000030517578,93.45746341284269,77.91235019877067,52.38215427829368,0
covtypeNorm,OzaBagExecutorMAXChunk,25,4,2000,365,42000.0,120.78800201416016,69.94500000000001,45.30411393540227,41.191300244054624,0
airlines,StreamingRandomPatchesExecutorMAXChunk,25,4,2000,16,1800.0,119.95099639892578,75.72222222222223,?,50.0,0
elecNormNew,OzaBagAdwinExecutorMAXChunk,25,4,2000,371,44326.0,119.90599822998047,76.41402447668099,?,37.13973757994552,0
covtypeNorm,OzaBagAdwinExecutorMAXChunk,25,4,2000,72,8000.0,120.49299621582031,44.85,?,?,0
elecNormNew,OzaBagASHTExecutorMAXChunk,25,4,500,320,38336.0,119.89399719238281,76.30034887408817,76.64087007888318,73.99659374261465,0
airlines,OzaBagExecutorMAXChunk,25,4,50,107,12600.0,120.27899932861328,62.86852589641434,62.52817012758454,60.04804368633665,0
elecNormNew,OzaBagASHTExecutorMAXChunk,25,4,2000,320,38336.0,119.88600158691406,75.87516512549539,?,49.149405007052835,0
elecNormNew,StreamingRandomPatchesExecutorMAXChunk,25,4,2000,4,2400.0,119.96199798583984,65.0,73.3014168963683,62.13391755433003,0
GMSC,AdaptiveRandomForestExecutorMAXChunk,25,4,50,627,74850.0,120.0479965209961,93.44251336898395,74.88258202560144,53.68019843051043,0
covtypeNorm,AdaptiveRandomForestExecutorMAXChunk,25,4,2000,58,6600.0,119.98999786376953,47.08695652173913,42.995120583718496,?,0
airlines,StreamingRandomPatchesExecutorMAXChunk,25,4,2000,80,8000.0,151.218994140625,60.86666666666667,61.184624399161514,57.48153079673488,0
covtypeNorm,AdaptiveRandomForestExecutorMAXChunk,25,4,2000,293,34000.0,120.37200164794922,63.387499999999996,48.74569735849127,?,0
covtypeNorm,OzaBagASHTExecutorMAXChunk,25,4,50,631,75000.0,120.02799987792969,81.6050700466978,57.305948647834335,58.57073879041251,0
airlines,OzaBagASHTExecutorMAXChunk,25,4,50,811,11100.0,120.5719985961914,64.00904977375565,63.53339069541586,60.651440411926274,0
GMSC,AdaptiveRandomForestExecutorMAXChunk,25,4,500,148,17372.0,120.00700378417969,93.59293504030346,75.78139276208636,52.25400075191822,0
elecNormNew,OzaBagExecutorMAXChunk,25,4,500,1462,43932.0,31.09000015258789,77.46131884324922,77.14273207740628,76.42849686987987,0
covtypeNorm,LBagExecutorMAXChunk,25,4,50,221,26356.0,119.92900085449219,78.76530069185738,63.53245823078245,?,511.0
airlines,AdaptiveRandomForestExecutorMAXChunk,25,4,50,72,7750.0,120.1449966430664,66.07792207792208,64.04224601286838,60.40845289005748,0
covtypeNorm,LBagExecutorMAXChunk,25,4,2000,47,5400.0,119.97899627685547,46.970588235294116,40.86435385940867,?,3.0
elecNormNew,OzaBagExecutorMAXChunk,25,4,50,273,32346.0,119.89099884033203,78.92308645033441,80.10123439325842,76.7481555234773,0
elecNormNew,OzaBagAdwinExecutorMAXChunk,25,4,50,74,8387.0,120.00900268554688,84.20295070169126,83.7652802775685,83.85110605747364,0
GMSC,OzaBagAdwinExecutorMAXChunk,25,4,500,411,49118.0,119.88999938964844,93.42218931260027,75.69413052892817,52.339454021241515,0
elecNormNew,AdaptiveRandomForestExecutorMAXChunk,25,4,2000,639,40940.0,71.84100341796875,76.34052388289676,?,49.78278599095536,0
elecNormNew,OzaBagAdwinExecutorMAXChunk,25,4,500,371,44326.0,119.91000366210938,77.55670150139187,77.4057249673985,76.21337224619927,0
covtypeNorm,OzaBagAdwinExecutorMAXChunk,25,4,2000,61,7200.0,119.99400329589844,46.75,?,?,0
airlines,OzaBagExecutorMAXChunk,25,4,2000,1019,24000.0,120.31300354003906,65.06363636363636,58.32622732455859,55.64410597931,0
covtypeNorm,OzaBagAdwinExecutorMAXChunk,25,4,2000,8,600.0,119.93699645996094,0.0,?,?,0
GMSC,OzaBagAdwinExecutorMAXChunk,25,4,50,824,98200.0,120.01200103759766,93.34488028527763,75.08972206314877,50.18082014580304,0
GMSC,OzaBagExecutorMAXChunk,25,4,500,1019,121394.0,119.84600067138672,93.4752758614985,77.81730669559768,52.48861045127765,0
GMSC,OzaBagAdwinExecutorMAXChunk,25,4,50,91,10800.0,120.01399993896484,93.46976744186047,70.99362302092456,50.99029023121938,0
airlines,OzaBagExecutorMAXChunk,25,4,2000,113,13179.0,120.00599670410156,59.90696842293586,60.54796439237015,58.76575194979799,0
elecNormNew,AdaptiveRandomForestExecutorMAXChunk,25,4,50,21,2400.0,120.03900146484375,77.14893617021276,76.42251851028401,75.71703574133515,0
covtypeNorm,OzaBagExecutorMAXChunk,25,4,500,81,9600.0,119.99700164794922,54.59340659340659,?,?,0
GMSC,AdaptiveRandomForestExecutorMAXChunk,25,4,2000,267,31747.0,119.85299682617188,93.56909940498201,75.49514757026631,53.71420182291734,0
covtypeNorm,OzaBagExecutorMAXChunk,25,4,50,69,7800.0,120.16799926757812,62.0,?,?,0
covtypeNorm,OzaBagASHTExecutorMAXChunk,25,4,2000,366,42000.0,120.26699829101562,70.7825,48.47790186594567,46.714603074414015,0
covtypeNorm,OzaBagExecutorMAXChunk,25,4,500,75,8987.0,120.0009994506836,53.352185695770004,?,?,0
GMSC,OzaBagExecutorMAXChunk,25,4,50,1019,121394.0,119.90499877929688,93.49205564345992,77.27287757145768,52.936525122663035,0
elecNormNew,LBagExecutorMAXChunk,25,4,2000,634,43383.0,72.01799774169922,75.79199188072397,?,37.09911147508163,22.0
GMSC,LBagExecutorMAXChunk,25,4,500,299,35341.0,119.86000061035156,93.37275049510635,70.61305626171584,52.14681281166001,0.0
elecNormNew,OzaBagASHTExecutorMAXChunk,25,4,500,35,4200.0,119.98100280761719,81.08108108108108,79.99748196518091,80.54990482108336,0
GMSC,OzaBagAdwinExecutorMAXChunk,25,4,500,824,98236.0,119.99700164794922,93.44356224932471,76.38717167715356,52.55305039698547,0
covtypeNorm,OzaBagExecutorMAXChunk,25,4,500,680,81000.0,120.22699737548828,80.22608695652174,53.19307800502781,52.963178334819204,0
covtypeNorm,OzaBagExecutorMAXChunk,25,4,50,349,41331.0,119.95600128173828,74.87948450861171,54.94314430187568,?,0
GMSC,OzaBagExecutorMAXChunk,25,4,50,113,13178.0,119.81500244140625,93.51005484460696,72.8303541374236,52.2428494441514,0
GMSC,AdaptiveRandomForestExecutorMAXChunk,25,4,50,267,31747.0,119.89099884033203,93.52620121778085,73.1321739253234,52.679376877465586,0
covtypeNorm,AdaptiveRandomForestExecutorMAXChunk,25,4,500,308,35500.0,120.2490005493164,73.20857142857143,53.60587845529289,?,0
airlines,LBagExecutorMAXChunk,25,4,50,75,9000.0,120.22899627685547,62.14525139664805,59.736801637633285,57.71352047656483,139.0
covtypeNorm,AdaptiveRandomForestExecutorMAXChunk,25,4,2000,10,1200.0,119.9469985961914,0.0,?,?,0
GMSC,StreamingRandomPatchesExecutorMAXChunk,25,4,2000,164,19168.0,119.81700134277344,93.51700838769804,72.29612113394958,51.130872488475276,0
elecNormNew,StreamingRandomPatchesExecutorMAXChunk,25,4,500,4,2400.0,119.96299743652344,75.52631578947368,74.86061715713599,72.74371460034104,0
airlines,LBagExecutorMAXChunk,25,4,2000,164,8000.0,464.3739929199219,57.18333333333333,55.66697588126159,53.44319583583537,4.0
elecNormNew,StreamingRandomPatchesExecutorMAXChunk,25,4,2000,39,4200.0,119.9729995727539,78.18181818181819,83.3246082171763,72.98694550886536,0
covtypeNorm,OzaBagExecutorMAXChunk,25,4,500,45,5400.0,119.97200012207031,57.0204081632653,?,?,0
GMSC,OzaBagAdwinExecutorMAXChunk,25,4,2000,457,54509.0,119.89600372314453,93.34780704260221,75.12124206521091,51.637047328448475,0
airlines,OzaBagAdwinExecutorMAXChunk,25,4,2000,61,7200.0,119.98799896240234,60.73076923076923,60.07040606980672,56.016941726038226,0
covtypeNorm,StreamingRandomPatchesExecutorMAXChunk,25,4,500,146,17371.0,119.83000183105469,61.584968288779564,53.30025377049478,?,0
covtypeNorm,StreamingRandomPatchesExecutorMAXChunk,25,4,500,37,4200.0,119.96800231933594,54.972972972972975,49.49055270425184,?,0
airlines,OzaBagAdwinExecutorMAXChunk,25,4,50,411,35150.0,120.71700286865234,67.24216524216524,65.46143953494126,61.647186504659665,0
GMSC,StreamingRandomPatchesExecutorMAXChunk,25,4,50,310,37138.0,119.91899871826172,93.47497842968076,74.98150795038167,51.724197644885706,0
airlines,OzaBagASHTExecutorMAXChunk,25,4,500,418,34000.0,128.81300354003906,64.71940298507462,62.16743385757697,60.47856506110312,0
GMSC,AdaptiveRandomForestExecutorMAXChunk,25,4,500,630,75474.0,119.94200134277344,93.48840931522928,75.82942385063998,54.10507124647509,0
covtypeNorm,LBagExecutorMAXChunk,25,4,50,7,600.0,120.05799865722656,63.63636363636363,?,?,0.0
GMSC,LBagExecutorMAXChunk,25,4,50,1216,145300.0,120.01200103759766,93.34664371772806,72.32616501980895,52.76903208414695,2018.0
airlines,AdaptiveRandomForestExecutorMAXChunk,25,4,2000,17,1800.0,119.9489974975586,75.72222222222223,?,50.0,0
elecNormNew,AdaptiveRandomForestExecutorMAXChunk,25,4,50,389,45312.0,117.96499633789062,80.25937872829306,80.0524357844768,79.30229195890007,0
covtypeNorm,LBagExecutorMAXChunk,25,4,2000,424,50000.0,121.51300048828125,78.91875,55.344985865159025,?,26.0
elecNormNew,OzaBagAdwinExecutorMAXChunk,25,4,50,225,26955.0,119.87300109863281,81.69485225794462,81.53432682910474,80.83534730082403,0
elecNormNew,LBagExecutorMAXChunk,25,4,500,303,35940.0,119.88600158691406,77.25733634311513,76.9456762474076,75.86875058679074,72.0
elecNormNew,LBagExecutorMAXChunk,25,4,50,114,13178.0,119.81400299072266,81.98507007922,81.75273754414707,81.72891912410778,229.0
elecNormNew,LBagExecutorMAXChunk,25,4,500,131,15574.0,119.83100128173828,79.2490380788112,79.0326279901183,78.82588744331431,31.0
elecNormNew,OzaBagAdwinExecutorMAXChunk,25,4,500,668,45312.0,68.21900177001953,77.36543782915291,?,50.66729446213243,0
GMSC,OzaBagASHTExecutorMAXChunk,25,4,50,862,102857.0,120.00800323486328,93.38177361463713,75.9,51.9,
airlines,OzaBagAdwinExecutorMAXChunk,25,4,50,45,5400.0,120.04900360107422,67.27102803738318,61.41030475127132,56.20852895148669,0
elecNormNew,LBagExecutorMAXChunk,25,4,2000,126,14975.0,119.82099914550781,78.01926782273603,?,51.642279867717235,8.0
covtypeNorm,LBagExecutorMAXChunk,25,4,500,35,4200.0,119.97200012207031,53.648648648648646,46.42990584666787,?,8.0
GMSC,OzaBagAdwinExecutorMAXChunk,25,4,2000,1905,150000.0,79.21800231933594,93.53378378378379,77.75535879646596,54.3334181724886,0
airlines,LBagExecutorMAXChunk,25,4,2000,18,1800.0,119.94499969482422,75.72222222222223,?,50.0,0.0
elecNormNew,LBagExecutorMAXChunk,25,4,500,1186,40663.0,40.33000183105469,77.26763438986131,76.96409543008598,76.18559877542323,79.0
covtypeNorm,OzaBagExecutorMAXChunk,25,4,2000,73,8400.0,119.99600219726562,45.5,?,?,0
covtypeNorm,LBagExecutorMAXChunk,25,4,50,397,47150.0,120.00599670410156,85.06581740976645,65.74128045175286,64.16057585733991,927.0
elecNormNew,OzaBagExecutorMAXChunk,25,4,500,94,10782.0,119.81600189208984,81.36549309472865,81.0649715835957,81.27499113528336,0
covtypeNorm,OzaBagASHTExecutorMAXChunk,25,4,500,79,8997.0,120.0009994506836,53.159938801930096,?,?,0
covtypeNorm,OzaBagExecutorMAXChunk,25,4,2000,45,5400.0,119.97599792480469,48.8235294117647,?,?,0
GMSC,OzaBagASHTExecutorMAXChunk,25,4,2000,172,20366.0,119.80999755859375,93.52608080148099,75.6,51.8,
elecNormNew,OzaBagASHTExecutorMAXChunk,25,4,2000,282,33544.0,119.87000274658203,76.66751204666498,?,49.659252293985396,0
elecNormNew,StreamingRandomPatchesExecutorMAXChunk,25,4,500,209,24500.0,120.54399871826172,79.51666666666667,79.70745140457167,78.14239629507512,0
elecNormNew,LBagExecutorMAXChunk,25,4,50,571,45312.0,79.66600036621094,81.12986611285406,81.00381358390305,80.1351455503718,872.0
elecNormNew,OzaBagASHTExecutorMAXChunk,25,4,50,2357,43300.0,21.506999969482422,79.57225433526011,79.35953379054358,78.57127364209589,0
GMSC,AdaptiveRandomForestExecutorMAXChunk,25,4,500,29,3000.0,120.31400299072266,94.36,68.75359154120217,51.98885364389556,0
elecNormNew,StreamingRandomPatchesExecutorMAXChunk,25,4,2000,196,23361.0,119.84100341796875,78.0815504892093,78.66218823020637,76.52456776690028,0
covtypeNorm,OzaBagExecutorMAXChunk,25,4,50,9,600.0,120.0459976196289,64.18181818181819,?,?,0
covtypeNorm,OzaBagExecutorMAXChunk,25,4,2000,658,77709.0,119.99800109863281,78.42660714049849,50.30788602157927,49.69556605968239,0
elecNormNew,StreamingRandomPatchesExecutorMAXChunk,25,4,500,42,4800.0,119.98500061035156,80.86046511627907,80.34734508643024,78.7413142933711,0
GMSC,StreamingRandomPatchesExecutorMAXChunk,25,4,2000,18,1800.0,119.95099639892578,94.44444444444444,?,50.0,0
elecNormNew,OzaBagAdwinExecutorMAXChunk,25,4,2000,1220,41425.0,37.16699981689453,75.88839568801522,?,?,0
covtypeNorm,LBagExecutorMAXChunk,25,4,500,51,6000.0,121.44200134277344,55.345454545454544,46.90578544936429,?,12.0
GMSC,AdaptiveRandomForestExecutorMAXChunk,25,4,50,29,3000.0,120.01499938964844,94.23728813559322,65.36752136752138,52.47368919237212,0
elecNormNew,OzaBagExecutorMAXChunk,25,4,50,94,10782.0,119.81800079345703,84.08497950055907,83.82131516080693,83.95622490660494,0
GMSC,OzaBagAdwinExecutorMAXChunk,25,4,2000,381,45524.0,119.87899780273438,93.39215145666758,75.09452760696117,52.802631482940775,0
airlines,AdaptiveRandomForestExecutorMAXChunk,25,4,2000,161,10000.0,130.08099365234375,62.1,62.46548301395389,60.31272552594138,0
covtypeNorm,OzaBagAdwinExecutorMAXChunk,25,4,50,305,36539.0,119.96800231933594,76.82315218284963,59.869188870180615,?,0
covtypeNorm,LBagExecutorMAXChunk,25,4,50,35,4200.0,120.14099884033203,70.07228915662651,?,?,68.0
covtypeNorm,OzaBagAdwinExecutorMAXChunk,25,4,50,8,600.0,120.0719985961914,63.090909090909086,?,?,0
elecNormNew,StreamingRandomPatchesExecutorMAXChunk,25,4,50,188,22163.0,119.94499969482422,82.36783792339348,82.32991200854013,81.54534059895056,0
airlines,AdaptiveRandomForestExecutorMAXChunk,25,4,2000,89,10000.0,138.84500122070312,62.050000000000004,62.44222724489923,60.24009739350672,0
elecNormNew,OzaBagAdwinExecutorMAXChunk,25,4,2000,244,28752.0,119.86199951171875,77.190490430622,?,49.891442916980004,0
airlines,LBagExecutorMAXChunk,25,4,500,85,7000.0,136.48399353027344,62.46153846153846,58.325919165026974,55.55118604334104,11.0
elecNormNew,AdaptiveRandomForestExecutorMAXChunk,25,4,500,79,8986.0,120.00700378417969,78.78859297666745,78.40785588421862,77.95411929605804,0
covtypeNorm,StreamingRandomPatchesExecutorMAXChunk,25,4,2000,37,4000.0,123.53099822998047,32.6,?,?,0
elecNormNew,StreamingRandomPatchesExecutorMAXChunk,25,4,50,42,4800.0,120.06999969482422,81.34736842105264,80.6117479073454,80.05128799082935,0
GMSC,OzaBagExecutorMAXChunk,25,4,50,1967,150000.0,76.49099731445312,93.4544848282761,77.10037284162719,52.8298266368446,0
elecNormNew,OzaBagAdwinExecutorMAXChunk,25,4,500,259,30549.0,119.96800231933594,78.60161735831475,78.92051788267827,76.91884932564525,0
covtypeNorm,OzaBagExecutorMAXChunk,25,4,2000,81,9585.0,120.00199890136719,47.40936058009228,?,?,0
GMSC,OzaBagAdwinExecutorMAXChunk,25,4,500,91,10783.0,120.00299835205078,93.4065934065934,70.83694458889467,50.887247046174664,0
