,dataset,algorithm,ensemble_size,cores,chunk_size,time,accuracy,rate,90
0,airlines,ARFMB+,100,8,2000,563.5369873046875,65.13659717557124,958.2334649988791,862.4101184989912
1,airlines,ARFMB+,100,8,50,902.844970703125,66.38051074197203,598.109329422807,538.2983964805263
2,airlines,ARFMB+,100,8,500,638.9990234375,66.0202678503497,845.071714030275,760.5645426272475
3,airlines,ARFMB+,150,8,2000,886.9650268554688,65.17269805706545,608.8176913969722,547.935922257275
4,airlines,ARFMB+,150,8,50,1297.72705078125,66.33879254560726,416.1121552293392,374.5009397064053
5,airlines,ARFMB+,150,8,500,943.4290161132812,66.05181458683982,572.3801057388297,515.1420951649467
6,airlines,ARFRUNPER,100,8,1,1607.135986328125,66.45315110042401,336.00143646447447,302.401292818027
7,airlines,ARFRUNPER,150,8,1,2232.262939453125,66.4075434338865,241.9069861601039,217.71628754409352
8,airlines,ARFSequential,100,1,1,3000.23095703125,66.41458852058743,179.98614364486588,161.9875292803793
9,airlines,ARFSequential,150,1,1,4465.37890625,66.48281462337522,120.9303871714414,108.83734845429726
10,airlines,LBagMB+,100,8,2000,289.09698486328125,65.8580565444013,1867.8852712883704,1681.0967441595335
11,airlines,LBagMB+,100,8,50,802.1810302734375,63.46450152317771,673.1647591017348,605.8482831915613
12,airlines,LBagMB+,100,8,500,392.68798828125,64.82241970891641,1375.1375547887717,1237.6237993098946
13,airlines,LBagMB+,150,8,2000,409.2489929199219,65.84558871419452,1319.4901132124771,1187.5411018912293
14,airlines,LBagMB+,150,8,50,1053.41796875,63.436689392267844,512.6170390284602,461.3553351256142
15,airlines,LBagMB+,150,8,500,502.7309875488281,65.35593069367562,1074.1331116923682,966.7198005231314
16,airlines,LBagRUNPER,100,8,1,1213.0450439453125,63.5105296236626,445.16071575025927,400.64464417523334
17,airlines,LBagRUNPER,150,8,1,1612.2449951171875,63.58376144594842,334.9366886766174,301.4430198089557
18,airlines,LBagSequential,100,1,1,3317.240966796875,63.506450889256804,162.7858830289991,146.5072947260992
19,airlines,LBagSequential,150,1,1,4637.7412109375,63.557249672310775,116.43599231593201,104.79239308433881
20,airlines,OBMB+,100,8,2000,152.63499450683594,64.9067797083272,3537.8518651292347,3184.0666786163115
21,airlines,OBMB+,100,8,50,230.51600646972656,65.0926236666401,2342.5705150367407,2108.3134635330666
22,airlines,OBMB+,100,8,500,164.73300170898438,65.04528812376714,3278.031690055393,2950.228521049854
23,airlines,OBMB+,150,8,2000,232.80599975585938,64.92073623467806,2319.5278496528913,2087.575064687602
24,airlines,OBMB+,150,8,50,330.6130065917969,65.06203032263926,1633.3295703236813,1469.9966132913132
25,airlines,OBMB+,150,8,500,245.18600463867188,65.04751495222524,2202.4095575756555,1982.16860181809
26,airlines,OBSequential,100,1,1,317.1059875488281,65.07361188617364,1702.900674232304,1532.6106068090737
27,airlines,OBSequential,150,1,1,502.52099609375,65.08010078181923,1074.5819661219846,967.1237695097861
28,airlines,OBAdwinSequential,100,1,1,1049.3160400390623,66.57514233856091,514.6209334414613,463.15884009731514
29,airlines,OBAdwinSequential,150,1,1,1533.7239990234375,66.60239570027234,352.0842083346366,316.87578750117297
30,airlines,OBAdwinMB+,100,8,2000,192.0039978027344,66.2546079797835,2812.441439655845,2531.1972956902605
31,airlines,OBAdwinMB+,100,8,50,446.8940124511719,67.01648146877717,1208.3401991406206,1087.5061792265585
32,airlines,OBAdwinMB+,100,8,500,248.8560028076172,66.50181950441933,2169.9295733583617,1952.9366160225256
33,airlines,OBAdwinMB+,150,8,2000,272.2130126953125,66.07596444249259,1983.7405811470921,1785.366523032383
34,airlines,OBAdwinMB+,150,8,50,526.5390014648439,66.81901533931726,1025.565055005816,923.0085495052344
35,airlines,OBAdwinMB+,150,8,500,341.4989929199219,66.55210871376532,1581.2638139364137,1423.1374325427723
36,airlines,OBAdwinRUNPER,100,8,1,1037.2139892578123,65.95276454764054,520.6254500928992,468.5629050836093
37,airlines,OBAdwinRUNPER,150,8,1,1354.5799560546875,65.94386549075519,398.64756420343707,358.78280778309335
38,airlines,OBASHTSequential,100,1,1,457.55999755859375,68.29284571445523,1180.1730983505595,1062.1557885155037
39,airlines,OBASHTSequential,150,1,1,718.7169799804688,68.04014957831447,751.3388650073003,676.2049785065703
40,airlines,OBASHTMB+,100,8,2000,144.54600524902344,66.16007577463373,3735.834823450773,3362.2513411056957
41,airlines,OBASHTMB+,100,8,50,260.19000244140625,68.18384931016645,2075.4064142860593,1867.8657728574535
42,airlines,OBASHTMB+,100,8,500,151.531005859375,67.74383307693877,3563.6271067924877,3207.264396113239
43,airlines,OBASHTMB+,150,8,2000,223.2030029296875,65.5173312144225,2419.322289181336,2177.3900602632025
44,airlines,OBASHTMB+,150,8,50,355.5069885253906,67.92204445120176,1518.9574816513987,1367.0617334862588
45,airlines,OBASHTMB+,150,8,500,232.30799865722656,67.45044842758075,2324.5002458859667,2092.05022129737
46,airlines,OBASHTRUNPER,100,8,1,1164.9959716796875,68.35810546494791,463.5209160607051,417.1688244546346
47,airlines,OBASHTRUNPER,150,8,1,1485.7679443359375,68.05257117855031,363.44841202059484,327.1035708185354
48,airlines,OBRUNPER,100,8,1,509.3269958496094,65.11458462725004,1060.2226161195813,954.2003545076232
49,airlines,OBRUNPER,150,8,1,697.4180297851562,65.12923099170719,774.2845423229884,696.8560880906896
50,airlines,SRPSequential,100,1,1,3276.427978515625,68.53293485334169,164.81363348772442,148.33227013895197
51,airlines,SRPSequential,150,1,1,4926.66015625,68.59634063364993,109.60772265059764,98.64695038553788
52,airlines,SRPMB+,100,8,2000,655.8779907226562,67.09888478050105,823.3238615081746,740.9914753573571
53,airlines,SRPMB+,100,8,50,898.031005859375,68.4156170677485,601.3155408629176,541.1839867766258
54,airlines,SRPMB+,100,8,500,681.614990234375,68.05094983512191,792.2360977042475,713.0124879338227
55,airlines,SRPMB+,150,8,2000,963.1699829101562,66.99448996339669,560.6487012483764,504.58383112353874
56,airlines,SRPMB+,150,8,50,1271.925048828125,68.45511029364047,424.55331821440535,382.0979863929648
57,airlines,SRPMB+,150,8,500,1018.0989990234376,68.05540349203814,530.4002857462476,477.3602571716229
58,airlines,SRPRUNPER,100,8,1,1747.365966796875,68.55481170151822,309.0365786337723,278.13292077039506
59,airlines,SRPRUNPER,150,8,1,2487.27294921875,68.55240154027842,217.105243785011,195.3947194065099
60,covtypeNorm,ARFMB+,100,8,2000,284.2130126953125,84.8065325070983,2044.2413754744396,1839.8172379269956
61,covtypeNorm,ARFMB+,100,8,50,392.5480041503906,89.6352945631556,1480.0737587686492,1332.0663828917843
62,covtypeNorm,ARFMB+,100,8,500,254.31300354003903,89.09772752328978,2284.5862850600456,2056.127656554041
63,covtypeNorm,ARFMB+,150,8,2000,440.1390075683594,84.56232340607795,1320.0375108987882,1188.0337598089095
64,covtypeNorm,ARFMB+,150,8,50,537.14697265625,89.34026666115857,1081.6406487909483,973.4765839118535
65,covtypeNorm,ARFMB+,150,8,500,450.2369995117188,89.05190590375393,1290.4314852624138,1161.3883367361725
66,covtypeNorm,ARFRUNPER,100,8,1,1282.3609619140625,92.65849930810379,453.07056067333383,407.7635046060005
67,covtypeNorm,ARFRUNPER,150,8,1,1718.81201171875,92.5722704522454,338.02416787803395,304.22175109023055
68,covtypeNorm,ARFSequential,100,1,1,1270.5250244140625,92.65127054174441,457.29126844073306,411.5621415966598
69,covtypeNorm,ARFSequential,150,1,1,1902.1519775390625,92.5930961838998,305.4435223160651,274.8991700844586
70,covtypeNorm,LBagMB+,100,8,2000,465.3800048828125,85.97852894240533,1248.4421202116362,1123.5979081904725
71,covtypeNorm,LBagMB+,100,8,50,566.7529907226562,91.44660063825172,1025.1379516483498,922.6241564835149
72,covtypeNorm,LBagMB+,100,8,500,461.2019958496094,91.47149412932032,1259.7517036536303,1133.7765332882673
73,covtypeNorm,LBagMB+,150,8,2000,700.906982421875,85.41187401988212,828.9259695950594,746.0333726355535
74,covtypeNorm,LBagMB+,150,8,50,834.9819946289062,91.62922876195,695.8233874949791,626.2410487454812
75,covtypeNorm,LBagMB+,150,8,500,693.22802734375,91.27511575988092,838.108064133276,754.2972577199484
76,covtypeNorm,LBagRUNPER,100,8,1,1782.4649658203125,93.3443715448218,325.95311051884636,293.35779946696175
77,covtypeNorm,LBagRUNPER,150,8,1,2437.31396484375,93.50753512836224,238.37716780868092,214.53945102781285
78,covtypeNorm,LBagSequential,100,1,1,1536.5069580078125,93.35762428314732,378.13040609546385,340.3173654859175
79,covtypeNorm,LBagSequential,150,1,1,2215.43603515625,93.49066800685699,262.25085751980345,236.0257717678231
80,covtypeNorm,OBSequential,100,1,1,569.0789794921875,84.41701720446395,1020.9479192474305,918.8531273226874
81,covtypeNorm,OBSequential,150,1,1,1014.97802734375,84.31512602149355,572.4261849495472,515.1835664545924
82,covtypeNorm,OBAdwinSequential,100,1,1,761.5159912109375,84.29034167968992,762.9518049596214,686.6566244636593
83,covtypeNorm,OBAdwinSequential,150,1,1,1454.1290283203125,84.32132210694444,399.55188892083555,359.596700028752
84,covtypeNorm,OBAdwinMB+,100,8,2000,348.15899658203125,82.07066520210289,1668.7777874586907,1501.9000087128215
85,covtypeNorm,OBAdwinMB+,100,8,50,652.583984375,83.25880178049509,890.3068630414548,801.2761767373094
86,covtypeNorm,OBAdwinMB+,100,8,500,339.80999755859375,84.68972217628577,1709.7790064279013,1538.8011057851113
87,covtypeNorm,OBAdwinMB+,150,8,2000,527.5640258789061,81.6385498055308,1101.2881309184627,991.1593178266164
88,covtypeNorm,OBAdwinMB+,150,8,50,892.5650024414062,83.27653099514255,650.9329834923038,585.8396851430734
89,covtypeNorm,OBAdwinMB+,150,8,500,507.22100830078125,85.17016013450196,1145.4572868469752,1030.9115581622777
90,covtypeNorm,OBAdwinRUNPER,100,8,1,1451.2349853515625,86.0051083282273,400.3486725888519,360.3138053299667
91,covtypeNorm,OBAdwinRUNPER,150,8,1,1834.916015625,86.0844526446958,316.6357452071738,284.9721706864564
92,covtypeNorm,OBASHTSequential,100,1,1,679.4719848632812,81.1644165697094,855.0757248908576,769.5681524017718
93,covtypeNorm,OBASHTSequential,150,1,1,1276.1080322265625,80.4589233957302,455.29060653765106,409.76154588388596
94,covtypeNorm,OBASHTMB+,100,8,2000,385.906005859375,76.93363868106361,1505.5479603282404,1354.9931642954164
95,covtypeNorm,OBASHTMB+,100,8,50,717.8099975585938,79.01274093658448,809.4063916302223,728.4657524672001
96,covtypeNorm,OBASHTMB+,100,8,500,422.59698486328125,79.02403395623175,1374.8323362694255,1237.3491026424829
97,covtypeNorm,OBASHTMB+,150,8,2000,615.5130004882812,75.93486836196833,943.928072256959,849.5352650312632
98,covtypeNorm,OBASHTMB+,150,8,50,818.822998046875,78.08755133726477,709.5550581576846,638.5995523419161
99,covtypeNorm,OBASHTMB+,150,8,500,553.531005859375,78.0531668595998,1049.6250324730743,944.6625292257669
100,covtypeNorm,OBASHTRUNPER,100,8,1,1460.1619873046875,82.36714560112354,397.90105827399856,358.11095244659873
101,covtypeNorm,OBASHTRUNPER,150,8,1,2064.8359375,81.4940138930005,281.37828746987316,253.24045872288585
102,covtypeNorm,OBMB+,100,8,2000,314.1759948730469,79.35517744019123,1849.281961324805,1664.3537651923245
103,covtypeNorm,OBMB+,100,8,50,626.9879760742188,83.55210839951667,926.652539077121,833.9872851694089
104,covtypeNorm,OBMB+,100,8,500,361.01300048828125,82.8723609503335,1609.3603255677206,1448.4242930109485
105,covtypeNorm,OBMB+,150,8,2000,480.0740051269531,79.32840770139478,1210.2300766032051,1089.2070689428847
106,covtypeNorm,OBMB+,150,8,50,830.5549926757812,83.5486658335657,699.5322466585924,629.5790219927331
107,covtypeNorm,OBMB+,150,8,500,539.0269775390625,82.78416294581334,1077.8681294442183,970.0813164997965
108,covtypeNorm,OBRUNPER,100,8,1,1413.5670166015625,87.24811191507233,411.0169473229613,369.9152525906652
109,covtypeNorm,OBRUNPER,150,8,1,1832.39501953125,87.35654341046312,317.07137042351667,285.36423338116504
110,covtypeNorm,SRPSequential,100,1,1,4141.77197265625,95.34760039379564,140.27812343019605,126.25031108717644
111,covtypeNorm,SRPSequential,150,1,1,6047.44287109375,95.1080184230274,96.0736649166426,86.46629842497835
112,covtypeNorm,SRPMB+,100,8,2000,849.7249755859375,86.7992373215063,683.7506448476048,615.3755803628443
113,covtypeNorm,SRPMB+,100,8,50,1008.5999755859376,93.68943235530035,576.0460183061901,518.4414164755711
114,covtypeNorm,SRPMB+,100,8,500,863.5759887695312,92.51660603053855,672.7838749058315,605.5054874152484
115,covtypeNorm,SRPMB+,150,8,2000,1306.9549560546875,86.03914944767985,444.54477739146273,400.09029965231645
116,covtypeNorm,SRPMB+,150,8,50,1401.81396484375,93.22003848788735,414.4629847975297,373.01668631777676
117,covtypeNorm,SRPMB+,150,8,500,1316.02294921875,92.03840747478088,441.48166287290627,397.33349658561565
118,covtypeNorm,SRPRUNPER,100,8,1,3627.43505859375,95.32780734304971,160.16827058655508,144.15144352789957
119,covtypeNorm,SRPRUNPER,150,8,1,4840.7470703125,95.08134083289156,120.02279639090767,108.02051675181691
120,elecNormNew,ARFMB+,100,8,2000,17.775999069213867,76.1890469154045,2531.5032828694953,2278.352954582546
121,elecNormNew,ARFMB+,100,8,50,26.33699989318848,80.23286642216428,1708.6228569123516,1537.7605712211164
122,elecNormNew,ARFMB+,100,8,500,18.56999969482422,78.38302240471302,2423.2633677717445,2180.9370309945703
123,elecNormNew,ARFMB+,150,8,2000,23.368999481201172,76.20982637606205,1925.6280114259728,1733.0652102833756
124,elecNormNew,ARFMB+,150,8,50,36.15299987792969,80.48694268923158,1244.7099867768134,1120.238988099132
125,elecNormNew,ARFMB+,150,8,500,25.082000732421875,78.21788806569668,1794.1152494199325,1614.7037244779392
126,elecNormNew,ARFRUNPER,100,8,1,62.94300079345703,89.13532838983049,714.9325490162805,643.4392941146525
127,elecNormNew,ARFRUNPER,150,8,1,87.49500274658203,88.88815324858757,514.315087575192,462.88357881767286
128,elecNormNew,ARFSequential,100,1,1,83.37899780273438,89.04925847457628,539.704256298032,485.7338306682288
129,elecNormNew,ARFSequential,150,1,1,123.08599853515624,88.97201624293785,365.5980414957348,329.0382373461613
130,elecNormNew,LBagMB+,100,8,2000,11.920999526977539,75.27475064647211,3774.851252880583,3397.366127592525
131,elecNormNew,LBagMB+,100,8,50,18.27199935913086,80.80288100393265,2462.784674820638,2216.5062073385743
132,elecNormNew,LBagMB+,100,8,500,12.505999565124512,77.70463268767294,3598.272954166057,3238.4456587494515
133,elecNormNew,LBagMB+,150,8,2000,16.982000350952152,75.17085334318435,2649.864507715484,2384.8780569439355
134,elecNormNew,LBagMB+,150,8,50,27.336000442504886,80.51124563651628,1646.180833756107,1481.5627503804963
135,elecNormNew,LBagMB+,150,8,500,17.98900032043457,77.42568954744263,2501.5286674314157,2251.375800688274
136,elecNormNew,LBagRUNPER,100,8,1,52.44800186157226,89.2147775423729,857.992648009165,772.1933832082485
137,elecNormNew,LBagRUNPER,150,8,1,68.427001953125,88.69835805084746,657.6351252510909,591.8716127259819
138,elecNormNew,LBagSequential,100,1,1,46.89400100708008,89.15960451977402,959.6110170511123,863.6499153460011
139,elecNormNew,LBagSequential,150,1,1,71.35800170898438,88.70939265536724,630.6230404758412,567.5607364282571
140,elecNormNew,OBMB+,100,8,2000,5.553999900817871,75.35325083117844,8102.2687799064215,7292.04190191578
141,elecNormNew,OBMB+,100,8,50,11.276000022888185,78.89841368034995,3990.776863130397,3591.6991768173575
142,elecNormNew,OBMB+,100,8,500,7.183000087738037,76.87449790234757,6264.79179316991,5638.31261385292
143,elecNormNew,OBMB+,150,8,2000,8.421999931335451,75.12698559290726,5343.148939311911,4808.8340453807195
144,elecNormNew,OBMB+,150,8,50,15.53499984741211,78.98236931642438,2896.6849335049274,2607.016440154435
145,elecNormNew,OBMB+,150,8,500,9.65999984741211,77.12666250111577,4658.385166750845,4192.546650075761
146,elecNormNew,OBSequential,100,1,1,15.461000442504885,82.82574152542372,2910.5490402993228,2619.4941362693908
147,elecNormNew,OBSequential,150,1,1,23.05400085449219,82.66905014124293,1951.9388536515785,1756.7449682864208
148,elecNormNew,OBAdwinSequential,100,1,1,19.29400062561035,84.93997175141244,2332.3312190768866,2099.098097169198
149,elecNormNew,OBAdwinSequential,150,1,1,29.85400009155273,84.7259004237288,1507.3356957861358,1356.6021262075224
150,elecNormNew,OBAdwinMB+,100,8,2000,6.7210001945495605,75.54488363502033,6695.432033537664,6025.888830183898
151,elecNormNew,OBAdwinMB+,100,8,50,11.57699966430664,80.58415447837037,3887.017474721081,3498.315727248973
152,elecNormNew,OBAdwinMB+,100,8,500,7.084000110626222,77.7916629474248,6352.343209664635,5717.1088886981715
153,elecNormNew,OBAdwinMB+,150,8,2000,9.213000297546387,75.28860362024379,4884.402317015493,4395.962085313944
154,elecNormNew,OBAdwinMB+,150,8,50,15.836999893188475,80.24170385754056,2841.447262960113,2557.302536664102
155,elecNormNew,OBAdwinMB+,150,8,500,10.020000457763672,77.27171293403553,4491.017758899722,4041.91598300975
156,elecNormNew,OBAdwinRUNPER,100,8,1,36.2760009765625,86.33474576271186,1240.48954649312,1116.440591843808
157,elecNormNew,OBAdwinRUNPER,150,8,1,49.63899993896485,86.43847104519773,906.5452578684326,815.8907320815894
158,elecNormNew,OBASHTSequential,100,1,1,17.93199920654297,81.68697033898306,2509.4803697950506,2258.5323328155455
159,elecNormNew,OBASHTSequential,150,1,1,25.42499923706055,81.31400070621469,1769.9115575353137,1592.9204017817824
160,elecNormNew,OBASHTMB+,100,8,2000,6.561999797821045,72.19477281123015,6857.665557219698,6171.899001497728
161,elecNormNew,OBASHTMB+,100,8,50,12.131999969482422,77.6633820865185,3709.1988223867265,3338.278940148054
162,elecNormNew,OBASHTMB+,100,8,500,7.874000072479247,73.48924395251272,5715.01137741685,5143.510239675165
163,elecNormNew,OBASHTMB+,150,8,2000,8.949000358581543,71.28278537125969,5028.49460239967,4525.645142159703
164,elecNormNew,OBASHTMB+,150,8,50,16.349000930786133,76.94092174450974,2752.461767572742,2477.2155908154677
165,elecNormNew,OBASHTMB+,150,8,500,10.020000457763672,72.4136392037847,4491.017758899722,4041.91598300975
166,elecNormNew,OBASHTRUNPER,100,8,1,37.43199920654297,82.94270833333334,1202.1799784643663,1081.9619806179296
167,elecNormNew,OBASHTRUNPER,150,8,1,53.55799865722656,82.4262888418079,840.2106338588543,756.1895704729689
168,elecNormNew,OBRUNPER,100,8,1,32.187999725341804,82.35346045197741,1398.0365472841493,1258.2328925557345
169,elecNormNew,OBRUNPER,150,8,1,43.111000061035156,82.19897598870057,1043.817121762206,939.4354095859853
170,elecNormNew,SRPSequential,100,1,1,163.75599670410156,89.85919844632768,274.79909686185493,247.31918717566944
171,elecNormNew,SRPSequential,150,1,1,225.26800537109372,89.72016242937853,199.76205642638666,179.785850783748
172,elecNormNew,SRPMB+,100,8,2000,33.020999908447266,76.31141485038788,1362.7691506848746,1226.4922356163872
173,elecNormNew,SRPMB+,100,8,50,46.112998962402344,81.59162211126329,975.8636612788986,878.2772951510087
174,elecNormNew,SRPMB+,100,8,500,33.60699844360352,78.71552262786754,1339.0068165568332,1205.10613490115
175,elecNormNew,SRPMB+,150,8,2000,49.1500015258789,75.97432582194311,915.5645697448493,824.0081127703644
176,elecNormNew,SRPMB+,150,8,50,57.49200057983398,81.3927798152976,782.71758759747,704.4458288377231
177,elecNormNew,SRPMB+,150,8,500,52.15399932861328,78.54369365348569,862.8293242952055,776.546391865685
178,elecNormNew,SRPRUNPER,100,8,1,112.24299621582031,89.89009533898306,400.9158835485308,360.82429519367776
179,elecNormNew,SRPRUNPER,150,8,1,157.2239990234375,89.57229872881358,286.21584668694135,257.5942620182472
180,GMSC,ARFMB+,100,8,2000,54.222999572753906,93.53108108108108,2766.353783116276,2489.718404804649
181,GMSC,ARFMB+,100,8,50,81.2040023803711,93.53251083694565,1847.1995911898366,1662.479632070853
182,GMSC,ARFMB+,100,8,500,56.09199905395508,93.52508361204012,2674.1781810221187,2406.760362919907
183,GMSC,ARFMB+,150,8,2000,85.93900299072266,93.52297297297298,1745.4240191289268,1570.881617216034
184,GMSC,ARFMB+,150,8,50,112.72699737548828,93.5245081693898,1330.6484115810972,1197.5835704229876
185,GMSC,ARFMB+,150,8,500,87.24099731445312,93.54983277591973,1719.3751174042304,1547.4376056638075
186,GMSC,ARFRUNPER,100,8,1,221.343994140625,93.54866666666666,677.6782021232593,609.9103819109334
187,GMSC,ARFRUNPER,150,8,1,308.5989990234375,93.55066666666669,486.0676816019348,437.4609134417413
188,GMSC,ARFSequential,100,1,1,175.91600036621094,93.57133333333331,852.6796862578695,767.4117176320826
189,GMSC,ARFSequential,150,1,1,270.3489990234375,93.53733333333332,554.8383775853965,499.35453982685686
190,GMSC,LBagMB+,100,8,2000,43.33200073242188,93.53716216216215,3461.644915180825,3115.480423662743
191,GMSC,LBagMB+,100,8,50,55.45600128173828,93.4324774924975,2704.8470234617357,2434.3623211155623
192,GMSC,LBagMB+,100,8,500,41.935001373291016,93.56923076923077,3576.964232449914,3219.2678092049227
193,GMSC,LBagMB+,150,8,2000,68.25399780273439,93.5391891891892,2197.6734671795402,1977.9061204615862
194,GMSC,LBagMB+,150,8,50,81.43800354003906,93.48582860953651,1841.891911388181,1657.7027202493628
195,GMSC,LBagMB+,150,8,500,66.73000335693361,93.54180602006687,2247.8644156161904,2023.0779740545713
196,GMSC,LBagRUNPER,100,8,1,175.67999267578125,93.54466666666669,853.8251722085743,768.4426549877169
197,GMSC,LBagRUNPER,150,8,1,244.7769927978516,93.558,612.8026914844775,551.5224223360298
198,GMSC,LBagSequential,100,1,1,136.13600158691406,93.522,1101.8393242895022,991.655391860552
199,GMSC,LBagSequential,150,1,1,222.8769989013672,93.55733333333332,673.0169588580181,605.7152629722164
200,GMSC,OBMB+,100,8,2000,15.133000373840332,93.46891891891892,9912.112356733802,8920.901121060422
201,GMSC,OBMB+,100,8,50,32.459999084472656,93.50316772257419,4621.072219060936,4158.964997154842
202,GMSC,OBMB+,100,8,500,18.45800018310547,93.47959866220735,8126.5575095884105,7313.9017586295695
203,GMSC,OBMB+,150,8,2000,23.66699981689453,93.45135135135136,6337.93895130398,5704.145056173582
204,GMSC,OBMB+,150,8,50,45.84199905395508,93.4704901633878,3272.1086142742843,2944.897752846856
205,GMSC,OBMB+,150,8,500,24.65900039672852,93.46889632107023,6082.971636591576,5474.674472932418
206,GMSC,OBSequential,100,1,1,41.49300003051758,93.46266666666668,3615.0675991053163,3253.560839194785
207,GMSC,OBSequential,150,1,1,67.68800354003906,93.48733333333334,2216.0499963818766,1994.444996743689
208,GMSC,OBAdwinSequential,100,1,1,49.63800048828125,93.46466666666666,3021.878369887454,2719.6905328987086
209,GMSC,OBAdwinSequential,150,1,1,81.69999694824219,93.49733333333332,1835.985380697463,1652.3868426277168
210,GMSC,OBAdwinMB+,100,8,2000,15.253999710083008,93.44662162162163,9833.486485570658,8850.137837013594
211,GMSC,OBAdwinMB+,100,8,50,23.392000198364254,93.40313437812605,6412.448646032806,5771.203781429525
212,GMSC,OBAdwinMB+,100,8,500,16.415000915527347,93.52240802675585,9137.983041969335,8224.184737772403
213,GMSC,OBAdwinMB+,150,8,2000,23.68199920654297,93.47297297297294,6333.924711835871,5700.532240652284
214,GMSC,OBAdwinMB+,150,8,50,34.68399810791016,93.4438146048683,4324.760932500179,3892.284839250161
215,GMSC,OBAdwinMB+,150,8,500,25.00900077819824,93.50367892976587,5997.840590686993,5398.056531618294
216,GMSC,OBAdwinRUNPER,100,8,1,96.2480010986328,93.53666666666666,1558.473924526322,1402.6265320736898
217,GMSC,OBAdwinRUNPER,150,8,1,140.52000427246094,93.54066666666668,1067.4636737781323,960.7173064003191
218,GMSC,OBASHTSequential,100,1,1,30.79800033569336,93.314,4870.446079778674,4383.401471800807
219,GMSC,OBASHTSequential,150,1,1,45.05199813842773,93.31466666666668,3329.486064948924,2996.537458454032
220,GMSC,OBASHTMB+,100,8,2000,9.5600004196167,93.30405405405405,15690.375880340613,14121.338292306551
221,GMSC,OBASHTMB+,100,8,50,18.591999053955078,93.31443814604867,8067.986641172429,7261.187977055186
222,GMSC,OBASHTMB+,100,8,500,12.07699966430664,93.31237458193979,12420.303400630402,11178.273060567362
223,GMSC,OBASHTMB+,150,8,2000,13.164999961853027,93.30405405405405,11393.84735546075,10254.462619914675
224,GMSC,OBASHTMB+,150,8,50,24.10400009155273,93.3151050350117,6223.0334977706725,5600.730147993605
225,GMSC,OBASHTMB+,150,8,500,13.913000106811525,93.31237458193979,10781.283608742518,9703.155247868266
226,GMSC,OBASHTRUNPER,100,8,1,80.9010009765625,93.31333333333332,1854.1179736880622,1668.706176319256
227,GMSC,OBASHTRUNPER,150,8,1,111.77999877929688,93.31466666666668,1341.9216464312753,1207.729481788148
228,GMSC,OBRUNPER,100,8,1,99.76300048828124,93.54733333333334,1503.563438006457,1353.2070942058115
229,GMSC,OBRUNPER,150,8,1,143.72799682617188,93.57,1043.6380059023131,939.2742053120818
230,GMSC,SRPSequential,100,1,1,306.6470031738281,93.50933333333332,489.1617998789635,440.2456198910672
231,GMSC,SRPSequential,150,1,1,485.3699951171875,93.51466666666668,309.0425891773225,278.13833025959025
232,GMSC,SRPMB+,100,8,2000,86.12300109863281,93.5047297297297,1741.6949953730912,1567.525495835782
233,GMSC,SRPMB+,100,8,50,117.58200073242188,93.51850616872292,1275.7054571758042,1148.1349114582238
234,GMSC,SRPMB+,100,8,500,91.20800018310548,93.51505016722409,1644.5925762966635,1480.1333186669972
235,GMSC,SRPMB+,150,8,2000,137.26600646972656,93.5108108108108,1092.7687331901934,983.4918598711741
236,GMSC,SRPMB+,150,8,50,165.59300231933594,93.52117372457485,905.8353789052886,815.2518410147597
237,GMSC,SRPMB+,150,8,500,143.24899291992188,93.52508361204012,1047.127780394603,942.4150023551426
238,GMSC,SRPRUNPER,100,8,1,390.05499267578125,93.49799999999999,384.5611588535208,346.10504296816873
239,GMSC,SRPRUNPER,150,8,1,527.375,93.49333333333333,284.4275894761792,255.9848305285613
240,airlines,ARFMB+,100,8,2000,606.1240234375,65.12226847518437,890.9067766981219,801.8160990283097
241,airlines,ARFMB+,100,8,50,898.4970092773438,66.30300760383659,601.0036699335471,540.9033029401925
242,airlines,ARFMB+,100,8,500,631.0679931640625,66.01952557419699,855.6922643034646,770.1230378731182
243,airlines,ARFMB+,150,8,2000,905.364013671875,65.15446152930032,596.4451776804424,536.8006599123981
244,airlines,ARFMB+,150,8,50,1278.4940185546875,66.38941062386317,422.3719408640327,380.13474677762946
245,airlines,ARFMB+,150,8,500,897.2650146484375,66.02973187129673,601.8288813050183,541.6459931745164
246,airlines,ARFRUNPER,100,8,1,1590.7359619140625,66.45315110042401,339.4655134031432,305.51896206282885
247,airlines,ARFRUNPER,150,8,1,2227.238037109375,66.4075434338865,242.4527558360309,218.2074802524278
248,airlines,ARFSequential,100,1,1,3000.205078125,66.41458852058743,179.98769615358324,161.98892653822492
249,airlines,ARFSequential,150,1,1,4585.58203125,66.48281462337522,117.7604056191749,105.98436505725742
250,airlines,LBagMB+,100,8,2000,281.5039978027344,65.86866350442794,1918.2676061972245,1726.4408455775022
251,airlines,LBagMB+,100,8,50,804.8150024414062,63.44818507304393,670.9616475362785,603.8654827826507
252,airlines,LBagMB+,100,8,500,382.3450012207031,64.85081177175749,1412.3370209521656,1271.103318856949
253,airlines,LBagMB+,150,8,2000,418.2869873046875,65.85880089247334,1290.9796775644245,1161.8817098079821
254,airlines,LBagMB+,150,8,50,1065.5899658203123,63.4531912566077,506.7615286563789,456.085375790741
255,airlines,LBagMB+,150,8,500,504.4209899902344,65.32252826680374,1070.5343566500958,963.4809209850862
256,airlines,LBagRUNPER,100,8,1,1196.237060546875,63.5105296236626,451.41554112454276,406.27398701208847
257,airlines,LBagRUNPER,150,8,1,1605.6429443359375,63.58376144594842,336.31387470352786,302.6824872331751
258,airlines,LBagSequential,100,1,1,3259.1669921875,63.506450889256804,165.68650863684672,149.11785777316206
259,airlines,LBagSequential,150,1,1,4533.65283203125,63.557249672310775,119.10925251814206,107.19832726632785
260,airlines,OBSequential,100,1,1,317.71099853515625,65.07361188617364,1699.6578730032427,1529.6920857029183
261,airlines,OBSequential,150,1,1,501.3330078125,65.08010078181923,1077.128358964869,969.4155230683821
262,airlines,OBAdwinSequential,100,1,1,1024.093017578125,66.57514233856091,527.2958517743288,474.5662665968959
263,airlines,OBAdwinSequential,150,1,1,1505.5340576171875,66.60239570027234,358.67670828693133,322.8090374582382
264,airlines,OBAdwinMB+,100,8,2000,195.46099853515625,66.23320797271221,2762.6994850477745,2486.429536542997
265,airlines,OBAdwinMB+,100,8,50,445.2980041503906,67.03353957573522,1212.6710539165715,1091.4039485249143
266,airlines,OBAdwinMB+,100,8,500,247.26800537109372,66.47918008176171,2183.8652323400324,1965.4787091060293
267,airlines,OBAdwinMB+,150,8,2000,270.593994140625,66.05586704454737,1995.6097019631832,1796.0487317668649
268,airlines,OBAdwinMB+,150,8,50,532.6300048828125,66.85683983735466,1013.8369882462949,912.4532894216654
269,airlines,OBAdwinMB+,150,8,500,329.97100830078125,66.58588227871356,1636.5074094866216,1472.8566685379594
270,airlines,OBAdwinRUNPER,100,8,1,1036.3599853515623,65.95276454764054,521.054467205058,468.94902048455225
271,airlines,OBAdwinRUNPER,150,8,1,1333.510986328125,65.94386549075519,404.9460450917703,364.4514405825933
272,airlines,OBASHTSequential,100,1,1,455.4410095214844,68.29284571445523,1185.663979990205,1067.0975819911846
273,airlines,OBASHTSequential,150,1,1,723.06298828125,68.04014957831447,746.8229030552399,672.1406127497158
274,airlines,OBASHTMB+,100,8,2000,145.62100219726562,66.13551228825625,3708.2563081696726,3337.4306773527055
275,airlines,OBASHTMB+,100,8,50,255.4980010986328,68.18996797896662,2113.5194705164745,1902.1675234648271
276,airlines,OBASHTMB+,100,8,500,148.03199768066406,67.84237023621083,3647.859979332933,3283.0739813996397
277,airlines,OBASHTMB+,150,8,2000,223.79800415039062,65.56534166506943,2412.890150875179,2171.6011357876614
278,airlines,OBASHTMB+,150,8,50,357.68798828125,67.90702590051045,1509.6956500965812,1358.7260850869231
279,airlines,OBASHTMB+,150,8,500,232.23899841308597,67.46399496736768,2325.190875304656,2092.6717877741903
280,airlines,OBASHTRUNPER,100,8,1,1169.803955078125,68.35810546494791,461.6158097738149,415.45422879643337
281,airlines,OBASHTRUNPER,150,8,1,1503.197998046875,68.05257117855031,359.2341133381159,323.3107020043043
282,airlines,OBRUNPER,100,8,1,512.6409912109375,65.11458462725004,1053.3687497842034,948.0318748057831
283,airlines,OBRUNPER,150,8,1,701.9810180664062,65.12923099170719,769.2515696327802,692.3264126695021
284,airlines,SRPSequential,100,1,1,3232.9560546875,68.53293485334169,167.02979900300463,150.32681910270418
285,airlines,SRPSequential,150,1,1,4754.630859375,68.59634063364993,113.57348571766587,102.2161371458993
286,airlines,SRPMB+,100,8,2000,670.416015625,67.0929299959247,805.4700177420153,724.9230159678139
287,airlines,SRPMB+,100,8,50,874.8350219726562,68.44231671342196,617.2592390990014,555.5333151891014
288,airlines,SRPMB+,100,8,500,723.114990234375,68.10346587292604,746.769196175806,672.0922765582254
289,airlines,SRPMB+,150,8,2000,948.9760131835938,66.96955430298316,569.0344039238944,512.130963531505
290,airlines,SRPMB+,150,8,50,1244.58203125,68.46104354823457,433.88060123096045,390.49254110786444
291,airlines,SRPMB+,150,8,500,1014.677978515625,68.10587827042234,532.188547927262,478.9696931345358
292,airlines,SRPRUNPER,100,8,1,1754.239990234375,68.49233290630221,307.82561280446777,277.043051524021
293,airlines,SRPRUNPER,150,8,1,2503.14501953125,68.53404723545236,215.7286117210751,194.1557505489676
294,covtypeNorm,ARFMB+,100,8,2000,289.864013671875,84.83951973361519,2004.388170301436,1803.9493532712925
295,covtypeNorm,ARFMB+,100,8,50,427.5060119628906,89.6425239516526,1359.0452151359063,1223.1406936223157
296,covtypeNorm,ARFMB+,100,8,500,256.36599731445307,89.12511713797475,2266.291185594936,2039.6620670354425
297,covtypeNorm,ARFMB+,150,8,2000,440.239013671875,84.61379038776398,1319.7376469524777,1187.7638822572299
298,covtypeNorm,ARFMB+,150,8,50,538.5460205078125,89.36367610962505,1078.8307366047497,970.9476629442748
299,covtypeNorm,ARFMB+,150,8,500,439.5679931640625,89.02847830880327,1321.7522864162452,1189.5770577746207
300,covtypeNorm,ARFRUNPER,100,8,1,1281.97705078125,92.65849930810379,453.20624081837707,407.88561673653936
301,covtypeNorm,ARFRUNPER,150,8,1,1730.4169921875,92.5722704522454,335.7572207295139,302.1814986565625
302,covtypeNorm,ARFSequential,100,1,1,1248.875,92.65127054174441,465.2186968271444,418.69682714442996
303,covtypeNorm,ARFSequential,150,1,1,1890.8370361328125,92.5930961838998,307.27132423229654,276.5441918090669
304,covtypeNorm,LBagMB+,100,8,2000,473.4289855957031,85.96022189522844,1227.216790009051,1104.4951110081458
305,covtypeNorm,LBagMB+,100,8,50,567.0679931640625,91.45572343802178,1024.568494437856,922.1116449940705
306,covtypeNorm,LBagMB+,100,8,500,461.7130126953125,91.43876440108043,1258.3574298855765,1132.521686897019
307,covtypeNorm,LBagMB+,150,8,2000,697.2109985351562,85.51653506317658,833.3201874621654,749.988168715949
308,covtypeNorm,LBagMB+,150,8,50,892.6019897460938,91.63628602214949,650.906010376774,585.8154093390966
309,covtypeNorm,LBagMB+,150,8,500,699.22900390625,91.2460035279202,830.9151890928974,747.8236701836078
310,covtypeNorm,LBagRUNPER,100,8,1,1812.4239501953125,93.3443715448218,320.56517457595373,288.50865711835837
311,covtypeNorm,LBagRUNPER,150,8,1,2609.384033203125,93.50753512836224,222.65791183170492,200.39212064853444
312,covtypeNorm,LBagSequential,100,1,1,1486.1070556640625,93.35762428314732,390.95433790291906,351.85890411262716
313,covtypeNorm,LBagSequential,150,1,1,2255.794921875,93.49066800685699,257.5588739764859,231.80298657883733
314,covtypeNorm,OBSequential,100,1,1,565.8359985351562,84.41701720446395,1026.7992872565558,924.1193585309002
315,covtypeNorm,OBSequential,150,1,1,855.5679931640625,84.31512602149355,679.0810369744491,611.1729332770043
316,covtypeNorm,OBAdwinSequential,100,1,1,752.9829711914062,84.29034167968992,771.5977946761711,694.438015208554
317,covtypeNorm,OBAdwinSequential,150,1,1,1135.64501953125,84.32132210694444,511.6035292787302,460.4431763508572
318,covtypeNorm,OBAdwinMB+,100,8,2000,394.885009765625,82.02817903601306,1471.3143969299804,1324.1829572369825
319,covtypeNorm,OBAdwinMB+,100,8,50,567.6630249023438,83.27360481408421,1023.4945284659867,921.1450756193881
320,covtypeNorm,OBAdwinMB+,100,8,500,339.5920104980469,84.76310567223415,1710.876528419804,1539.7888755778235
321,covtypeNorm,OBAdwinMB+,150,8,2000,538.926025390625,81.52438982266344,1078.0700367529641,970.2630330776677
322,covtypeNorm,OBAdwinMB+,150,8,50,840.0260009765625,83.25415431646131,691.6452577950744,622.4807320155669
323,covtypeNorm,OBAdwinMB+,150,8,500,590.6939697265625,85.1643032357643,983.5888459618948,885.2299613657053
324,covtypeNorm,OBAdwinRUNPER,100,8,1,1458.8060302734375,86.0051083282273,398.2709064419605,358.44381579776444
325,covtypeNorm,OBAdwinRUNPER,150,8,1,2054.904052734375,86.0844526446958,282.73826178253313,254.46443560427983
326,covtypeNorm,OBASHTSequential,100,1,1,674.3090209960938,81.1644165697094,861.6227603506519,775.4604843155868
327,covtypeNorm,OBASHTSequential,150,1,1,1288.2650146484375,80.4589233957302,450.99416144476504,405.89474530028855
328,covtypeNorm,OBASHTMB+,100,8,2000,425.7179870605469,76.97975171499036,1364.7532349094013,1228.2779114184611
329,covtypeNorm,OBASHTMB+,100,8,50,561.656982421875,78.99466746534199,1034.4392007639922,930.995280687593
330,covtypeNorm,OBASHTMB+,100,8,500,459.4469909667969,78.96133068739321,1264.5637286195383,1138.1073557575846
331,covtypeNorm,OBASHTMB+,150,8,2000,601.9110107421875,76.00792384268374,965.2589662441909,868.7330696197719
332,covtypeNorm,OBASHTMB+,150,8,50,957.0540161132812,78.08238748833831,607.0712731132097,546.3641458018888
333,covtypeNorm,OBASHTMB+,150,8,500,529.6110229492189,78.0283611708285,1097.0315473507592,987.3283926156832
334,covtypeNorm,OBASHTRUNPER,100,8,1,1466.8370361328125,82.36714560112354,396.0903533849647,356.48131804646823
335,covtypeNorm,OBASHTRUNPER,150,8,1,2059.991943359375,81.4940138930005,282.0399380070012,253.83594420630106
336,covtypeNorm,OBRUNPER,100,8,1,1299.553955078125,87.24811191507233,447.07647399301106,402.36882659370997
337,covtypeNorm,OBRUNPER,150,8,1,2005.8299560546875,87.35654341046312,289.65566011526823,260.69009410374144
338,covtypeNorm,SRPSequential,100,1,1,3987.006103515625,95.34760039379564,145.7233786242994,131.15104076186944
339,covtypeNorm,SRPSequential,150,1,1,6087.15478515625,95.1080184230274,95.44689111845649,85.90220200661085
340,covtypeNorm,SRPMB+,100,8,2000,900.4639892578125,86.79388337374702,645.2229149983848,580.7006234985463
341,covtypeNorm,SRPMB+,100,8,50,1006.3480224609376,93.65345754111284,577.3350640459495,519.6015576413546
342,covtypeNorm,SRPMB+,100,8,500,862.969970703125,92.49972438123586,673.2563353584791,605.9307018226311
343,covtypeNorm,SRPMB+,150,8,2000,1305.83203125,86.08750768550566,444.92705500863013,400.43434950776714
344,covtypeNorm,SRPMB+,150,8,50,1441.572021484375,93.19748968090856,403.03223934781215,362.72901541303094
345,covtypeNorm,SRPMB+,150,8,500,1348.1109619140625,92.0508103191665,430.97342608585416,387.87608347726876
346,covtypeNorm,SRPRUNPER,100,8,1,3752.822021484375,95.35534550060929,154.8168276230147,139.33514486071323
347,covtypeNorm,SRPRUNPER,150,8,1,4805.0791015625,95.07548897441019,120.91372227588768,108.82235004829892
348,elecNormNew,ARFMB+,100,8,2000,17.704999923706055,76.57693018101219,2541.6549106982707,2287.4894196284436
349,elecNormNew,ARFMB+,100,8,50,26.41200065612793,80.29914718748618,1703.7709708506845,1533.393873765616
350,elecNormNew,ARFMB+,100,8,500,18.229999542236328,78.11970008033563,2468.4586467345416,2221.6127820610877
351,elecNormNew,ARFMB+,150,8,2000,23.8700008392334,75.82886959734023,1885.2114963497088,1696.6903467147379
352,elecNormNew,ARFMB+,150,8,50,35.94599914550781,80.37426538818436,1251.8778464841662,1126.6900618357497
353,elecNormNew,ARFMB+,150,8,500,25.41699981689453,78.11523699009193,1770.4685967731236,1593.4217370958113
354,elecNormNew,ARFRUNPER,100,8,1,64.07399749755861,89.13532838983049,702.3129780799867,632.081680271988
355,elecNormNew,ARFRUNPER,150,8,1,87.18499755859375,88.88815324858757,516.1438465345738,464.5294618811164
356,elecNormNew,ARFSequential,100,1,1,80.83999633789062,89.04925847457628,556.6551464439885,500.9896317995897
357,elecNormNew,ARFSequential,150,1,1,124.5790023803711,88.97201624293785,361.21657053091224,325.094913477821
358,elecNormNew,LBagMB+,100,8,2000,11.572999954223633,75.45945696342815,3888.36085526614,3499.524769739526
359,elecNormNew,LBagMB+,100,8,50,17.965999603271484,80.78520613318015,2504.7312141655516,2254.2580927489967
360,elecNormNew,LBagMB+,100,8,500,12.404000282287598,77.7983575827903,3627.861897444339,3265.0757076999053
361,elecNormNew,LBagMB+,150,8,2000,17.554000854492188,74.89379386775028,2563.518161643714,2307.1663454793425
362,elecNormNew,LBagMB+,150,8,50,27.32099914550781,80.54880473686536,1647.0847116657892,1482.3762404992103
363,elecNormNew,LBagMB+,150,8,500,18.375,77.37882709988396,2448.9795918367345,2204.081632653061
364,elecNormNew,LBagRUNPER,100,8,1,51.89699935913086,89.2147775423729,867.1021553403667,780.39193980633
365,elecNormNew,LBagRUNPER,150,8,1,69.14900207519531,88.69835805084746,650.7686105298418,585.6917494768576
366,elecNormNew,LBagSequential,100,1,1,48.31000137329102,89.15960451977402,931.4841382902338,838.3357244612104
367,elecNormNew,LBagSequential,150,1,1,71.15499877929688,88.70939265536724,632.4221877872214,569.1799690084994
368,elecNormNew,OBSequential,100,1,1,15.446000099182127,82.82574152542372,2913.375612523968,2622.038051271571
369,elecNormNew,OBSequential,150,1,1,22.424999237060547,82.66905014124293,2006.689031481928,1806.020128333735
370,elecNormNew,OBAdwinSequential,100,1,1,19.61400032043457,84.93997175141244,2294.27955872507,2064.851602852563
371,elecNormNew,OBAdwinSequential,150,1,1,30.32399940490723,84.7259004237288,1483.9731197434928,1335.5758077691435
372,elecNormNew,OBAdwinMB+,100,8,2000,6.446000099182129,75.99048762467676,6981.073426559459,6282.966083903513
373,elecNormNew,OBAdwinMB+,100,8,50,11.798999786376953,80.39414961778094,3813.8826014690417,3432.4943413221376
374,elecNormNew,OBAdwinMB+,100,8,500,7.057000160217285,77.44131036329554,6376.647155781622,5738.98244020346
375,elecNormNew,OBAdwinMB+,150,8,2000,9.118000030517578,75.4386775027706,4935.292810856198,4441.763529770578
376,elecNormNew,OBAdwinMB+,150,8,50,15.682000160217285,80.5399673014891,2869.5319181387185,2582.5787263248467
377,elecNormNew,OBAdwinMB+,150,8,500,10.298999786376953,77.222618941355,4369.356338809129,3932.420704928216
378,elecNormNew,OBAdwinRUNPER,100,8,1,37.41999816894531,86.33474576271186,1202.5655318536412,1082.3089786682772
379,elecNormNew,OBAdwinRUNPER,150,8,1,50.696998596191406,86.43847104519773,887.6265113528951,798.8638602176056
380,elecNormNew,OBASHTSequential,100,1,1,18.051000595092773,81.68697033898306,2492.936597222949,2243.642937500654
381,elecNormNew,OBASHTSequential,150,1,1,25.02700042724609,81.31400070621469,1798.0580665595844,1618.252259903626
382,elecNormNew,OBASHTMB+,100,8,2000,6.806000232696532,72.41411156261545,6611.812880025576,5950.631592023019
383,elecNormNew,OBASHTMB+,100,8,50,12.503000259399414,77.56175157969156,3599.1361326390625,3239.2225193751565
384,elecNormNew,OBASHTMB+,100,8,500,7.573999881744385,73.58966348299562,5941.378492553653,5347.240643298288
385,elecNormNew,OBASHTMB+,150,8,2000,8.954000473022461,71.38206501662357,5025.686578371384,4523.117920534246
386,elecNormNew,OBASHTMB+,150,8,50,16.32200050354004,76.97848084485881,2757.0149866274087,2481.3134879646677
387,elecNormNew,OBASHTMB+,150,8,500,10.57699966430664,72.10345443184862,4254.514647651727,3829.063182886554
388,elecNormNew,OBASHTRUNPER,100,8,1,38.69499969482422,82.94270833333334,1162.9409576147154,1046.646861853244
389,elecNormNew,OBASHTRUNPER,150,8,1,55.24399948120117,82.4262888418079,814.5681055426287,733.1112949883659
390,elecNormNew,OBRUNPER,100,8,1,31.69700050354004,82.35346045197741,1419.6926928456285,1277.7234235610656
391,elecNormNew,OBRUNPER,150,8,1,45.15800094604492,82.19897598870057,996.5011527805736,896.8510375025163
392,elecNormNew,SRPSequential,100,1,1,159.02200317382812,89.85919844632768,282.97970785093287,254.6817370658396
393,elecNormNew,SRPSequential,150,1,1,237.45399475097656,89.72016242937853,189.51039356988932,170.5593542129004
394,elecNormNew,SRPMB+,100,8,2000,33.90900039672852,76.12209087550794,1327.0812903214191,1194.3731612892773
395,elecNormNew,SRPMB+,100,8,50,45.42599868774414,81.18951880164376,990.6221393023754,891.559925372138
396,elecNormNew,SRPMB+,100,8,500,35.54199981689453,78.76461662054807,1266.1077100847235,1139.4969390762512
397,elecNormNew,SRPMB+,150,8,2000,50.65399932861328,75.80809013668268,888.3800015091905,799.5420013582715
398,elecNormNew,SRPMB+,150,8,50,57.59700012207031,81.5142945517211,781.2906905676963,703.1616215109267
399,elecNormNew,SRPMB+,150,8,500,52.37900161743164,78.31161296081406,859.1229044164156,773.2106139747741
400,elecNormNew,SRPRUNPER,100,8,1,112.29499816894531,89.6583686440678,400.73022604531775,360.65720344078596
401,elecNormNew,SRPRUNPER,150,8,1,154.98699951171875,89.60760946327684,290.34693323808426,261.31223991427584
402,GMSC,ARFMB+,100,8,2000,54.75199890136719,93.54256756756756,2739.6260047092896,2465.6634042383607
403,GMSC,ARFMB+,100,8,50,80.97699737548828,93.57652550850284,1852.377895718383,1667.1401061465447
404,GMSC,ARFMB+,100,8,500,55.87699890136719,93.54983277591973,2684.4677228420337,2416.0209505578305
405,GMSC,ARFMB+,150,8,2000,83.80999755859375,93.51216216216216,1789.7626103035154,1610.786349273164
406,GMSC,ARFMB+,150,8,50,112.4520034790039,93.55051683894631,1333.90242378391,1200.5121814055192
407,GMSC,ARFMB+,150,8,500,86.97200012207031,93.54581939799331,1724.693002224465,1552.2237020020186
408,GMSC,ARFRUNPER,100,8,1,226.1510009765625,93.54866666666666,663.2736505797977,596.946285521818
409,GMSC,ARFRUNPER,150,8,1,313.010986328125,93.55066666666669,479.2164062981391,431.29476566832517
410,GMSC,ARFSequential,100,1,1,177.5469970703125,93.57133333333331,844.8467305847855,760.362057526307
411,GMSC,ARFSequential,150,1,1,271.51199340820307,93.53733333333332,552.4617830582658,497.2156047524393
412,GMSC,LBagMB+,100,8,2000,42.86999893188477,93.5445945945946,3498.9504020826266,3149.055361874364
413,GMSC,LBagMB+,100,8,50,52.91999816894531,93.45115038346115,2834.4672182551867,2551.020496429668
414,GMSC,LBagMB+,100,8,500,42.68899917602539,93.54849498327759,3513.7858205924313,3162.4072385331883
415,GMSC,LBagMB+,150,8,2000,67.47899627685547,93.54864864864864,2222.9139180519837,2000.6225262467854
416,GMSC,LBagMB+,150,8,50,81.68000030517578,93.4811603867956,1836.4348609153349,1652.7913748238013
417,GMSC,LBagMB+,150,8,500,68.18399810791016,93.5491638795987,2199.929663300255,1979.9366969702296
418,GMSC,LBagRUNPER,100,8,1,177.24600219726562,93.54466666666669,846.2814288643744,761.653285977937
419,GMSC,LBagRUNPER,150,8,1,246.4429931640625,93.558,608.6600315722578,547.794028415032
420,GMSC,LBagSequential,100,1,1,136.97999572753906,93.522,1095.0504064721863,985.5453658249677
421,GMSC,LBagSequential,150,1,1,219.76600646972656,93.55733333333332,682.5441405136647,614.2897264622983
422,GMSC,OBSequential,100,1,1,41.04899978637695,93.46266666666668,3654.1694263103805,3288.7524836793423
423,GMSC,OBSequential,150,1,1,67.32900238037111,93.48733333333334,2227.866071037027,2005.0794639333242
424,GMSC,OBAdwinSequential,100,1,1,48.49700164794922,93.46466666666666,3092.9747180843087,2783.677246275878
425,GMSC,OBAdwinSequential,150,1,1,81.00399780273438,93.49733333333332,1851.7604571232234,1666.584411410901
426,GMSC,OBAdwinMB+,100,8,2000,15.04300022125244,93.45337837837842,9971.415129548632,8974.27361659377
427,GMSC,OBAdwinMB+,100,8,50,22.913000106811523,93.38712904301434,6546.501955255015,5891.851759729513
428,GMSC,OBAdwinMB+,100,8,500,16.58799934387207,93.48561872909698,9042.681814152163,8138.413632736947
429,GMSC,OBAdwinMB+,150,8,2000,24.36199951171875,93.49324324324324,6157.130079895377,5541.417071905839
430,GMSC,OBAdwinMB+,150,8,50,34.27000045776367,93.4324774924975,4377.006069342447,3939.305462408202
431,GMSC,OBAdwinMB+,150,8,500,24.715999603271484,93.50702341137124,6068.943292107253,5462.048962896528
432,GMSC,OBAdwinRUNPER,100,8,1,95.44499969482422,93.53666666666666,1571.5857350265587,1414.427161523903
433,GMSC,OBAdwinRUNPER,150,8,1,142.0019989013672,93.54066666666668,1056.3231585506633,950.690842695597
434,GMSC,OBASHTSequential,100,1,1,32.50899887084961,93.314,4614.10702297889,4152.696320681001
435,GMSC,OBASHTSequential,150,1,1,44.35100173950195,93.31466666666668,3382.1107554916853,3043.8996799425167
436,GMSC,OBASHTMB+,100,8,2000,9.718999862670898,93.30405405405405,15433.686811348321,13890.318130213489
437,GMSC,OBASHTMB+,100,8,50,18.67799949645996,93.31443814604867,8030.8386360343075,7227.754772430877
438,GMSC,OBASHTMB+,100,8,500,11.821999549865724,93.31237458193979,12688.208908086426,11419.388017277784
439,GMSC,OBASHTMB+,150,8,2000,12.699000358581545,93.30405405405405,11811.95336360749,10630.758027246742
440,GMSC,OBASHTMB+,150,8,50,24.53700065612793,93.3151050350117,6113.216611197287,5501.894950077559
441,GMSC,OBASHTMB+,150,8,500,14.345000267028807,93.31237458193979,10456.604894233898,9410.944404810509
442,GMSC,OBASHTRUNPER,100,8,1,80.7770004272461,93.31333333333332,1856.9642250469724,1671.2678025422751
443,GMSC,OBASHTRUNPER,150,8,1,111.6709976196289,93.31466666666668,1343.2314853219673,1208.9083367897706
444,GMSC,OBRUNPER,100,8,1,100.677001953125,93.54733333333334,1489.913258142507,1340.9219323282564
445,GMSC,OBRUNPER,150,8,1,144.27999877929688,93.57,1039.6451432568483,935.6806289311635
446,GMSC,SRPSequential,100,1,1,315.78399658203125,93.50933333333332,475.00823861741986,427.50741475567787
447,GMSC,SRPSequential,150,1,1,487.0090026855469,93.51466666666668,308.00251981553686,277.20226783398317
448,GMSC,SRPMB+,100,8,2000,88.46499633789062,93.52094594594593,1695.585895093212,1526.027305583891
449,GMSC,SRPMB+,100,8,50,117.66699981689452,93.51850616872292,1274.783926108594,1147.3055334977346
450,GMSC,SRPMB+,100,8,500,89.91400146484375,93.49498327759196,1668.2607553468722,1501.434679812185
451,GMSC,SRPMB+,150,8,2000,142.31500244140625,93.50067567567568,1053.9999116520257,948.5999204868232
452,GMSC,SRPMB+,150,8,50,162.9290008544922,93.51317105701901,920.6464117088722,828.581770537985
453,GMSC,SRPMB+,150,8,500,140.73699951171878,93.50501672240804,1065.8178056972852,959.2360251275567
454,GMSC,SRPRUNPER,100,8,1,387.22698974609375,93.49799999999999,387.3696926403699,348.63272337633293
455,GMSC,SRPRUNPER,150,8,1,527.2919921875,93.49333333333333,284.47236488025675,256.02512839223107
456,airlines,ARFMB+,100,8,2000,600.2420043945312,65.13324760924704,899.6371397644891,809.6734257880403
457,airlines,ARFMB+,100,8,50,885.6820068359375,66.37847118570531,609.6996391844153,548.7296752659738
458,airlines,ARFMB+,100,8,500,643.2780151367188,66.05793836509966,839.4504200259843,755.5053780233859
459,airlines,ARFMB+,150,8,2000,901.3510131835938,65.14124935102153,599.1006745448777,539.19060709039
460,airlines,ARFMB+,150,8,50,1306.7039794921875,66.38903979545104,413.25350536535086,371.92815482881576
461,airlines,ARFMB+,150,8,500,935.7030029296876,66.05923734836689,577.1061953517934,519.395575816614
462,airlines,ARFRUNPER,100,8,1,1589.740966796875,66.45315110042401,339.67797979568394,305.71018181611555
463,airlines,ARFRUNPER,150,8,1,2226.549072265625,66.4075434338865,242.52777840217237,218.27500056195515
464,airlines,ARFSequential,100,1,1,3017.0400390625,66.41458852058743,178.9833721158692,161.08503490428228
465,airlines,ARFSequential,150,1,1,4652.80517578125,66.48281462337522,116.05901807597797,104.45311626838019
466,airlines,LBagMB+,100,8,2000,286.7640075683594,65.83405131907783,1883.081508655767,1694.7733577901904
467,airlines,LBagMB+,100,8,50,772.3079833984375,63.45226418557736,699.202923714193,629.2826313427738
468,airlines,LBagMB+,100,8,500,391.2309875488281,64.86194591404814,1380.2587657569036,1242.2328891812133
469,airlines,LBagMB+,150,8,2000,393.0,65.86122002370749,1374.0458015267175,1236.6412213740457
470,airlines,LBagMB+,150,8,50,1050.8489990234377,63.47803676022049,513.8702139906173,462.4831925915556
471,airlines,LBagMB+,150,8,500,486.8320007324219,65.33755935889609,1109.2122111685114,998.2909900516603
472,airlines,LBagRUNPER,100,8,1,1233.4840087890625,63.5105296236626,437.78435403482,394.00591863133803
473,airlines,LBagRUNPER,150,8,1,1617.3310546875,63.58376144594842,333.8834052774301,300.49506474968706
474,airlines,LBagSequential,100,1,1,3179.281982421875,63.506450889256804,169.8496713992778,152.86470425935002
475,airlines,LBagSequential,150,1,1,4388.5400390625,63.557249672310775,123.04775510612802,110.74297959551522
476,airlines,OBSequential,100,1,1,310.9779968261719,65.07361188617364,1736.4572590704709,1562.8115331634237
477,airlines,OBSequential,150,1,1,507.4249877929688,65.08010078181923,1064.1967049134007,957.7770344220606
478,airlines,OBAdwinSequential,100,1,1,1016.0419921875,66.57514233856091,531.4740966929924,478.3266870236931
479,airlines,OBAdwinSequential,150,1,1,1490.56201171875,66.60239570027234,362.2794595290485,326.05151357614363
480,airlines,OBAdwinMB+,100,8,2000,190.44000244140625,66.27005320227845,2835.538716011857,2551.9848444106715
481,airlines,OBAdwinMB+,100,8,50,434.5509948730469,67.0083232437103,1242.6619806905742,1118.395782621517
482,airlines,OBAdwinMB+,100,8,500,243.1909942626953,66.50757214460282,2220.476961481111,1998.429265333
483,airlines,OBAdwinMB+,150,8,2000,270.739013671875,66.03874703889032,1994.5407670519871,1795.0866903467884
484,airlines,OBAdwinMB+,150,8,50,530.9710083007811,66.82921312065088,1017.0046792726283,915.3042113453655
485,airlines,OBAdwinMB+,150,8,500,334.8389892578125,66.60703714906575,1612.7154164362316,1451.4438747926085
486,airlines,OBAdwinRUNPER,100,8,1,1046.737060546875,65.95276454764054,515.8888706184467,464.29998355660206
487,airlines,OBAdwinRUNPER,150,8,1,1324.197021484375,65.94386549075519,407.7943019345266,367.01487174107393
488,airlines,OBASHTSequential,100,1,1,473.9599914550781,68.29284571445523,1139.336673422953,1025.4030060806579
489,airlines,OBASHTSequential,150,1,1,718.8359985351562,68.04014957831447,751.2144649132929,676.0930184219636
490,airlines,OBASHTMB+,100,8,2000,144.3719940185547,66.02720964377362,3740.337616522767,3366.3038548704903
491,airlines,OBASHTMB+,100,8,50,252.6869964599609,68.18292223913612,2137.0312187218733,1923.328096849686
492,airlines,OBASHTMB+,100,8,500,152.35800170898438,67.80896780933895,3544.283818000199,3189.855436200179
493,airlines,OBASHTMB+,150,8,2000,223.78900146484372,65.42428770541679,2412.987217715575,2171.6884959440176
494,airlines,OBASHTMB+,150,8,50,357.260986328125,67.87142637294585,1511.5000536443658,1360.3500482799293
495,airlines,OBASHTMB+,150,8,500,226.8560028076172,67.48218073310905,2380.3646071377766,2142.328146423999
496,airlines,OBASHTRUNPER,100,8,1,1161.3289794921875,68.35810546494791,464.9845216435785,418.48606947922065
497,airlines,OBASHTRUNPER,150,8,1,1509.4990234375,68.05257117855031,357.73458055659245,321.9611225009332
498,airlines,OBRUNPER,100,8,1,514.3350219726561,65.11458462725004,1049.8993397900645,944.909405811058
499,airlines,OBRUNPER,150,8,1,700.22802734375,65.12923099170719,771.1773578221938,694.0596220399744
500,airlines,SRPSequential,100,1,1,3296.02490234375,68.53293485334169,163.8337136397285,147.45034227575565
501,airlines,SRPSequential,150,1,1,4921.3740234375,68.59634063364993,109.72545419801658,98.75290877821492
502,airlines,SRPMB+,100,8,2000,624.2839965820312,67.09088303872657,864.9909383493923,778.4918445144531
503,airlines,SRPMB+,100,8,50,902.5479736328124,68.47402254265917,598.3061463497237,538.4755317147514
504,airlines,SRPMB+,100,8,500,669.031982421875,68.07822848373395,807.136301683541,726.422671515187
505,airlines,SRPMB+,150,8,2000,992.9400024414062,67.0194256238102,543.8395055816734,489.45555502350607
506,airlines,SRPMB+,150,8,50,1250.6490478515625,68.44361461286441,431.7758054728809,388.59822492559283
507,airlines,SRPMB+,150,8,500,1020.5650024414062,68.07952746700118,529.1186731939723,476.2068058745751
508,airlines,SRPRUNPER,100,8,1,1735.987060546875,68.5423901012824,311.06222636814346,279.95600373132913
509,airlines,SRPRUNPER,150,8,1,2465.12890625,68.59689682470528,219.05548169546154,197.1499335259154
510,covtypeNorm,ARFRUNPER,100,8,1,1275.0250244140625,92.65849930810379,455.6773309347387,410.1095978412648
511,covtypeNorm,ARFRUNPER,150,8,1,1717.262939453125,92.5722704522454,338.32908557673977,304.4961770190658
512,covtypeNorm,ARFSequential,100,1,1,1215.7950439453125,92.65127054174441,477.87659843934506,430.0889385954106
513,covtypeNorm,ARFSequential,150,1,1,1896.8280029296875,92.5930961838998,306.3008343943859,275.6707509549473
514,covtypeNorm,LBagMB+,100,8,50,641.8820190429688,91.37482313817426,905.150764101879,814.635687691691
515,covtypeNorm,LBagMB+,100,8,500,,,,
516,covtypeNorm,LBagRUNPER,100,8,1,2002.6820068359373,93.3443715448218,290.1109602107672,261.0998641896905
517,covtypeNorm,LBagRUNPER,150,8,1,2758.89990234375,93.50753512836224,210.5911850975191,189.5320665877672
518,covtypeNorm,LBagSequential,100,1,1,1514.5579833984375,93.35762428314732,383.61027201898503,345.24924481708655
519,covtypeNorm,LBagSequential,150,1,1,2218.31005859375,93.49066800685699,261.9110875637973,235.7199788074176
520,covtypeNorm,OBSequential,100,1,1,562.8619995117189,84.41701720446395,1032.224595911637,929.0021363204733
521,covtypeNorm,OBSequential,150,1,1,1000.43701171875,84.31512602149355,580.7462071018768,522.6715863916892
522,covtypeNorm,OBAdwinSequential,100,1,1,746.3109741210938,84.29034167968992,778.4958551416518,700.6462696274866
523,covtypeNorm,OBAdwinSequential,150,1,1,1413.4010009765625,84.32132210694444,411.06522465922205,369.95870219329987
524,covtypeNorm,OBAdwinMB+,100,8,2000,340.0069885253906,82.18931559276837,1708.7884061436366,1537.909565529273
525,covtypeNorm,OBAdwinMB+,100,8,50,653.1900024414062,83.28703082129296,889.4808521692247,800.5327669523023
526,covtypeNorm,OBAdwinMB+,100,8,500,338.30999755859375,84.6909280083788,1717.3598303117644,1545.623847280588
527,covtypeNorm,OBAdwinRUNPER,100,8,1,1470.114990234375,86.0051083282273,395.2071802950416,355.68646226553744
528,covtypeNorm,OBAdwinRUNPER,150,8,1,2070.31201171875,86.0844526446958,280.6340284514218,252.5706256062796
529,covtypeNorm,OBASHTSequential,100,1,1,676.4030151367188,81.1644165697094,858.9553668423029,773.0598301580726
530,covtypeNorm,OBASHTSequential,150,1,1,1285.0069580078125,80.4589233957302,452.1376295897595,406.92386663078355
531,covtypeNorm,OBASHTMB+,100,8,2000,387.4169921875,76.89167063895049,1499.676089888207,1349.7084808993861
532,covtypeNorm,OBASHTMB+,100,8,50,657.8699951171875,78.97556122431415,883.1532131154659,794.8378918039193
533,covtypeNorm,OBASHTMB+,100,8,500,420.447998046875,78.98906482553332,1381.8593564458483,1243.6734208012635
534,covtypeNorm,OBASHTMB+,150,8,2000,607.3629760742188,76.13676400489109,956.5943643048186,860.9349278743367
535,covtypeNorm,OBASHTMB+,150,8,50,1017.6530151367188,78.04142095352191,570.921513873709,513.8293624863381
536,covtypeNorm,OBASHTMB+,150,8,500,630.094970703125,77.9797833636514,922.0832208066353,829.8748987259718
537,covtypeNorm,OBASHTRUNPER,100,8,1,1465.5069580078125,82.36714560112354,396.44984066797093,356.80485660117387
538,covtypeNorm,OBASHTRUNPER,150,8,1,2067.885009765625,81.4940138930005,280.96339847535853,252.86705862782267
539,covtypeNorm,OBRUNPER,100,8,1,1517.3909912109375,87.24811191507233,382.89406182406503,344.60465564165855
540,covtypeNorm,OBRUNPER,150,8,1,1993.428955078125,87.35654341046312,291.4575904598666,262.31183141387993
541,covtypeNorm,SRPSequential,100,1,1,4063.24609375,95.34760039379564,142.98912411278314,128.69021170150484
542,covtypeNorm,SRPSequential,150,1,1,6037.2080078125,95.1080184230274,96.23653835484086,86.61288451935678
543,covtypeNorm,SRPMB+,100,8,2000,900.8369750976562,86.7731584146788,644.9557645399891,580.4601880859902
544,covtypeNorm,SRPMB+,100,8,50,1002.3870239257812,93.64708879410357,579.6164416859195,521.6547975173276
545,covtypeNorm,SRPMB+,100,8,500,864.1279907226562,92.46785596163387,672.3541029079721,605.1186926171749
546,covtypeNorm,SRPMB+,150,8,2000,1323.821044921875,86.06453752253842,438.88107250499826,394.9929652544984
547,covtypeNorm,SRPMB+,150,8,50,1471.3509521484375,93.25239860782631,394.8751989806615,355.38767908259535
548,covtypeNorm,SRPMB+,150,8,500,1306.0260009765625,91.95055399371587,444.8609748699991,400.3748773829992
549,covtypeNorm,SRPRUNPER,100,8,1,3575.90087890625,95.35482916015505,162.47653938822506,146.22888544940255
550,covtypeNorm,SRPRUNPER,150,8,1,4837.31494140625,95.08925805318995,120.10795390367909,108.09715851331119
551,elecNormNew,ARFMB+,100,8,2000,18.072999954223636,76.22137052087182,2489.9020701587265,2240.9118631428537
552,elecNormNew,ARFMB+,100,8,50,25.298999786376953,80.37647474702841,1778.7264468942235,1600.8538022048012
553,elecNormNew,ARFMB+,100,8,500,18.03400039672852,78.34062304739801,2495.2866258205963,2245.757963238537
554,elecNormNew,ARFMB+,150,8,2000,23.95400047302246,76.165958625785,1878.600614151278,1690.7405527361502
555,elecNormNew,ARFMB+,150,8,50,36.17900085449219,80.38752154124873,1243.8154436874822,1119.4338993187341
556,elecNormNew,ARFMB+,150,8,500,25.90699958801269,78.1397839864322,1736.98231040316,1563.284079362844
557,elecNormNew,ARFRUNPER,100,8,1,64.45899963378906,89.13532838983049,698.1181876178426,628.3063688560584
558,elecNormNew,ARFRUNPER,150,8,1,87.16999816894531,88.88815324858757,516.2326596908366,464.60939372175295
559,elecNormNew,ARFSequential,100,1,1,84.75700378417969,89.04925847457628,530.9295750305826,477.8366175275243
560,elecNormNew,ARFSequential,150,1,1,123.63899993896484,88.97201624293785,363.96282744291466,327.5665446986232
561,elecNormNew,LBagMB+,100,8,2000,11.590999603271484,75.29783893609161,3882.3226244696825,3494.0903620227145
562,elecNormNew,LBagMB+,100,8,50,18.010000228881836,80.73660023861076,2498.6118505337663,2248.7506654803897
563,elecNormNew,LBagMB+,100,8,500,12.060999870300293,77.74926359010979,3731.0339510748704,3357.9305559673835
564,elecNormNew,LBagMB+,150,8,2000,16.923999786376953,74.97922053934245,2658.9459092420307,2393.0513183178277
565,elecNormNew,LBagMB+,150,8,50,27.25300025939941,80.35438115858776,1651.1943482068455,1486.074913386161
566,elecNormNew,LBagMB+,150,8,500,17.249000549316403,77.59305543158081,2608.84680659271,2347.962125933439
567,elecNormNew,LBagRUNPER,100,8,1,52.74599838256836,89.2147775423729,853.145288361282,767.8307595251539
568,elecNormNew,LBagRUNPER,150,8,1,68.99400329589844,88.69835805084746,652.23059759275,587.007537833475
569,elecNormNew,LBagSequential,100,1,1,47.18000030517578,89.15960451977402,953.7939743307584,858.4145768976825
570,elecNormNew,LBagSequential,150,1,1,70.56999969482422,88.70939265536724,637.6647328128076,573.898259531527
571,elecNormNew,OBSequential,100,1,1,15.361000061035154,82.82574152542372,2929.4967659135286,2636.547089322176
572,elecNormNew,OBSequential,150,1,1,23.48200035095215,82.66905014124293,1916.3614397176066,1724.7252957458459
573,elecNormNew,OBAdwinSequential,100,1,1,19.92099952697754,84.93997175141244,2258.9227984800573,2033.0305186320516
574,elecNormNew,OBAdwinSequential,150,1,1,29.947999954223636,84.7259004237288,1502.6045167885593,1352.3440651097035
575,elecNormNew,OBAdwinMB+,100,8,2000,6.2150001525878915,75.89351680827484,7240.546885789255,6516.492197210329
576,elecNormNew,OBAdwinMB+,100,8,50,11.769000053405762,80.36984667049623,3823.6043670488143,3441.243930343933
577,elecNormNew,OBAdwinMB+,100,8,500,7.132999897003174,77.43684727305184,6308.7061053941825,5677.835494854764
578,elecNormNew,OBAdwinMB+,150,8,2000,9.043999671936037,75.699575175471,4975.674660807115,4478.107194726404
579,elecNormNew,OBAdwinMB+,150,8,50,15.515999794006348,80.43170871813001,2900.2320570655706,2610.208851359014
580,elecNormNew,OBAdwinMB+,150,8,500,9.553000450134276,77.47701508524503,4710.561905120342,4239.505714608308
581,elecNormNew,OBAdwinRUNPER,100,8,1,38.4119987487793,86.33474576271186,1171.508941628039,1054.3580474652351
582,elecNormNew,OBAdwinRUNPER,150,8,1,48.66899871826172,86.43847104519773,924.6132278269981,832.1519050442984
583,elecNormNew,OBASHTSequential,100,1,1,18.38999938964844,81.68697033898306,2446.982136678595,2202.2839230107356
584,elecNormNew,OBASHTSequential,150,1,1,24.92099952697754,81.31400070621469,1805.7060653320302,1625.1354587988271
585,elecNormNew,OBASHTMB+,100,8,2000,6.664999961853027,72.06086073143702,6751.687960623624,6076.519164561262
586,elecNormNew,OBASHTMB+,100,8,50,12.156000137329102,77.63024170385755,3701.8755751583376,3331.688017642504
587,elecNormNew,OBASHTMB+,100,8,500,7.485000133514403,73.49147549763457,6012.02394085614,5410.821546770526
588,elecNormNew,OBASHTMB+,150,8,2000,9.18299961090088,69.83053195419285,4900.359567322835,4410.323610590552
589,elecNormNew,OBASHTMB+,150,8,50,16.275999069213867,76.94313110335379,2764.807236018938,2488.3265124170443
590,elecNormNew,OBASHTMB+,150,8,500,10.746000289916992,71.85798446844595,4187.604577139613,3768.8441194256516
591,elecNormNew,OBASHTRUNPER,100,8,1,39.09400177001953,82.94270833333334,1151.0717236041482,1035.9645512437335
592,elecNormNew,OBASHTRUNPER,150,8,1,53.74599838256836,82.4262888418079,837.2716361074245,753.544472496682
593,elecNormNew,OBRUNPER,100,8,1,31.55500030517578,82.35346045197741,1426.0814313038975,1283.4732881735079
594,elecNormNew,OBRUNPER,150,8,1,42.79899978637695,82.19897598870057,1051.4264404450787,946.2837964005708
595,elecNormNew,SRPSequential,100,1,1,161.4770050048828,89.85919844632768,278.67745007184936,250.80970506466443
596,elecNormNew,SRPSequential,150,1,1,235.24099731445312,89.72016242937853,191.2931866202185,172.16386795819665
597,elecNormNew,SRPMB+,100,8,2000,33.03300094604492,76.3760620613225,1362.274050532121,1226.0466454789089
598,elecNormNew,SRPMB+,100,8,50,45.487998962402344,81.35301135610445,989.2719184502776,890.3447266052498
599,elecNormNew,SRPMB+,100,8,500,34.74499893188477,78.69990181201463,1295.1504211647687,1165.6353790482917
600,elecNormNew,SRPMB+,150,8,2000,49.03799819946289,75.7365164388622,917.6557292767485,825.8901563490737
601,elecNormNew,SRPMB+,150,8,50,58.81700134277344,81.2911493084707,765.0849069599658,688.5764162639692
602,elecNormNew,SRPMB+,150,8,500,52.86000061035156,78.40980094617514,851.3053250171106,766.1747925153995
603,elecNormNew,SRPRUNPER,100,8,1,113.5749969482422,89.64954096045197,396.21396618225015,356.59256956402515
604,elecNormNew,SRPRUNPER,150,8,1,156.40499877929688,89.55243644067797,287.7145893751101,258.9431304375991
605,GMSC,ARFMB+,100,8,2000,52.98199844360352,93.52905405405407,2831.150285123105,2548.0352566107945
606,GMSC,ARFMB+,100,8,50,80.24800109863281,93.5458486162054,1869.2054374741997,1682.2848937267797
607,GMSC,ARFMB+,100,8,500,56.28099822998047,93.53846153846152,2665.1979303397666,2398.67813730579
608,GMSC,ARFMB+,150,8,2000,83.33899688720703,93.53108108108108,1799.8776755498216,1619.8899079948394
609,GMSC,ARFMB+,150,8,50,112.8010025024414,93.57452484161388,1329.7754157526524,1196.7978741773873
610,GMSC,ARFMB+,150,8,500,87.05000305175781,93.54046822742474,1723.1475559031703,1550.8328003128534
611,GMSC,ARFRUNPER,100,8,1,219.81500244140625,93.54866666666666,682.3920038851029,614.1528034965926
612,GMSC,ARFRUNPER,150,8,1,313.95599365234375,93.55066666666669,477.77396524590995,429.99656872131897
613,GMSC,ARFSequential,100,1,1,174.62399291992188,93.57133333333331,858.988490022595,773.0896410203355
614,GMSC,ARFSequential,150,1,1,273.0889892578125,93.53733333333332,549.2715045292102,494.3443540762892
615,GMSC,LBagMB+,100,8,2000,43.11000061035156,93.54729729729729,3479.4710711273347,3131.5239640146015
616,GMSC,LBagMB+,100,8,50,53.93000030517578,93.4318106035345,2781.3832588761206,2503.2449329885085
617,GMSC,LBagMB+,100,8,500,44.400001525878906,93.53444816053512,3378.378262274862,3040.5404360473763
618,GMSC,LBagMB+,150,8,2000,66.96700286865234,93.54256756756756,2239.909113062844,2015.9182017565597
619,GMSC,LBagMB+,150,8,50,84.15399932861328,93.47249083027675,1782.4464814115895,1604.2018332704306
620,GMSC,LBagMB+,150,8,500,65.84500122070311,93.54180602006687,2278.0772605231073,2050.2695344707968
621,GMSC,LBagRUNPER,100,8,1,177.74899291992188,93.54466666666669,843.8866377576433,759.497973981879
622,GMSC,LBagRUNPER,150,8,1,250.2779998779297,93.558,599.3335413946126,539.4001872551513
623,GMSC,LBagSequential,100,1,1,137.18299865722656,93.522,1093.429954646193,984.0869591815737
624,GMSC,LBagSequential,150,1,1,217.28500366210938,93.55733333333332,690.3375634393002,621.3038070953702
625,GMSC,OBSequential,100,1,1,41.05699920654297,93.46266666666668,3653.4574591144387,3288.111713202995
626,GMSC,OBSequential,150,1,1,69.80300140380861,93.48733333333334,2148.904731649772,1934.014258484795
627,GMSC,OBAdwinSequential,100,1,1,49.39300155639648,93.46466666666666,3036.8674766349513,2733.180728971456
628,GMSC,OBAdwinSequential,150,1,1,82.1780014038086,93.49733333333332,1825.3060117990185,1642.7754106191167
629,GMSC,OBAdwinMB+,100,8,2000,15.39799976348877,93.52635135135135,9741.525022988704,8767.372520689834
630,GMSC,OBAdwinMB+,100,8,50,23.30599975585937,93.39913304434812,6436.110940157735,5792.499846141962
631,GMSC,OBAdwinMB+,100,8,500,16.471000671386722,93.50568561872907,9106.9148130495,8196.22333174455
632,GMSC,OBAdwinMB+,150,8,2000,24.56100082397461,93.48445945945946,6107.242985537512,5496.518686983761
633,GMSC,OBAdwinMB+,150,8,50,33.74599838256836,93.44048016005337,4444.971468898166,4000.474322008349
634,GMSC,OBAdwinMB+,150,8,500,24.1299991607666,93.49096989966557,6216.328438331971,5594.695594498774
635,GMSC,OBAdwinRUNPER,100,8,1,95.70500183105469,93.53666666666666,1567.3162021854482,1410.5845819669034
636,GMSC,OBAdwinRUNPER,150,8,1,141.02200317382812,93.54066666666668,1063.6638015636845,957.297421407316
637,GMSC,OBASHTSequential,100,1,1,30.31100082397461,93.314,4948.698357771047,4453.828521993943
638,GMSC,OBASHTSequential,150,1,1,45.37200164794922,93.31466666666668,3306.003582647315,2975.4032243825836
639,GMSC,OBASHTMB+,100,8,2000,9.57699966430664,93.30405405405405,15662.525348001018,14096.272813200916
640,GMSC,OBASHTMB+,100,8,50,19.06800079345703,93.3151050350117,7866.582429106611,7079.92418619595
641,GMSC,OBASHTMB+,100,8,500,11.996999740600586,93.31237458193979,12503.126051788246,11252.813446609422
642,GMSC,OBASHTMB+,150,8,2000,12.906999588012695,93.30405405405405,11621.601052758355,10459.440947482519
643,GMSC,OBASHTMB+,150,8,50,23.091999053955078,93.3151050350117,6495.756372132225,5846.180734919002
644,GMSC,OBASHTMB+,150,8,500,14.135000228881836,93.31237458193979,10611.955965413232,9550.760368871908
645,GMSC,OBASHTRUNPER,100,8,1,80.21900177001953,93.31333333333332,1869.8811589557813,1682.8930430602031
646,GMSC,OBASHTRUNPER,150,8,1,111.53299713134766,93.31466666666668,1344.8934742007461,1210.4041267806715
647,GMSC,OBRUNPER,100,8,1,100.13500213623048,93.54733333333334,1497.977698107299,1348.179928296569
648,GMSC,OBRUNPER,150,8,1,143.30599975585938,93.57,1046.7112350881662,942.0401115793496
649,GMSC,SRPSequential,100,1,1,312.04901123046875,93.50933333333332,480.6937199016315,432.62434791146836
650,GMSC,SRPSequential,150,1,1,490.1329956054688,93.51466666666668,306.0393838915144,275.43544550236294
651,GMSC,SRPMB+,100,8,2000,92.19300079345705,93.5047297297297,1627.0215603031497,1464.3194042728348
652,GMSC,SRPMB+,100,8,50,118.31400299072266,93.53451150383462,1267.8127373626428,1141.0314636263786
653,GMSC,SRPMB+,100,8,500,89.47699737548828,93.51170568561872,1676.4085116818153,1508.7676605136337
654,GMSC,SRPMB+,150,8,2000,136.98300170898438,93.50878378378378,1095.0263764745773,985.5237388271196
655,GMSC,SRPMB+,150,8,50,163.97900390625,93.50783594531514,914.751257336323,823.2761316026907
656,GMSC,SRPMB+,150,8,500,146.4040069580078,93.52173913043478,1024.5621217390833,922.105909565175
657,GMSC,SRPRUNPER,100,8,1,380.3489990234375,93.49799999999999,394.3746411457148,354.93717703114334
658,GMSC,SRPRUNPER,150,8,1,524.0759887695311,93.49333333333333,286.2180355795013,257.5962320215512
