,algorithm,dataset,cores,batch_size,inc_rate,out_rate,instances,time,delay,acc,methodology_x,ensemble_size,duration,avg_measure,sum_measure,prod_rate,tt_inst_prod,methodology_y,avg_times_duration,joules,JPIold,JPI,PERC,tput
1,StreamingRandomPatchesExecutorMAXChunk,elecNormNew,4,50,440,391.18743896484375,45100.0,115.29000091552734,127.0,89.56048834628191,3,25,119,5.310185185185185,1147.0,438.7339149294629,45312.0,3,631.9120370370371,612.2112548616198,0.00011774246530344092,0.014011353371109469,90,391.18743726131675
182,StreamingRandomPatchesExecutorMAXChunk,elecNormNew,4,50,355,354.4378662109375,42529.0,119.98999786376952,134.0,81.1224369688552,2,25,125,5.18898678414097,1177.9,354.172218520986,42529.0,2,648.6233480176212,622.6265131442033,0.00012201055242636718,0.015251319053295897,50,354.43787613268603
55,StreamingRandomPatchesExecutorMAXChunk,elecNormNew,4,50,244,239.7391662597656,28750.0,119.9219970703125,163.0,90.1602787456446,3,25,124,4.691150442477876,1060.2,239.50419832067172,28752.0,3,581.7026548672567,562.572129619227,0.00016317045017314352,0.020233135821469798,10,239.7391696466107
170,StreamingRandomPatchesExecutorMAXChunk,elecNormNew,4,50,197,194.80812072753903,23361.0,119.91799926757812,207.0,82.75921238900091,2,25,124,4.310185185185185,931.0,194.63282955359674,23361.0,2,534.4629629629629,516.8687838801632,0.00018450345384123904,0.022878428276313638,90,194.80812007106297
2,StreamingRandomPatchesExecutorMAXChunk,elecNormNew,4,50,48,44.94269943237305,5400.0,120.15299987792967,680.0,91.1588785046729,3,25,124,3.4888392857142856,781.5,44.93372275893058,5400.0,3,432.6160714285714,419.1945062705448,0.0006460813492063492,0.0801140873015873,50,44.9426981056334
24,StreamingRandomPatchesExecutorMAXChunk,elecNormNew,4,50,39,34.97406005859375,4200.0,120.08899688720705,867.0,82.0,2,25,124,3.409734513274336,770.6,34.95194108101361,4200.0,2,422.8070796460177,409.4715973508042,0.0008118415507796039,0.10066835229667088,10,34.97406181138167
150,StreamingRandomPatches,elecNormNew,1,1,147,137.9028778076172,16550.0,120.01200103759766,5170.0,91.38368580060424,1,25,125,3.9292035398230087,888.0,144.74265287927142,17371.0,1,491.1504424778761,471.5515792981713,0.0002374141111675534,0.029676763895944175,90,137.9028751867505
38,StreamingRandomPatches,elecNormNew,1,1,82,79.85601806640625,9584.0,120.01599884033205,1235.0,91.35016694490818,1,25,125,3.6065789473684213,822.3000000000001,79.86533557774037,9584.0,1,450.82236842105266,432.84717476493444,0.0003763124945083912,0.0470390618135489,50,79.85601996905802
123,StreamingRandomPatches,elecNormNew,1,1,16,15.001375198364258,1800.0,119.98899841308594,117.0,92.2777777777778,1,25,125,3.287168141592921,742.9000000000001,14.982146275688137,1800.0,1,410.8960176991151,394.4240129251396,0.0018262045231071781,0.22827556538839727,10,15.001375324453853
146,OzaBagExecutorMAXChunk,elecNormNew,4,50,3745,3542.111328125,43150.0,12.182000160217283,14.0,77.35962877030163,3,25,17,4.75,152.0,3702.868350085805,45312.0,3,80.75,57.8645007610321,0.0001100811123986095,0.0018713789107763616,90,3542.1112651857293
79,OzaBagExecutorMAXChunk,elecNormNew,4,50,2296,2209.946533203125,43726.0,19.785999298095703,21.0,79.05256891656745,2,25,26,4.485416666666667,215.3,2278.93175074184,45312.0,2,116.62083333333334,88.74845101833344,0.00010258008202594947,0.002667082132674686,50,2209.9465051638
53,OzaBagExecutorMAXChunk,elecNormNew,4,50,2081,2086.01953125,45300.0,21.715999603271484,19.0,77.86519337016574,3,25,28,4.073076923076924,211.8,2072.54265196908,45312.0,3,114.04615384615386,88.45093684563271,8.991339786041774e-05,0.0025175751400916967,10,2086.019562883747
204,OzaBagExecutorMAXChunk,elecNormNew,4,50,1276,1271.7015380859375,45312.0,35.63100051879883,29.0,78.67968715478769,2,25,41,3.9986842105263154,303.9,1267.9295967764501,45312.0,2,163.94605263157894,142.47711917977583,8.824779772524531e-05,0.0036181597067350578,90,1271.7015896338219
43,OzaBagExecutorMAXChunk,elecNormNew,4,50,416,414.3494567871094,45300.0,109.3280029296875,67.0,76.06629834254144,3,25,115,3.2375000000000003,673.4000000000001,413.89137543616073,45312.0,3,372.31250000000006,353.94940948486334,7.146799116997793e-05,0.008218818984547462,50,414.3494693590438
87,OzaBagExecutorMAXChunk,elecNormNew,4,50,255,254.8404541015625,30549.0,119.875,112.0,80.3239450473786,2,25,126,3.3772925764192143,773.4000000000001,254.47957016118954,30549.0,2,425.538864628821,404.8529475982533,0.00011055329393496397,0.01392971503580546,10,254.84045881126173
169,OzaBagAdwinExecutorMAXChunk,elecNormNew,4,50,2270,2135.434814453125,42950.0,20.113000869750977,23.0,85.64335664335664,3,25,26,5.004166666666666,240.2,2257.2481817276075,45312.0,3,130.10833333333332,100.6488085190455,0.00011651144741948002,0.00302929763290648,90,2135.4347010741103
23,OzaBagAdwinExecutorMAXChunk,elecNormNew,4,50,1940,1866.2305908203125,43653.0,23.391000747680664,25.0,79.26518817512557,2,25,28,4.753846153846154,247.2,1931.04623907948,45312.0,2,133.1076923076923,111.19721893897423,0.00010890078926639988,0.0030492220994591964,50,1866.2305418603526
168,OzaBagAdwinExecutorMAXChunk,elecNormNew,4,50,1261,1258.3333740234375,45300.0,36.0,31.0,85.58232044198894,3,25,41,4.223684210526316,321.0,1253.6867443211686,45312.0,3,173.17105263157896,152.05263157894737,9.323806204252353e-05,0.003822760543743465,10,1258.3333333333333
94,OzaBagAdwinExecutorMAXChunk,elecNormNew,4,50,1077,1072.879638671875,45312.0,42.23400115966797,35.0,79.9721620785648,2,25,48,4.273863636363636,376.09999999999997,1069.4106818342734,45312.0,2,205.14545454545453,180.50236177444455,9.432078999743194e-05,0.004527397919876733,90,1072.8796409484266
132,OzaBagAdwinExecutorMAXChunk,elecNormNew,4,50,252,249.85191345214844,29950.0,119.87100219726562,34.0,87.02341137123746,3,25,126,3.3290178571428575,745.7,249.4835399173664,29950.0,3,419.45625000000007,399.05270686830795,0.00011115251609825901,0.014005217028380637,50,249.8519195719479
206,OzaBagAdwinExecutorMAXChunk,elecNormNew,4,50,215,214.8529357910156,25757.0,119.88200378417967,135.0,81.73649200606839,2,25,126,3.284649122807018,748.9000000000001,214.56835581176432,25757.0,2,413.86578947368423,393.77031857005335,0.0001275245223747726,0.016068089819221348,10,214.8529319410579
171,OzaBagAdwin,elecNormNew,1,1,1051,786.8869018554688,39257.0,49.88899993896485,3652.0,84.14805002929414,1,25,57,3.841346153846153,399.4999999999999,1044.8738643176682,45312.0,1,218.95673076923072,191.6409180347736,9.785124064106154e-05,0.005577520716540508,90,786.8868898560356
86,OzaBagAdwin,elecNormNew,1,1,584,563.0445556640625,44074.0,78.27799987792969,696.0,84.11081363161955,1,25,85,3.6335483870967744,563.2,577.7381104169323,45312.0,1,308.8516129032258,284.4269002016129,8.24419927189902e-05,0.007007569381114168,50,563.0445344634638
71,OzaBagAdwin,elecNormNew,1,1,116,114.95873260498048,13777.0,119.84300231933594,90.0,88.88727589460696,1,25,126,3.2301310043668123,739.7,114.79972335408178,13777.0,1,406.9965065502183,387.1085974480908,0.00023445822779754753,0.029541736702490988,10,114.95873545699017
140,OzaBagASHTExecutorMAXChunk,elecNormNew,4,50,3727,3568.2060546875,43500.0,12.190999984741213,13.0,77.76754890678941,3,25,18,4.96,148.8,3703.473641193298,45312.0,3,89.28,60.46735992431641,0.00011402298850574712,0.0020524137931034483,90,3568.2060581122546
0,OzaBagASHTExecutorMAXChunk,elecNormNew,4,50,2354,2097.70263671875,43649.0,20.808000564575195,23.0,79.6279731186495,2,25,26,4.552272727272729,200.30000000000004,2327.1532021981407,45312.0,2,118.35909090909094,94.7236934791912,0.00010429271523454669,0.002711610596098214,50,2097.702749696706
175,OzaBagASHTExecutorMAXChunk,elecNormNew,4,50,2070,2056.731201171875,45100.0,21.92799949645996,19.0,76.92341842397337,3,25,28,4.203846153846153,218.59999999999997,2052.917723812976,45312.0,3,117.70769230769228,92.18193634473359,9.321166638239807e-05,0.002609926658707146,10,2056.731167258596
127,OzaBagASHTExecutorMAXChunk,elecNormNew,4,50,1307,1302.5555419921875,45312.0,34.7869987487793,30.0,79.57447748663338,2,25,41,4.178947368421053,317.6,1296.8517458500287,45312.0,2,171.33684210526317,145.3730368764777,9.222606303895332e-05,0.0037812685845970864,90,1302.5555992119048
81,OzaBagASHTExecutorMAXChunk,elecNormNew,4,50,414,409.23626708984375,45300.0,110.69400024414062,67.0,76.74033149171271,3,25,116,3.2261904761904763,677.5,408.67643742953777,45312.0,3,374.23809523809524,357.1199293590727,7.121833280773678e-05,0.008261326605697467,50,409.2362720661355
68,OzaBagASHTExecutorMAXChunk,elecNormNew,4,50,261,259.8048095703125,31148.0,119.88999938964844,109.0,80.4296096211975,2,25,126,3.249344978165939,744.1,259.4563976976452,31148.0,2,409.41746724890834,389.56396744907164,0.00010431953827423717,0.013144261822553883,10,259.8048224086436
128,OzaBagASHT,elecNormNew,1,1,1301,885.7743530273438,38362.0,43.30899810791016,3988.0,82.9023512851259,1,25,50,3.847826086956522,354.0,1289.8010304289658,45312.0,1,192.3913043478261,166.6454927195674,0.00010030306258684432,0.005015153129342216,90,885.7743581233615
13,OzaBagASHT,elecNormNew,1,1,723,677.8400268554688,42729.0,63.0369987487793,553.0,81.35926419995786,1,25,70,3.57734375,457.9,717.0981831993416,45312.0,1,250.4140625,225.50501349270343,8.37216819958342e-05,0.005860517739708394,50,677.8400121853429
134,OzaBagASHT,elecNormNew,1,1,144,139.90541076660156,16772.0,119.88099670410156,95.0,86.99022179823515,1,25,126,3.2275109170305685,739.1000000000001,139.75385589654283,16772.0,1,406.6663755458516,386.9172256069934,0.00019243446917663776,0.024246743116256356,10,139.9054100409074
214,OzaBag,elecNormNew,1,1,1395,962.0896606445312,37864.0,39.35599899291992,3595.0,82.35527149799282,1,25,46,3.8494117647058816,327.19999999999993,1386.5785366749287,45312.0,1,177.07294117647055,151.4974455350988,0.00010166416027640718,0.004676551372714731,90,962.0896678753262
59,OzaBag,elecNormNew,1,1,775,740.7451782226562,43421.0,58.61800003051758,796.0,82.50385758043343,1,25,65,3.6672268907563006,436.39999999999975,770.8219923788786,45312.0,1,238.36974789915953,214.96550599426772,8.445744894765898e-05,0.005489734181597834,50,740.7451632159789
179,OzaBag,elecNormNew,1,1,155,154.93405151367188,18569.0,119.85099792480467,101.0,86.61748074748236,1,25,127,3.2155844155844155,742.8,154.71588068655225,18569.0,1,408.37922077922076,385.39100111924205,0.00017316949838895015,0.02199252629539667,10,154.93404578617123
152,LeveragingBag,elecNormNew,1,1,457,423.5695190429688,42498.0,100.33300018310548,4663.0,89.54774342321991,1,25,107,3.902061855670102,756.9999999999998,453.77343374459224,45312.0,1,417.5206185567009,391.5055728794373,9.181754095887106e-05,0.009824476882599202,90,423.5695127469736
186,LeveragingBag,elecNormNew,1,1,254,249.7310943603516,29950.0,119.9290008544922,1225.0,90.03005008347246,1,25,128,3.62801724137931,841.6999999999999,249.47938359017076,29950.0,1,464.3862068965517,435.10448284149174,0.00012113580104772321,0.015505382534108571,50,249.73108911611646
93,LeveragingBag,elecNormNew,1,1,50,49.94916915893555,5994.0,120.0019989013672,140.0,90.674007340674,1,25,126,3.293421052631579,750.9,49.925112331502746,6000.0,1,414.97105263157897,395.21710953963435,0.0005494529617336635,0.0692310731784416,10,49.94916797116543
178,LBagExecutorMAXChunk,elecNormNew,4,50,1184,1093.741943359375,42050.0,38.44599914550781,43.0,90.51190476190476,3,25,44,5.201234567901235,421.3,1175.4085603112842,45312.0,3,228.85432098765432,199.96665975311657,0.00012369166629967265,0.005442433317185596,90,1093.7418960254358
174,LBagExecutorMAXChunk,elecNormNew,4,50,1080,1011.5430908203124,42589.0,42.10300064086914,47.0,81.90836644020781,2,25,48,5.258426966292135,468.0,1074.380557202134,45312.0,2,252.4044943820225,221.39555393176133,0.00012346913443124128,0.005926518452699582,50,1011.5431050455607
62,LBagExecutorMAXChunk,elecNormNew,4,50,658,644.0339965820312,44600.0,69.2509994506836,61.0,90.32323232323232,3,25,75,4.332352941176471,589.2,652.8918474971903,45312.0,3,324.92647058823536,300.01977114957924,9.713795832234241e-05,0.0072853468741756805,10,644.0340262780098
215,LBagExecutorMAXChunk,elecNormNew,4,50,600,598.60498046875,45312.0,75.69599914550781,62.0,81.41266404489417,2,25,80,4.4787234042553195,631.5,597.618074148323,45312.0,2,358.29787234042556,339.0214429814765,9.884188303882679e-05,0.007907350643106143,90,598.6049528575255
192,LBagExecutorMAXChunk,elecNormNew,4,50,131,129.6481475830078,15550.0,119.94000244140624,233.0,92.2451612903226,3,25,125,3.430701754385965,782.1999999999999,129.76819371073375,15574.0,3,428.8377192982456,411.4783767967893,0.00022062390703446718,0.0275779883793084,50,129.6481547730214
3,LBagExecutorMAXChunk,elecNormNew,4,50,120,119.96995544433594,14376.0,119.83000183105467,252.0,82.80050258271675,2,25,126,3.4171052631578953,779.1000000000001,119.78303073731222,14376.0,2,430.5552631578948,409.47172994111713,0.0002376951351667985,0.02994958703101661,10,119.969955606513
31,AdaptiveRandomForestSequential,elecNormNew,1,1,284,234.7294158935547,28168.0,120.0019989013672,8453.0,89.13305879011645,1,25,124,3.913716814159291,884.4999999999998,279.4122546896345,33544.0,1,485.3008849557521,469.6538408330056,0.0001389419488128121,0.0172288016527887,90,234.72942332528993
17,AdaptiveRandomForestSequential,elecNormNew,1,1,158,154.85134887695312,18569.0,119.91500091552734,1990.0,89.6009478162529,1,25,125,3.6846491228070173,840.0999999999999,154.7249048019798,18569.0,1,460.58114035087715,441.8447029348005,0.0001984301320914975,0.02480376651143719,50,154.8513518594784
202,AdaptiveRandomForestSequential,elecNormNew,1,1,31,30.00149917602539,3600.0,119.99400329589844,111.0,88.75,1,25,126,3.3307017543859643,759.3999999999999,29.959803929727617,3600.0,1,419.6684210526315,399.6642372934441,0.0009251949317738789,0.11657456140350875,10,30.00149925094676
78,AdaptiveRandomForestExecutorMAXChunk,elecNormNew,4,50,827,780.4276123046875,43000.0,55.09799957275391,61.0,88.91501746216531,3,25,60,5.406363636363637,594.7,821.1522081876009,45312.0,3,324.38181818181823,297.879821326516,0.0001257293868921776,0.007543763213530657,90,780.4276077794955
176,AdaptiveRandomForestExecutorMAXChunk,elecNormNew,4,50,715,694.46240234375,44081.0,63.47499847412109,67.0,80.54552474393041,2,25,68,5.16290322580645,640.1999999999998,712.553663254234,45312.0,2,351.0774193548386,327.71527438009923,0.0001171230967039416,0.007964370575868029,50,694.4624034606622
73,AdaptiveRandomForestExecutorMAXChunk,elecNormNew,4,50,459,453.6795654296875,45250.0,99.73999786376952,88.0,88.71902654867256,3,25,104,4.425,796.5,453.70527981095614,45312.0,3,460.2,441.3494905471801,9.779005524861877e-05,0.010170165745856352,10,453.67957659077746
200,AdaptiveRandomForestExecutorMAXChunk,elecNormNew,4,50,397,394.2505187988281,45312.0,114.93199920654295,98.0,80.23286642216428,2,25,119,4.270370370370371,922.4000000000001,393.7092710053002,45312.0,2,508.1740740740741,490.802204019052,9.424369637999582e-05,0.011214999869219502,90,394.2505160688133
101,AdaptiveRandomForestExecutorMAXChunk,elecNormNew,4,50,91,89.72164916992188,10750.0,119.81500244140624,340.0,89.44859813084112,3,25,124,3.560267857142857,797.5,89.84850252495792,10782.0,3,441.4732142857143,426.5735019956316,0.000331187707641196,0.041067275747508306,50,89.72165238870758
161,AdaptiveRandomForestExecutorMAXChunk,elecNormNew,4,50,79,74.88021850585938,8986.0,120.00499725341795,391.0,80.93106535362578,2,25,123,3.5093749999999995,786.0999999999999,74.87832272557095,9000.0,2,431.65312499999993,421.14253723621357,0.0003905380592032049,0.0480361812819942,10,74.88021503824552
172,StreamingRandomPatchesExecutorMAXChunk,covtypeNorm,4,50,230,229.5948028564453,27550.0,119.99400329589844,214.0,87.65454545454546,3,25,124,5.460714285714286,1223.2,229.53632895153362,27554.0,3,677.1285714285715,655.2529679979598,0.0001982110448535131,0.024578169561835627,90,229.59480676766202
114,StreamingRandomPatchesExecutorMAXChunk,covtypeNorm,4,50,139,134.7851104736328,16173.0,119.99099731445312,346.0,76.32574582894003,2,25,124,4.839823008849558,1093.8000000000002,134.75590957947625,16173.0,2,600.1380530973453,580.7351896572958,0.00029925326215603525,0.037107404507348375,50,134.78511189982362
163,StreamingRandomPatchesExecutorMAXChunk,covtypeNorm,4,50,127,124.72988891601562,14950.0,119.85900115966795,318.0,80.73154362416108,3,25,124,4.695575221238937,1061.1999999999998,124.77399035136689,14975.0,3,582.2513274336283,562.8069558877859,0.00031408529907952755,0.038946577085861425,10,124.72988974841059
4,StreamingRandomPatchesExecutorMAXChunk,covtypeNorm,4,50,77,74.8808364868164,8986.0,120.00399780273438,523.0,77.1038495971352,2,25,125,3.831858407079646,866.0,74.8814377236043,9000.0,2,478.98230088495575,459.8383278635751,0.00042642537358998954,0.053303171698748694,90,74.88083867648656
151,StreamingRandomPatchesExecutorMAXChunk,covtypeNorm,4,50,25,24.968996047973636,3000.0,120.14900207519533,1175.0,79.28813559322035,3,25,125,3.358558558558558,745.5999999999999,24.969412469724585,3000.0,3,419.81981981981977,403.5274592219172,0.0011195195195195192,0.13993993993993992,50,24.96899639767668
65,StreamingRandomPatchesExecutorMAXChunk,covtypeNorm,4,50,15,14.977533340454102,1800.0,120.18000030517578,1982.0,69.88571428571429,2,25,125,3.2696035242290744,742.1999999999999,14.982769814713079,1800.0,2,408.7004405286343,392.94095253965395,0.0018164464023494857,0.22705580029368574,10,14.977533661418034
108,StreamingRandomPatches,covtypeNorm,1,1,61,59.6710205078125,7161.0,120.00800323486328,4315.0,82.15333054042732,1,25,124,3.8950892857142847,872.4999999999998,59.90515017888344,7200.0,1,482.99107142857133,467.4418876000812,0.0005439309154746942,0.06744743351886208,90,59.67102032341517
113,StreamingRandomPatches,covtypeNorm,1,1,34,29.964168548583984,3596.0,120.01000213623048,770.0,81.39599555061179,1,25,124,3.610666666666666,812.3999999999999,29.962297442385,3600.0,1,447.7226666666666,433.3161143798828,0.001004078605858361,0.12450574712643676,50,29.96416911915364
162,StreamingRandomPatches,covtypeNorm,1,1,6,5.001291751861572,600.0,119.96900177001952,214.0,77.0,1,25,125,3.213215859030837,729.4,4.994797086368366,600.0,1,401.65198237885465,385.4862990795253,0.005355359765051395,0.6694199706314244,10,5.001291926644514
143,OzaBagExecutorMAXChunk,covtypeNorm,4,50,2407,2364.563720703125,283750.0,120.0009994506836,18.0,80.46704265068735,3,25,125,4.360526315789474,994.2,2398.6929192856846,288119.0,3,545.0657894736843,523.267516025744,1.536749362392766e-05,0.0019209367029909578,90,2364.563639460451
119,OzaBagExecutorMAXChunk,covtypeNorm,4,50,1337,1309.59033203125,157050.0,119.9229965209961,28.0,80.27388535031848,3,25,126,3.8917030567685584,891.1999999999999,1330.0512307884544,159666.0,3,490.35458515283835,466.7046921376057,2.478002583106373e-05,0.00312228325471403,50,1309.5903584472535
158,OzaBagExecutorMAXChunk,covtypeNorm,4,50,271,269.6556091308594,32346.0,119.9530029296875,158.0,71.7426306663364,2,25,126,3.832894736842105,873.9,269.3950978187542,32346.0,2,482.94473684210527,459.76723359760484,0.0001184967147975671,0.014930586064493455,10,269.655608529952
9,OzaBagExecutorMAXChunk,covtypeNorm,4,50,267,264.4024353027344,31700.0,119.89299774169922,110.0,68.23064770932069,3,25,126,3.3174672489082977,759.7000000000002,264.4062997109995,31747.0,3,418.00087336244553,397.7410933815237,0.00010465196368795891,0.013186147424682824,90,264.4024304763432
166,OzaBagExecutorMAXChunk,covtypeNorm,4,50,150,149.75999450683594,17970.0,119.99199676513672,256.0,64.87723214285714,2,25,126,3.8040178571428567,852.0999999999999,149.7213034168451,17970.0,2,479.3062499999999,456.45169840880794,0.00021168713729231256,0.02667257929883138,50,149.75998803631148
130,OzaBagExecutorMAXChunk,covtypeNorm,4,50,30,29.95157814025879,3600.0,120.19400024414062,985.0,63.04225352112675,2,25,125,3.223788546255507,731.8000000000001,29.96179870664902,3600.0,2,402.97356828193836,387.4800413156922,0.0008954968184043075,0.11193710230053844,10,29.951578220939506
156,OzaBagAdwinExecutorMAXChunk,covtypeNorm,4,50,896,877.9093627929688,105350.0,120.0009994506836,51.0,87.6286799620133,3,25,125,4.773008849557522,1078.7,891.4075381822422,107042.0,3,596.6261061946902,572.7658323338601,4.5306206450474815e-05,0.005663275806309352,90,877.909354774127
74,OzaBagAdwinExecutorMAXChunk,covtypeNorm,4,50,498,491.4987487792969,59000.0,120.04100036621094,78.0,87.00424088210347,3,25,126,4.203508771929824,958.4,493.5539446196869,59301.0,3,529.6421052631579,504.5933980305989,7.12459113886411e-05,0.008976984834968777,50,491.49873643178404
117,OzaBagAdwinExecutorMAXChunk,covtypeNorm,4,50,287,284.5914001464844,34143.0,119.97200012207033,143.0,76.30891971959053,2,25,126,3.889285714285714,871.1999999999999,284.34965104852006,34143.0,2,490.04999999999995,466.605386189052,0.00011391165727340052,0.014352868816448466,10,284.59140437151865
48,OzaBagAdwinExecutorMAXChunk,covtypeNorm,4,50,159,154.82810974121094,18569.0,119.93299865722656,257.0,70.49516712565473,2,25,126,3.7393013100436683,856.3000000000001,154.72103719504065,18569.0,2,471.1519650655022,448.4656189964328,0.00020137332705281213,0.02537303920865433,90,154.82811409619603
173,OzaBagAdwinExecutorMAXChunk,covtypeNorm,4,50,99,94.57860565185548,11350.0,120.00599670410156,339.0,76.38938053097345,3,25,126,3.545175438596491,808.3,94.84429727863424,11400.0,3,446.6921052631579,425.4423119996723,0.00031235025890717985,0.03935613262230466,50,94.57860700066233
12,OzaBagAdwinExecutorMAXChunk,covtypeNorm,4,50,31,29.964792251586918,3600.0,120.14099884033205,970.0,66.22535211267606,2,25,125,3.26283185840708,737.4000000000001,29.96179870664902,3600.0,2,407.853982300885,391.99987851708346,0.0009063421828908555,0.11329277286135694,10,29.96479165937697
52,OzaBagAdwin,covtypeNorm,1,1,243,165.59861755371094,19872.0,120.0009994506836,12542.0,74.92451690821255,1,25,126,3.8227074235807854,875.3999999999999,239.4842492795149,28752.0,1,481.66113537117894,458.72871143724194,0.00019236651688711682,0.024238181127776717,90,165.5986207695439
72,OzaBagAdwin,covtypeNorm,1,1,135,134.85366821289062,16173.0,119.93000030517578,717.0,71.58844988561182,1,25,127,3.729004329004329,861.4,134.7637696858595,16173.0,1,473.58354978354976,447.219490315491,0.00023056973529984103,0.02928235638307981,50,134.85366429455456
159,OzaBagAdwin,covtypeNorm,1,1,27,24.99125099182129,2999.0,120.0019989013672,104.0,65.95531843947983,1,25,126,3.2294117647058824,713.7,24.96920464760129,3000.0,1,406.9058823529412,387.5358670402976,0.0010768295314124317,0.1356805209579664,10,24.991250374628816
195,OzaBagASHTExecutorMAXChunk,covtypeNorm,4,50,2437,2389.5634765625,286750.0,120.0009994506836,19.0,78.4293686780607,3,25,125,4.629955947136564,1051.0,2428.7962299968362,291713.0,3,578.7444933920705,555.599341069024,1.6146315421574765e-05,0.0020182894276968458,90,2389.563431243293
147,OzaBagASHTExecutorMAXChunk,covtypeNorm,4,50,1354,1332.4603271484375,159750.0,119.89099884033205,28.0,80.08140262993112,3,25,126,3.897807017543859,888.6999999999998,1345.3654634536547,161460.0,3,491.1236842105262,467.3119766201889,2.43994179501963e-05,0.0030743266617247337,50,1332.4603310107643
30,OzaBagASHTExecutorMAXChunk,covtypeNorm,4,50,272,269.6848449707031,32346.0,119.94000244140624,159.0,71.93770126331435,2,25,125,4.030396475770925,914.9000000000001,269.3973415064797,32346.0,2,503.7995594713657,483.4057631437999,0.0001246026239958859,0.015575327999485739,10,269.68483693171385
165,OzaBagASHTExecutorMAXChunk,covtypeNorm,4,50,270,269.3709411621094,32300.0,119.90899658203124,108.0,69.8046511627907,3,25,126,3.3210526315789477,757.2,269.4063166311301,32346.0,3,418.45263157894743,398.22408864874586,0.00010281896692194884,0.012955189832165556,90,269.37094730755393
144,OzaBagASHTExecutorMAXChunk,covtypeNorm,4,50,151,149.8424072265625,17970.0,119.9260025024414,256.0,64.63169642857143,2,25,126,3.695217391304348,849.9000000000001,149.71880858154552,17970.0,2,465.59739130434787,443.15265011663024,0.00020563257603251796,0.025909704580097268,50,149.84239968837596
14,OzaBagASHTExecutorMAXChunk,covtypeNorm,4,50,30,29.949085235595703,3600.0,120.2040023803711,983.0,62.732394366197184,2,25,126,3.1506550218340608,721.4999999999999,29.962048072441572,3600.0,2,396.98253275109164,378.7213437442696,0.0008751819505094613,0.11027292576419212,10,29.949085959785545
10,OzaBagASHT,covtypeNorm,1,1,219,198.5816802978516,23830.0,120.0009994506836,4342.0,71.6911456147713,1,25,126,3.8050228310502283,833.3,214.5594188894257,25757.0,1,479.4328767123288,456.606542658697,0.00015967363957407587,0.02011887858633356,90,198.58167939503983
60,OzaBagASHT,covtypeNorm,1,1,122,119.87892150878906,14376.0,119.9209976196289,290.0,64.69115191986644,1,25,126,3.5973684210526318,820.2,119.78402879616051,14376.0,1,453.2684210526316,431.4000098579809,0.00025023430864306006,0.03152952288902557,50,119.87892266872626
47,OzaBagASHT,covtypeNorm,1,1,24,19.999666213989254,2400.0,120.0019989013672,80.0,68.29166666666666,1,25,126,3.149344978165939,721.2,19.976361305788153,2400.0,1,396.8174672489083,377.92769260989536,0.0013122270742358078,0.1653406113537118,10,19.999666855321493
107,OzaBag,covtypeNorm,1,1,284,232.556396484375,27907.0,120.0009994506836,8882.0,71.97477335435553,1,25,126,3.8249999999999997,872.0999999999999,279.36804057599255,33544.0,1,481.95,459.0038228988647,0.00013706238578134518,0.017269860608449494,90,232.5563964279218
69,OzaBag,covtypeNorm,1,1,158,154.8268280029297,18569.0,119.93399810791016,445.0,67.6934676073025,1,25,126,3.6535087719298245,833.0,154.7133025611971,18569.0,1,460.34210526315786,438.1799141398647,0.00019675312466637,0.024790893707962617,50,154.82682386100907
177,OzaBag,covtypeNorm,1,1,31,30.00200080871582,3600.0,119.99199676513672,109.0,66.25,1,25,128,3.1965517241379313,741.6,29.962048072441572,3600.0,1,409.1586206896552,383.56062414235083,0.0008879310344827587,0.11365517241379311,10,30.002000942165903
16,LeveragingBag,covtypeNorm,1,1,136,107.57051849365234,12909.0,120.00499725341795,9235.0,74.31249515841661,1,25,126,3.83886462882096,879.0999999999998,134.75029577910715,16173.0,1,483.6969432314409,460.68293923790264,0.0002973789316617058,0.03746974538937493,90,107.57052035707895
190,LeveragingBag,covtypeNorm,1,1,75,74.87584686279297,8986.0,120.01200103759766,508.0,73.0135766748275,1,25,126,3.6729257641921405,841.1000000000001,74.87769975706347,9000.0,1,462.7886462882097,440.79517062324635,0.0004087386784099867,0.05150107347965832,50,74.87584510139818
27,LeveragingBag,covtypeNorm,1,1,15,15.004877090454102,1800.0,119.96099853515624,90.0,68.83333333333333,1,25,127,3.241558441558442,748.8000000000002,14.982894528746348,1800.0,1,411.6779220779222,388.8605874594156,0.0018008658008658012,0.22870995670995675,10,15.004876768114638
129,LBagExecutorMAXChunk,covtypeNorm,4,50,600,592.029052734375,71050.0,120.01100158691406,79.0,90.37464788732396,3,25,126,4.988157894736842,1137.3,598.1775059293471,71880.0,3,628.5078947368421,598.633825021041,7.020630393718286e-05,0.00884599429608504,90,592.0290561740237
49,LBagExecutorMAXChunk,covtypeNorm,4,50,333,329.2681884765625,39500.0,119.96299743652344,120.0,85.38403041825096,3,25,126,4.401315789473684,1003.5,329.18390967301434,39534.0,3,554.5657894736842,527.9950347699616,0.0001114257161892072,0.014039640239840105,50,329.26819806166327
85,LBagExecutorMAXChunk,covtypeNorm,4,50,241,239.6519317626953,28752.0,119.9739990234375,173.0,79.88641906487352,2,25,126,4.183406113537118,958.0,239.47427600509732,28752.0,2,527.1091703056769,501.89996098014467,0.0001454996561469504,0.018332956674515753,10,239.6519265343748
91,LBagExecutorMAXChunk,covtypeNorm,4,50,134,129.80606079101562,15574.0,119.97899627685548,318.0,70.25895387786653,2,25,126,3.8136363636363635,839.0,129.76819371073375,15574.0,2,480.5181818181818,457.5562630740079,0.0002448719894462799,0.030853870670231272,90,129.80605342007098
39,LBagExecutorMAXChunk,covtypeNorm,4,50,66,64.92425537109375,7800.0,120.13999938964844,507.0,73.71612903225807,3,25,125,3.5330396475770924,802.0,64.89886593391964,7800.0,3,441.6299559471366,424.4593811035156,0.0004529538009714221,0.056619225121427766,50,64.92425536562861
35,LBagExecutorMAXChunk,covtypeNorm,4,50,26,24.962141036987305,3000.0,120.18199920654295,1115.0,66.03389830508475,2,25,126,3.294736842105263,751.2,24.9685812019875,3000.0,2,415.13684210526316,395.9680605436626,0.0010982456140350878,0.13837894736842105,10,24.962140917994265
99,AdaptiveRandomForestSequential,covtypeNorm,1,1,189,161.06398010253906,19328.0,120.0019989013672,8276.0,77.10575331125827,1,25,124,3.9027272727272715,858.5999999999997,184.6531972505728,22163.0,1,483.93818181818165,468.3350738941538,0.00020192090608067424,0.025038192354003605,90,161.06398374152243
97,AdaptiveRandomForestSequential,covtypeNorm,1,1,105,102.89546966552734,12349.0,120.01499938964844,1698.0,75.17207871082678,1,25,124,3.6674107142857144,821.5,104.82616327922861,12600.0,1,454.7589285714286,440.14429463659013,0.0002969803801348866,0.03682556713672594,50,102.89547192269643
61,AdaptiveRandomForestSequential,covtypeNorm,1,1,21,20.00066566467285,2400.0,119.99600219726562,240.0,71.0,1,25,148,3.2178438661710036,865.5999999999999,19.97619503425085,2400.0,1,476.2408921933085,386.12839963551346,0.0013407682775712516,0.19843370508054523,10,20.000666322654283
167,AdaptiveRandomForestExecutorMAXChunk,covtypeNorm,4,50,911,863.125244140625,103550.0,119.97100067138672,54.0,90.64057971014492,3,25,124,5.360888888888889,1206.2,906.4152640477043,108836.0,3,664.7502222222222,643.1512044881185,5.177101775846344e-05,0.006419606202049466,90,863.125250439766
77,AdaptiveRandomForestExecutorMAXChunk,covtypeNorm,4,50,506,486.63421630859375,58400.0,120.00800323486328,82.0,88.69065981148243,3,25,124,4.585333333333333,1031.6999999999998,503.44930888997993,60499.0,3,568.5813333333333,550.2766974995931,7.85159817351598e-05,0.009735981735159816,50,486.6342112676227
148,AdaptiveRandomForestExecutorMAXChunk,covtypeNorm,4,50,285,282.2533569335937,33845.0,119.91000366210938,129.0,79.67450806332297,2,25,125,4.041850220264317,917.5,284.3543873675794,34143.0,2,505.23127753303964,484.6582747135919,0.00011942237317962232,0.01492779664745279,10,282.2533480640261
66,AdaptiveRandomForestExecutorMAXChunk,covtypeNorm,4,50,158,154.87847900390625,18569.0,119.8939971923828,226.0,71.85593174577461,2,25,125,3.8185022026431716,866.8,154.71588068655225,18569.0,2,477.31277533039645,457.81549236280796,0.00020563854826017403,0.025704818532521753,90,154.87847961398805
57,AdaptiveRandomForestExecutorMAXChunk,covtypeNorm,4,50,101,99.73210144042967,11950.0,119.8209991455078,301.0,75.46218487394958,3,25,124,3.7030973451327434,836.9,99.82667822145191,11980.0,3,459.18407079646016,443.7088238268826,0.00030988262302366053,0.0384254452549339,50,99.73210109430153
111,AdaptiveRandomForestExecutorMAXChunk,covtypeNorm,4,50,31,29.978015899658203,3600.0,120.08799743652344,993.0,69.69014084507043,2,25,124,3.333482142857143,746.7,29.962297442385,3600.0,2,413.3517857142857,400.31119502612523,0.000925967261904762,0.11481994047619047,10,29.978016761441136
207,StreamingRandomPatchesExecutorMAXChunk,airlines,4,50,215,71.52896881103516,8600.0,120.2310028076172,698.0,65.50877192982456,3,25,124,5.708928571428571,1278.8,214.58623189009504,25757.0,3,707.9071428571428,686.3902070999146,0.000663828903654485,0.08231478405315615,90,71.52897172255099
105,StreamingRandomPatchesExecutorMAXChunk,airlines,4,50,132,67.77997589111328,8150.0,120.24199676513672,736.0,65.87654320987654,2,25,124,5.530973451327434,1250.0,129.78477358380687,15600.0,2,685.8407079646017,665.0552918425703,0.0006786470492426299,0.0841522341060861,50,67.77997886977067
103,StreamingRandomPatchesExecutorMAXChunk,airlines,4,50,119,68.04292297363281,8250.0,121.24700164794922,733.0,66.07317073170732,3,25,126,5.568303571428572,1247.3000000000002,114.81151775834671,13800.0,3,701.60625,675.1401123012816,0.0006749458874458875,0.08504318181818182,10,68.04291972476616
133,StreamingRandomPatchesExecutorMAXChunk,airlines,4,50,73,64.07109069824219,7700.0,120.1790008544922,769.0,66.07843137254902,2,25,125,5.446696035242291,1236.4,69.89399410893478,8400.0,2,680.8370044052864,654.5784874735426,0.0007073631214600378,0.08842039018250472,90,64.07109349596644
121,StreamingRandomPatchesExecutorMAXChunk,airlines,4,50,23,19.921310424804688,2400.0,120.4739990234375,1732.0,74.34042553191489,3,25,125,3.741850220264318,849.4000000000001,19.97552997577967,2400.0,3,467.7312775330397,450.7956597819728,0.0015591042584434658,0.1948880323054332,50,19.921310983734294
42,StreamingRandomPatchesExecutorMAXChunk,airlines,4,50,14,9.963384628295898,1200.0,120.44100189208984,3020.0,77.04347826086956,2,25,125,3.665929203539823,828.5,9.988845788869096,1200.0,2,458.2411504424779,441.52818613980725,0.0030549410029498524,0.3818676253687316,10,9.963384405214018
51,StreamingRandomPatches,airlines,1,1,62,22.73333168029785,2729.0,120.04399871826172,24281.0,73.28691828508612,1,25,124,3.882589285714285,869.6999999999998,59.909636298582974,7200.0,1,481.4410714285713,466.0815432378223,0.0014227150185834683,0.17641666230435007,90,22.7333313546548
116,StreamingRandomPatches,airlines,1,1,34,22.514789581298828,2702.0,120.01000213623048,9660.0,73.27905255366394,1,25,125,3.8365638766519816,870.8999999999999,29.96105063417557,3600.0,1,479.5704845814977,460.426039032789,0.0014198978077912588,0.17748722597390737,50,22.51479003335738
153,StreamingRandomPatches,airlines,1,1,6,4.985119819641113,598.0,119.95700073242188,119.0,75.58528428093646,1,25,125,3.3303964757709252,756.0,4.994589195038708,600.0,1,416.2995594713657,399.5043724833081,0.005569224875871113,0.6961531094838891,10,4.985119637443328
155,OzaBagExecutorMAXChunk,airlines,4,50,4525,1583.175048828125,190000.0,120.01200103759766,31.0,62.62437483548303,3,25,126,4.981659388646289,1140.8000000000002,4502.249526305685,539383.0,3,627.6890829694324,597.8589117191765,2.6219259940243627e-05,0.003303626752470697,90,1583.1750021439634
126,OzaBagExecutorMAXChunk,airlines,4,50,2513,1864.425048828125,223800.0,120.03700256347656,26.0,64.32893854748603,3,25,126,5.085087719298246,1159.4,2503.834464382364,300698.0,3,640.721052631579,610.3986875969068,2.272157157863381e-05,0.00286291801890786,50,1864.425095767055
50,OzaBagExecutorMAXChunk,airlines,4,50,502,499.3289489746094,59900.0,119.96099853515624,42.0,61.48705096073517,3,25,126,3.9333333333333336,896.8000000000001,498.7468880359031,59900.0,3,495.6,471.8465942382812,6.566499721758486e-05,0.008273789649415693,10,499.3289546722594
124,OzaBagExecutorMAXChunk,airlines,4,50,321,209.43228149414065,25450.0,121.5189971923828,237.0,63.90157480314961,2,25,127,5.655217391304347,1300.6999999999998,319.32297132956836,38336.0,2,718.2126086956521,687.2163462962272,0.00022220893482531815,0.028220534722815407,90,209.4322746896013
196,OzaBagExecutorMAXChunk,airlines,4,50,178,174.86863708496094,20965.0,119.88999938964844,234.0,63.356442744441786,2,25,125,4.614096916299559,1047.3999999999999,174.7025099163361,20965.0,2,576.7621145374449,553.1840764789329,0.00022008571029332502,0.027510713786665628,50,174.86863046735627
122,OzaBagExecutorMAXChunk,airlines,4,50,35,34.984840393066406,4200.0,120.052001953125,830.0,68.9156626506024,2,25,125,3.2753303964757707,743.5,34.953395472703065,4200.0,2,409.4162995594713,393.2099711548389,0.0007798405705894692,0.09748007132368365,10,34.98483933354076
20,OzaBagAdwinExecutorMAXChunk,airlines,4,50,614,349.33917236328125,42000.0,120.22699737548828,143.0,86.53635280095352,3,25,125,5.319823788546255,1207.6,608.3800231437158,73078.0,3,664.9779735682819,639.5864406636108,0.00012666247115586323,0.0158328088944829,90,349.33917436885855
56,OzaBagAdwinExecutorMAXChunk,airlines,4,50,398,372.5875244140625,44750.0,120.1060028076172,134.0,68.68903803131991,2,25,126,5.487772925764191,1256.6999999999998,394.0691022043087,47321.0,2,691.4593886462881,659.1144704293996,0.0001226317972237808,0.015451606450196382,50,372.58753895656184
181,OzaBagAdwinExecutorMAXChunk,airlines,4,50,341,339.01129150390625,40700.0,120.05500030517578,137.0,86.13038130381304,3,25,126,5.298684210526315,1208.1,339.2410967118633,40732.0,3,667.6342105263158,636.1335345117668,0.00013018880124143282,0.016403788956420536,10,339.0112856319351
5,OzaBagAdwinExecutorMAXChunk,airlines,4,50,221,219.6681060791016,26356.0,119.9810028076172,188.0,67.32304417243215,2,25,125,4.516666666666667,1029.8,219.58758591960006,26356.0,2,564.5833333333334,541.9141960144044,0.00017137147771538423,0.02142143471442303,90,219.6681089777218
131,OzaBagAdwinExecutorMAXChunk,airlines,4,50,68,64.85839080810547,7800.0,120.26200103759766,509.0,84.64516129032258,3,25,126,3.642105263157894,830.3999999999999,64.90156595829659,7800.0,3,458.90526315789464,438.00686693693456,0.00046693657219973,0.05883400809716598,50,64.85839195010132
208,OzaBagAdwinExecutorMAXChunk,airlines,4,50,44,39.9497299194336,4800.0,120.1510009765625,748.0,67.51578947368421,2,25,126,3.361572052401747,769.8000000000001,39.944743105370904,4800.0,2,423.5580786026201,403.89624695090754,0.0007003275109170306,0.08824126637554586,10,39.94972959847685
95,OzaBagAdwin,airlines,1,1,152,101.50482177734376,12182.0,120.01399993896484,11567.0,63.799047775406336,1,25,126,3.95219298245614,901.0999999999999,149.75290770229122,18000.0,1,497.97631578947363,474.31848835526847,0.00032442891006863734,0.04087804266864831,90,101.504824488771
100,OzaBagAdwin,airlines,1,1,84,79.85633850097656,9583.0,120.00299835205078,1805.0,64.07179380152354,1,25,126,3.6840182648401822,806.8,79.87353357184458,9600.0,1,464.186301369863,442.09323776454136,0.0003844326687718024,0.0484385162652471,50,79.85633802154271
84,OzaBagAdwin,airlines,1,1,16,14.98770523071289,1798.0,119.96499633789062,144.0,73.63737486095661,1,25,127,3.3857142857142857,782.1,14.98252039287498,1800.0,1,429.98571428571427,406.16720188685827,0.001883044652788813,0.23914667090417924,10,14.987705204739846
63,OzaBagASHTExecutorMAXChunk,airlines,4,50,3419,207.0050506591797,25000.0,120.7699966430664,241.0,56.24849699398797,3,25,126,4.23891402714932,936.7999999999998,3406.469608659451,409117.0,3,534.1031674208143,511.9336328290705,0.0001695565610859728,0.02136412669683257,90,207.00505667717337
203,OzaBagASHTExecutorMAXChunk,airlines,4,50,1899,1088.2149658203125,130650.0,120.05899810791016,45.0,66.21745788667688,3,25,126,4.7558951965065495,1089.1,1888.740983552002,227021.0,3,599.2427947598252,570.9880123987988,3.6401800202882125e-05,0.004586626825563147,50,1088.214978127425
40,OzaBagASHTExecutorMAXChunk,airlines,4,50,379,374.5162048339844,44900.0,119.88800048828124,77.0,62.99888517279821,3,25,126,3.8205240174672483,874.8999999999999,374.1536257714186,44925.0,3,481.3860262008733,458.03498527160366,8.50896217698719e-05,0.01072129234300386,10,374.5162136087912
205,OzaBagASHTExecutorMAXChunk,airlines,4,50,353,280.1825561523437,33950.0,121.1709976196289,177.0,65.03244837758112,2,25,127,5.662173913043478,1302.3,349.24495456400604,41930.0,2,719.0960869565217,686.0912617393162,0.0001667797912531216,0.021181033489146444,90,280.1825574348521
149,OzaBagASHTExecutorMAXChunk,airlines,4,50,196,194.8682556152344,23361.0,119.88099670410156,216.0,64.82347389644374,2,25,126,4.6493449781659395,1064.7,194.6587784351304,23361.0,2,585.8174672489084,557.3681100037421,0.0001990216590970395,0.025076729046226976,50,194.86824969983533
64,OzaBagASHTExecutorMAXChunk,airlines,4,50,39,34.9743537902832,4200.0,120.08799743652344,844.0,69.01204819277108,2,25,126,3.3575892857142855,752.0999999999999,34.95281370150297,4200.0,2,423.05625,403.2061735357557,0.0007994260204081632,0.10072767857142857,10,34.974352888347994
164,OzaBagASHT,airlines,1,1,165,102.89378356933594,12420.0,120.70700073242188,11432.0,63.80032206119163,1,25,127,3.937826086956522,905.7,164.72088197795054,19767.0,1,500.10391304347826,475.32317636241083,0.00031705524049569417,0.040266015542953164,90,102.89378349754648
26,OzaBagASHT,airlines,1,1,91,88.3818588256836,10606.0,120.0019989013672,1813.0,64.0863662078069,1,25,126,3.7828947368421044,862.4999999999998,89.85772526832515,10800.0,1,476.64473684210515,453.95493005451397,0.0003566749704735154,0.04494104627966294,50,88.3818611114749
211,OzaBagASHT,airlines,1,1,18,14.98770523071289,1798.0,119.96499633789062,125.0,73.63737486095661,1,25,127,3.3365217391304345,767.4,14.982395685070042,1800.0,1,423.7382608695652,400.26581821607505,0.0018556850606954586,0.23567200270832322,10,14.987705204739846
187,OzaBag,airlines,1,1,154,102.96813201904295,12357.0,120.00800323486328,9320.0,63.64813466051631,1,25,126,3.9348214285714285,881.4,149.75789140888895,18000.0,1,495.78749999999997,472.21006272860933,0.0003184285367460895,0.04012199563000728,90,102.96813268208926
120,OzaBag,airlines,1,1,85,83.20909118652344,10046.0,120.73200225830078,1696.0,64.0453912004778,1,25,127,3.725974025974025,860.6999999999998,84.86704163477219,10200.0,1,473.19870129870117,449.84430451826603,0.0003708913026054176,0.047103195430888034,50,83.2090896538519
160,OzaBag,airlines,1,1,17,14.986830711364746,1798.0,119.97200012207033,147.0,73.63737486095661,1,25,127,3.329565217391304,765.8,14.982270979341113,1800.0,1,422.85478260869564,399.4545986673107,0.0018518160274701358,0.23518063548870727,10,14.98683024514514
138,LeveragingBag,airlines,1,1,41,31.607017517089844,3793.0,120.00499725341795,4969.0,68.54732401792776,1,25,127,3.9452173913043476,907.4,39.94407829039345,4800.0,1,501.0426086956521,473.445802207615,0.0010401311340111647,0.13209665401941792,90,31.60701709771481
191,LeveragingBag,airlines,1,1,23,19.96867561340332,2397.0,120.03800201416016,1089.0,71.88151856487276,1,25,127,3.538095238095238,817.3,19.97552997577967,2400.0,1,449.3380952380952,424.70588331676663,0.0014760514134731907,0.1874585295110952,50,19.96867625068635
136,LeveragingBag,airlines,1,1,4,,,,,,1,25,126,3.0437499999999997,681.8,0.0,0.0,1,383.5125,,,,10,
142,LBagExecutorMAXChunk,airlines,4,50,192,80.53514862060547,9800.0,121.68599700927734,620.0,61.774358974358975,3,25,128,5.285836909871244,1231.6,189.66910815022206,22762.0,3,676.5871244635192,643.21233440612,0.0005393711132521677,0.06903950249627747,90,80.5351498188641
34,LBagExecutorMAXChunk,airlines,4,50,118,79.05494689941406,9650.0,122.06700134277344,631.0,61.66666666666667,2,25,128,5.900446428571429,1321.7,114.8134281792088,13800.0,2,755.2571428571429,720.2498021193913,0.0006114452257586973,0.07826498889711325,50,79.05494436536591
180,LBagExecutorMAXChunk,airlines,4,50,107,77.69630432128906,9600.0,123.55799865722656,631.0,61.633507853403145,3,25,129,5.4803418803418795,1282.3999999999999,104.83314058456956,12600.0,3,706.9641025641024,677.1400746924245,0.0005708689458689458,0.073642094017094,10,77.69630541388284
41,LBagExecutorMAXChunk,airlines,4,50,66,64.772216796875,7800.0,120.4219970703125,692.0,62.851612903225806,2,25,126,4.912719298245614,1120.1,64.9004859215869,7800.0,2,619.0026315789473,591.599468940601,0.0006298358074673864,0.07935931174089068,90,64.77221927689592
88,LBagExecutorMAXChunk,airlines,4,50,21,19.932727813720703,2400.0,120.40499877929688,1548.0,71.70212765957447,3,25,125,3.34977973568282,760.4000000000001,19.975696236245902,2400.0,3,418.7224669603525,403.33022498580334,0.0013957415565345082,0.17446769456681355,50,19.932727248303163
18,LBagExecutorMAXChunk,airlines,4,50,13,9.98793125152588,1200.0,120.1449966430664,2821.0,74.60869565217392,2,25,126,3.3280701754385964,758.8,9.988679496570553,1200.0,2,419.33684210526314,399.8509800559596,0.002773391812865497,0.3494473684210526,10,9.987931528809545
135,AdaptiveRandomForestSequential,airlines,1,1,58,29.79776382446289,3576.0,120.00900268554688,17417.0,70.02237136465325,1,25,125,3.931718061674008,892.4999999999999,54.919451471175606,6600.0,1,491.46475770925105,471.8415634222492,0.001099473730893179,0.13743421636164738,90,29.797764500801662
90,AdaptiveRandomForestSequential,airlines,1,1,32,29.44925308227539,3535.0,120.03700256347656,4455.0,70.0990099009901,1,25,125,3.886784140969162,882.2999999999998,29.96030259905625,3600.0,1,485.8480176211453,466.55791789319534,0.0010995146084778393,0.13743932605972992,50,29.449252518036367
58,AdaptiveRandomForestSequential,airlines,1,1,6,4.981009006500244,598.0,120.05599975585938,72.0,72.40802675585284,1,25,125,3.334070796460177,753.5,4.994672349493873,600.0,1,416.7588495575221,400.27520272584087,0.005575369224849794,0.6969211531062243,10,4.981008872659981
209,AdaptiveRandomForestExecutorMAXChunk,airlines,4,50,198,78.57260131835938,9600.0,122.18000030517578,635.0,64.93193717277487,3,25,127,5.439826839826839,1256.6,194.6587784351304,23361.0,3,690.8580086580085,664.6380449501467,0.0005666486291486291,0.07196437590187589,90,78.57259761025983
37,AdaptiveRandomForestExecutorMAXChunk,airlines,4,50,130,82.6963119506836,10050.0,121.52899932861328,603.0,65.71000000000001,2,25,125,5.2694690265486726,1190.9,129.7811703138281,15574.0,2,658.683628318584,640.3932977895821,0.0005243252762734998,0.06554065953418747,50,82.69631162538329
201,AdaptiveRandomForestExecutorMAXChunk,airlines,4,50,110,89.38280487060547,10850.0,121.38800048828124,558.0,65.32407407407408,3,25,125,5.563436123348018,1262.9,109.8224536998519,13200.0,3,695.4295154185023,675.3343868574907,0.0005127590897094948,0.06409488621368685,10,89.38280518960732
28,AdaptiveRandomForestExecutorMAXChunk,airlines,4,50,72,69.85040283203125,8400.0,120.25700378417967,674.0,65.84431137724552,2,25,124,5.057777777777778,1138.0,69.89399410893478,8400.0,2,627.1644444444445,608.2332013617621,0.0006021164021164021,0.07466243386243386,90,69.85040152068927
11,AdaptiveRandomForestExecutorMAXChunk,airlines,4,50,22,19.92809295654297,2400.0,120.43299865722656,1642.0,73.1063829787234,3,25,124,3.36093023255814,722.6000000000001,19.97552997577967,2400.0,3,416.75534883720934,404.7669061847066,0.001400387596899225,0.1736480620155039,50,19.92809302067468
104,AdaptiveRandomForestExecutorMAXChunk,airlines,4,50,14,9.972575187683104,1200.0,120.33000183105467,2974.0,75.82608695652175,2,25,124,3.215486725663717,726.7,9.988845788869096,1200.0,2,398.7203539823009,386.91952358684705,0.002679572271386431,0.3322669616519174,10,9.972575265849493
193,StreamingRandomPatchesExecutorMAXChunk,GMSC,4,50,862,844.83935546875,101450.0,120.08200073242188,58.0,93.4585798816568,3,25,124,5.617857142857143,1258.4,857.3092797230728,103028.0,3,696.6142857142858,674.6035255432129,5.537562486798564e-05,0.00686657748363022,90,844.8393546178543
98,StreamingRandomPatchesExecutorMAXChunk,GMSC,4,50,575,573.5635986328125,68850.0,120.03900146484376,78.0,93.44476744186046,2,25,124,5.04070796460177,1139.2,573.5016193084845,68885.0,2,625.0477876106195,605.0815507466815,7.321289708935033e-05,0.009078399239079441,50,573.5635848334205
188,StreamingRandomPatchesExecutorMAXChunk,GMSC,4,50,479,474.23779296875,56900.0,119.98200225830078,81.0,93.44942832014073,3,25,124,4.554222222222222,1024.7,473.8371608906357,56905.0,3,564.7235555555555,546.4247009514703,8.00390548720953e-05,0.009924842804139817,10,474.2377934109151
19,StreamingRandomPatchesExecutorMAXChunk,GMSC,4,50,319,314.6480712890625,37737.0,119.93399810791016,118.0,93.55215326239818,2,25,125,4.117180616740089,934.6,314.3597347639199,37737.0,2,514.647577092511,493.7899322980302,0.00010910195873387096,0.013637744841733869,90,314.6480613949539
109,StreamingRandomPatchesExecutorMAXChunk,GMSC,4,50,95,94.57860565185548,11350.0,120.00599670410156,328.0,93.41592920353985,3,25,124,3.514666666666667,790.8000000000001,94.84745367866681,11400.0,3,435.8186666666667,421.78107641601565,0.0003096622613803231,0.03839812041116006,50,94.57860700066233
125,StreamingRandomPatchesExecutorMAXChunk,GMSC,4,50,63,59.97001647949219,7200.0,120.05999755859376,504.0,93.7062937062937,2,25,124,3.3537777777777773,754.5999999999999,59.90863932502933,7200.0,2,415.8684444444444,402.65455181206596,0.0004658024691358024,0.057759506172839495,10,59.9700162119871
154,StreamingRandomPatches,GMSC,1,1,269,234.0980529785156,28092.0,120.0009994506836,7979.0,93.54976505766768,1,25,125,3.943778801843318,855.8,264.48119298537927,31747.0,1,492.97235023041475,473.2573978336176,0.0001403879681704157,0.017548496021301964,90,234.09805025453036
102,StreamingRandomPatches,GMSC,1,1,149,144.7571258544922,17371.0,120.0009994506836,1050.0,93.56974267457257,1,25,124,3.688888888888888,829.9999999999999,144.7587354409318,17400.0,1,457.42222222222216,442.6703535291883,0.00021235904029065042,0.02633252099604065,50,144.7571276865815
184,StreamingRandomPatches,GMSC,1,1,29,25.00187492370605,3000.0,119.99099731445312,176.0,94.2,1,25,124,3.2266666666666666,726.0,24.968373393701313,3000.0,1,400.1066666666667,387.1709513346354,0.0010755555555555555,0.1333688888888889,10,25.001875700208426
115,OzaBagExecutorMAXChunk,GMSC,4,50,6291,5968.40234375,142800.0,23.926000595092773,8.0,93.46970227670754,3,25,30,4.751785714285714,266.09999999999997,6233.118637024724,150000.0,3,142.55357142857142,113.69122782775334,3.327581032412965e-05,0.0009982743097238895,90,5968.402426157604
21,OzaBagExecutorMAXChunk,GMSC,4,50,3495,3489.264892578125,150000.0,42.98899841308594,11.0,93.38712904301434,3,25,49,4.104444444444444,369.4,3478.7448688513186,150000.0,3,201.11777777777775,176.4459557088216,2.736296296296296e-05,0.001340785185185185,50,3489.2648244240017
197,OzaBagExecutorMAXChunk,GMSC,4,50,3318,3301.346923828125,150000.0,45.43600082397461,14.0,93.44648216072024,2,25,51,4.461702127659573,419.3999999999999,3293.30142490175,150000.0,2,227.54680851063824,202.72190154866965,2.9744680851063823e-05,0.0015169787234042549,10,3301.3468896860195
15,OzaBagExecutorMAXChunk,GMSC,4,50,1843,1836.5247802734373,150000.0,81.6760025024414,21.0,93.47515838612873,2,25,86,3.988535031847134,626.2,1833.4494517986138,150000.0,2,343.0140127388535,325.7675972422217,2.659023354564756e-05,0.0022867600849256903,90,1836.5247490597535
32,OzaBagExecutorMAXChunk,GMSC,4,50,699,693.8540649414062,83250.0,119.98200225830078,41.0,93.390625,3,25,125,3.227753303964758,732.7,693.0446653015698,83261.0,3,403.4691629955948,387.2723042055374,3.877181145903613e-05,0.004846476432379517,50,693.854065051998
145,OzaBagExecutorMAXChunk,GMSC,4,50,368,364.6742858886719,43727.0,119.90699768066406,80.0,93.40843006616754,2,25,126,3.3393013100436684,764.7,364.18832818343094,43727.0,2,420.7519650655022,400.4055944384446,7.636703432761608e-05,0.009622246325279625,10,364.6742962946467
157,OzaBagAdwinExecutorMAXChunk,GMSC,4,50,3625,3591.933349609375,148900.0,41.45399856567383,13.0,93.45246892845148,3,25,47,4.8183908045977,419.19999999999993,3614.1965641037996,150000.0,3,226.4643678160919,199.74156550264902,3.235991138077703e-05,0.0015209158348965205,90,3591.9333514740197
46,OzaBagAdwinExecutorMAXChunk,GMSC,4,50,3179,3165.425048828125,150000.0,47.387001037597656,14.0,93.33577859286429,2,25,52,4.593684210526315,436.4,3155.370440489714,150000.0,2,238.8715789473684,217.68091845060647,3.062456140350877e-05,0.0015924771929824559,50,3165.4250472822164
185,OzaBagAdwinExecutorMAXChunk,GMSC,4,50,2013,2003.76708984375,150000.0,74.85900115966797,19.0,93.34444814938313,3,25,80,4.067808219178083,593.9000000000001,1999.3868546978927,150000.0,3,325.42465753424665,304.512060196759,2.711872146118722e-05,0.0021694977168949777,10,2003.7670510732917
45,OzaBagAdwinExecutorMAXChunk,GMSC,4,50,1766,1762.5078125,150000.0,85.10600280761719,21.0,93.34844948316106,2,25,91,3.9614906832298136,637.8,1760.1708539175538,150000.0,2,360.495652173913,337.1466372093058,2.6409937888198756e-05,0.0024033043478260867,90,1762.5078731411722
199,OzaBagAdwinExecutorMAXChunk,GMSC,4,50,402,399.3963317871094,47900.0,119.93099975585938,65.0,93.5485893416928,3,25,126,3.2679824561403517,745.1000000000001,399.06728847435045,47920.0,3,411.7657894736843,391.93240314952124,6.822510346848334e-05,0.0085963630370289,50,399.39632036344955
54,OzaBagAdwinExecutorMAXChunk,GMSC,4,50,353,349.728515625,41930.0,119.89299774169922,74.0,93.37392550143268,2,25,126,3.313100436681223,758.7,349.2304104477612,41930.0,2,417.4506550218341,397.2175431730446,7.901503545626576e-05,0.009955894467489484,10,349.72851450703695
7,OzaBagAdwin,GMSC,1,1,1538,1422.945556640625,145472.0,102.23300170898438,4105.0,93.450973383194,1,25,109,3.86111111111111,764.4999999999998,1528.49107361213,150000.0,1,420.861111111111,394.73297882080067,2.6541953854426348e-05,0.002893072970132472,90,1422.9456004246008
83,OzaBagAdwin,GMSC,1,1,854,847.1326904296875,101661.0,120.00599670410156,576.0,93.40455041756424,1,25,126,3.642794759825328,834.2,847.2277689030884,101830.0,1,458.9921397379913,437.15721594131674,3.5832765365531794e-05,0.004514928436057006,50,847.132666633862
76,OzaBagAdwin,GMSC,1,1,170,169.93899536132812,20366.0,119.84300231933594,81.0,93.53333988019249,1,25,127,3.225108225108225,745.0,169.7081812576038,20366.0,1,409.5887445887446,386.50665250175444,0.00015835746956241898,0.02011139863442721,10,169.93900024076808
92,OzaBagASHTExecutorMAXChunk,GMSC,4,50,6556,5800.30859375,142850.0,24.62800025939941,8.0,93.39565826330532,3,25,30,4.771428571428572,267.20000000000005,6499.415052645261,150000.0,3,143.14285714285717,117.51074409484863,3.340167008350418e-05,0.0010020501025051255,90,5800.308530753751
212,OzaBagASHTExecutorMAXChunk,GMSC,4,50,3642,3631.08203125,150000.0,41.310001373291016,10.0,93.3077692564188,3,25,47,4.129885057471263,359.2999999999999,3614.8062463851934,150000.0,3,194.10459770114937,170.60555739567192,2.753256704980842e-05,0.0012940306513409957,50,3631.0819417445605
213,OzaBagASHTExecutorMAXChunk,GMSC,4,50,3318,3303.455322265625,150000.0,45.40700149536133,14.0,93.36378792930977,2,25,51,4.475531914893617,420.7,3293.5906725512154,150000.0,2,228.25212765957446,203.2204843521118,2.9836879432624112e-05,0.0015216808510638297,10,3303.4553055727242
6,OzaBagASHTExecutorMAXChunk,GMSC,4,50,1843,1835.9403076171875,150000.0,81.7020034790039,20.0,93.3884628209403,2,25,87,3.859731543624162,575.1000000000001,1832.86697051528,150000.0,2,335.7966442953021,315.34780000520243,2.5731543624161083e-05,0.002238644295302014,90,1835.9402904795054
75,OzaBagASHTExecutorMAXChunk,GMSC,4,50,728,723.8163452148438,86850.0,119.98899841308594,37.0,93.36751152073732,3,25,125,3.243612334801763,736.3000000000002,722.9361921725958,86855.0,3,405.45154185022034,389.1977952931947,3.734729228326728e-05,0.004668411535408409,50,723.8163594048984
96,OzaBagASHTExecutorMAXChunk,GMSC,4,50,368,364.7107849121094,43727.0,119.8949966430664,80.0,93.40843006616754,2,25,126,3.336244541484717,764.0000000000001,364.1913614178868,43727.0,2,420.3668122270743,399.99902810175877,7.629712858153353e-05,0.009613438201273226,10,364.7107988182154
112,OzaBagASHT,GMSC,1,1,2008,1780.5374755859375,144090.0,80.92500305175781,3962.0,93.3340273440211,1,25,87,3.872151898734176,611.7999999999998,1994.256541161455,150000.0,1,336.8772151898733,313.353904221933,2.6873148023694747e-05,0.0023379638780614428,90,1780.5374676086608
189,OzaBagASHT,GMSC,1,1,1115,1107.2086181640625,132813.0,119.9530029296875,696.0,93.35833088628372,1,25,127,3.6247826086956523,833.7,1110.7372208664074,133354.0,1,460.34739130434787,434.8035588803499,2.7292378070638058e-05,0.0034661320149710333,50,1107.2086296818313
139,OzaBagASHT,GMSC,1,1,223,219.8385162353516,26356.0,119.88800048828124,78.0,93.47397177113372,1,25,126,3.218421052631579,733.8,219.59124501137282,26356.0,1,405.5210526315789,385.8500647293893,0.0001221134107084375,0.015386289749263125,10,219.83851505285747
141,OzaBag,GMSC,1,1,2028,1807.93115234375,143472.0,79.35700225830078,3822.0,93.46283595405376,1,25,86,3.889403973509933,587.2999999999998,2015.939360544035,150000.0,1,334.48874172185424,308.65143990927174,2.7109150032828237e-05,0.0023313869028232285,90,1807.9311959518072
118,OzaBag,GMSC,1,1,1127,1118.724853515625,134200.0,119.95800018310548,545.0,93.43740685543963,1,25,127,3.604782608695652,829.0999999999999,1120.8950499008647,134550.0,1,457.8073913043478,432.4225128339685,2.6861271301755976e-05,0.0034113814553230087,50,1118.724885336162
33,OzaBag,GMSC,1,1,225,224.7973480224609,26955.0,119.90799713134766,76.0,93.47059914672604,1,25,126,3.2135964912280706,732.7,224.5707287405544,26955.0,1,404.9131578947369,385.3359188514844,0.00011922079359035691,0.015021819992384972,10,224.79735000888553
22,LeveragingBag,GMSC,1,1,641,55.00933074951172,6602.0,120.01599884033205,18684.0,93.5625568009694,1,25,126,4.132751091703056,946.3999999999997,638.512978955521,76672.0,1,520.7266375545851,495.9962502292149,0.0006259847154957673,0.07887407415246668,90,55.00933262058859
67,LeveragingBag,GMSC,1,1,356,354.6033630371094,42529.0,119.93399810791016,965.0,93.35982506054692,1,25,127,3.6652173913043478,843.0,354.2430199240355,42529.0,1,465.4826086956522,439.58417567377506,8.618160293692182e-05,0.01094506357298907,50,354.60337077844014
8,LeveragingBag,GMSC,1,1,71,69.89108276367188,8387.0,120.0009994506836,88.0,93.44223202575417,1,25,126,3.2940909090909094,724.7,69.891086390375,8400.0,1,415.0554545454546,395.29420137232006,0.00039276152487074153,0.04948795213371344,10,69.891084560898
210,LBagExecutorMAXChunk,GMSC,4,50,1833,1775.7384033203125,145900.0,82.16300201416016,27.0,93.3712718546452,3,25,88,5.233124999999999,837.3,1824.3292549439325,150000.0,3,460.51499999999993,429.9692599153518,3.586788896504455e-05,0.00315637422892392,90,1775.7384275571535
80,LBagExecutorMAXChunk,GMSC,4,50,1474,1463.7288818359375,150000.0,102.47799682617188,32.0,93.41447149049684,2,25,108,4.958115183246074,947.0,1461.674884527684,150000.0,2,535.4764397905759,508.0977120124857,3.305410122164049e-05,0.0035698429319371726,50,1463.7288456607641
36,LBagExecutorMAXChunk,GMSC,4,50,1018,1011.8655395507812,121350.0,119.927001953125,38.0,93.38417147568012,3,25,125,4.3392070484581495,985.0,1011.422810627963,121394.0,3,542.4008810572686,520.3880921754543,3.575778367085414e-05,0.004469722958856766,10,1011.8655350646654
183,LBagExecutorMAXChunk,GMSC,4,50,818,812.7608642578125,97550.0,120.02300262451172,48.0,93.33538461538464,2,25,125,4.168722466960353,946.3000000000002,812.4771161335419,97637.0,2,521.0903083700441,500.3425875928434,4.273421288529321e-05,0.005341776610661652,90,812.7608697241327
198,LBagExecutorMAXChunk,GMSC,4,50,203,199.7847900390625,23950.0,119.87899780273438,132.0,93.52301255230124,3,25,126,3.410043668122271,780.9000000000001,199.64171145273508,23960.0,3,429.66550218340615,408.79261739805804,0.00014238178154999046,0.017940104475298795,50,199.7847866513755
25,LBagExecutorMAXChunk,GMSC,4,50,163,159.9185791015625,19168.0,119.86100006103516,188.0,93.5924259859818,2,25,126,3.3635964912280705,766.9000000000001,159.72934009983084,19168.0,2,423.8131578947369,403.1640392403854,0.000175479783557391,0.022110452728231266,10,159.918572264868
110,AdaptiveRandomForestSequential,GMSC,1,1,473,402.1383056640625,48257.0,120.0009994506836,6078.0,93.43514930476408,1,25,124,3.9262222222222216,883.3999999999999,468.8415933919531,56306.0,1,486.8515555555555,471.15059073215053,8.136067766794913e-05,0.010088724030825693,90,402.1383173548652
137,AdaptiveRandomForestSequential,GMSC,1,1,262,259.7355041503906,31148.0,119.9219970703125,1007.0,93.5276743290099,1,25,125,3.670353982300885,829.5,259.4953054576658,31148.0,1,458.79424778761063,440.1561795124966,0.00011783594395469644,0.014729492994337056,50,259.7355010835697
194,AdaptiveRandomForestSequential,GMSC,1,1,52,49.957916259765625,5995.0,120.0009994506836,176.0,93.7114261884904,1,25,125,3.2583333333333337,742.9000000000001,49.92802043720303,6000.0,1,407.29166666666674,391.00325654347745,0.0005435084792882958,0.06793855991103699,10,49.95791724604548
29,AdaptiveRandomForestExecutorMAXChunk,GMSC,4,50,1529,1519.8031005859375,150000.0,98.6969985961914,32.0,93.53117705901968,3,25,103,5.405347593582888,1010.8,1518.75664456032,150000.0,3,556.7508021390374,533.4915838557769,3.603565062388592e-05,0.0037116720142602497,90,1519.8030551436477
44,AdaptiveRandomForestExecutorMAXChunk,GMSC,4,50,1052,1046.8751220703125,125580.0,119.95700073242188,42.0,93.5529355532542,2,25,125,4.960792951541849,1126.1,1046.264590467145,125580.0,2,620.0991189427311,595.0818437214989,3.950304946282728e-05,0.004937881182853409,50,1046.875123863099
70,AdaptiveRandomForestExecutorMAXChunk,GMSC,4,50,849,842.3806762695312,101100.0,120.01699829101562,47.0,93.52102919346858,3,25,125,4.501321585903083,1021.8,842.3211655752573,101231.0,3,562.6651982378854,540.2351050826421,4.4523457822978076e-05,0.00556543222787226,10,842.380674734541
106,AdaptiveRandomForestExecutorMAXChunk,GMSC,4,50,584,579.125,69484.0,119.9810028076172,63.0,93.49886222887922,2,25,125,4.070925110132158,924.1,578.469325740736,69484.0,2,508.8656387665198,488.43367706836585,5.858794988964594e-05,0.0073234937362057426,90,579.1250145776302
82,AdaptiveRandomForestExecutorMAXChunk,GMSC,4,50,169,164.77420043945312,19750.0,119.86100006103516,182.0,93.58883248730965,3,25,124,3.429411764705882,757.9,164.72225462908952,19767.0,3,425.2470588235294,411.0527237387264,0.00017364110201042443,0.021531496649292627,50,164.77419669402875
89,AdaptiveRandomForestExecutorMAXChunk,GMSC,4,50,116,114.80805206298828,13778.0,120.00900268554688,263.0,93.37121212121212,2,25,123,3.394144144144144,753.5,114.8105625717566,13800.0,2,417.47972972972974,407.3278537097278,0.00024634519844274523,0.03030045940845767,10,114.80805349330126
