dataset,algorithm,ensemble_size,cores,batch_size,inc_rate,instances,time,delay,out_rate,acc
covtypeNorm,OzaBagASHTExecutorMAXChunk,25,4,75,1503,177150.0,120.01300048828125,41.0,1476.090087890625,80.98715233658055
airlines,OzaBagAdwinExecutorMAXChunk,25,4,2000,95,11400.0,119.9990005493164,15612.0,95.00079345703125,77.7127659574468
covtypeNorm,StreamingRandomPatchesExecutorMAXChunk,25,4,75,22,2400.0,120.36799621582031,2274.0,19.938854217529297,78.45161290322581
airlines,OzaBagASHTExecutorMAXChunk,25,4,50,3315,117500.0,120.03600311279297,51.0,978.8729858398438,66.84716900808854
elecNormNew,OzaBagAdwinExecutorMAXChunk,25,4,50,251,29950.0,119.88700103759766,37.0,249.81857299804688,86.94314381270904
covtypeNorm,StreamingRandomPatchesExecutorMAXChunk,25,4,100,23,2400.0,120.4229965209961,3056.0,19.92974853515625,78.52173913043478
GMSC,OzaBagASHTExecutorMAXChunk,25,4,25,6138,130027.0,24.527999877929688,4.0,5301.166015625,93.32856417593575
covtypeNorm,OzaBagASHTExecutorMAXChunk,25,4,250,3082,301000.0,120.02100372314453,98.0,2507.894287109375,77.5142144638404
airlines,StreamingRandomPatchesExecutorMAXChunk,25,4,75,214,6900.0,120.64900207519531,1309.0,57.19069290161133,66.60805860805861
airlines,OzaBagASHTExecutorMAXChunk,25,4,100,2309,38600.0,120.11399841308594,311.0,321.36138916015625,54.3064935064935
GMSC,OzaBagASHTExecutorMAXChunk,25,4,2000,7833,113679.0,19.80699920654297,354.0,5739.3349609375,93.26283365717816
GMSC,OzaBagASHTExecutorMAXChunk,25,4,25,682,81464.0,119.97000122070312,21.0,679.0364379882812,93.38523311926718
GMSC,OzaBagAdwinExecutorMAXChunk,25,4,100,2262,150000.0,66.43499755859375,38.0,2257.84619140625,93.4209472981988
covtypeNorm,OzaBagASHTExecutorMAXChunk,25,4,50,1284,150600.0,120.00499725341797,30.0,1254.94775390625,81.3543673198273
airlines,OzaBagASHTExecutorMAXChunk,25,4,250,488,58103.0,119.9260025024414,406.0,484.49041748046875,60.17319758698771
elecNormNew,OzaBagExecutorMAXChunk,25,4,50,421,45312.0,108.08300018310547,65.0,419.2333679199219,76.93208430913349
airlines,OzaBagAdwinExecutorMAXChunk,25,4,500,74,8400.0,119.99600219726562,4778.0,70.00233459472656,81.65822784810126
elecNormNew,StreamingRandomPatchesExecutorMAXChunk,25,4,2000,244,27680.0,119.84500122070312,7764.0,230.96499633789062,89.4898753894081
elecNormNew,OzaBagASHTExecutorMAXChunk,25,4,500,498,45312.0,91.6520004272461,610.0,494.3918151855469,76.12246719628672
covtypeNorm,OzaBagExecutorMAXChunk,25,4,2000,356,42529.0,119.9209976196289,3535.0,354.6418151855469,75.85679390066372
airlines,LBagExecutorMAXChunk,25,4,250,216,7500.0,121.90699768066406,4045.0,61.522308349609375,62.62068965517241
elecNormNew,LBagExecutorMAXChunk,25,4,250,134,15574.0,119.81700134277344,1206.0,129.98155212402344,90.6095014356565
GMSC,StreamingRandomPatchesExecutorMAXChunk,25,4,25,738,87950.0,120.00499725341797,33.0,732.8861694335938,93.47853284048905
elecNormNew,OzaBagAdwinExecutorMAXChunk,25,4,75,270,32346.0,119.89199829101562,163.0,269.7928161621094,86.08657928170803
covtypeNorm,OzaBagAdwinExecutorMAXChunk,25,4,100,565,66200.0,120.04900360107422,149.0,551.4414672851562,86.96822995461422
GMSC,LBagExecutorMAXChunk,25,4,50,1823,145185.0,88.74500274658203,30.0,1635.9794921875,93.34481689461536
GMSC,OzaBagASHTExecutorMAXChunk,25,4,25,3410,150000.0,44.05400085449219,5.0,3404.912109375,93.32288714785798
airlines,OzaBagExecutorMAXChunk,25,4,100,569,67687.0,119.97899627685547,142.0,564.1571044921875,62.9085475017385
airlines,StreamingRandomPatchesExecutorMAXChunk,25,4,500,136,6500.0,121.23999786376953,9183.0,53.6126708984375,66.06666666666666
covtypeNorm,StreamingRandomPatchesExecutorMAXChunk,25,4,250,114,13178.0,119.81600189208984,2073.0,109.98530578613281,81.27320544554455
covtypeNorm,OzaBagASHTExecutorMAXChunk,25,4,2000,1768,209839.0,120.00499725341797,946.0,1748.5855712890625,79.99220550522278
airlines,LBagExecutorMAXChunk,25,4,100,206,8000.0,124.08999633789062,1548.0,64.4693374633789,62.63291139240506
covtypeNorm,OzaBagAdwinExecutorMAXChunk,25,4,25,81,9584.0,119.84600067138672,193.0,79.96929168701172,75.01830735432577
elecNormNew,LBagExecutorMAXChunk,25,4,50,594,44841.0,76.86199951171875,69.0,583.396240234375,90.44227635015963
airlines,OzaBagExecutorMAXChunk,25,4,75,567,67687.0,119.97799682617188,104.0,564.1618041992188,63.53162160563214
GMSC,OzaBagAdwinExecutorMAXChunk,25,4,2000,2222,149423.0,67.6259994506836,786.0,2209.549560546875,93.59055235614524
covtypeNorm,LBagExecutorMAXChunk,25,4,100,74,8400.0,120.22000122070312,950.0,69.87190246582031,72.95180722891567
covtypeNorm,OzaBagExecutorMAXChunk,25,4,100,321,38336.0,119.93000030517578,193.0,319.65313720703125,73.75509990584789
elecNormNew,LBagExecutorMAXChunk,25,4,500,1253,39026.0,41.72800064086914,531.0,935.247314453125,88.53241966464206
elecNormNew,OzaBagExecutorMAXChunk,25,4,25,3558,43684.0,13.678000450134277,7.0,3193.74169921875,77.53498705879657
airlines,StreamingRandomPatchesExecutorMAXChunk,25,4,75,23,2400.0,120.7760009765625,2636.0,19.871498107910156,74.45161290322581
airlines,OzaBagAdwinExecutorMAXChunk,25,4,50,341,34750.0,120.0469970703125,172.0,289.469970703125,85.92795389048992
GMSC,OzaBagExecutorMAXChunk,25,4,50,3502,149786.0,42.9370002746582,12.0,3488.50634765625,93.31289736603088
airlines,OzaBagExecutorMAXChunk,25,4,500,619,73677.0,119.94599914550781,671.0,614.2514038085938,66.13280129002283
covtypeNorm,OzaBagAdwinExecutorMAXChunk,25,4,75,109,12579.0,119.81199645996094,464.0,104.98948669433594,75.78374920025593
GMSC,OzaBagExecutorMAXChunk,25,4,25,3201,149279.0,46.98500061035156,6.0,3177.162841796875,93.35294196470446
covtypeNorm,LBagExecutorMAXChunk,25,4,2000,65,7800.0,119.99700164794922,20153.0,65.00162506103516,62.8448275862069
covtypeNorm,StreamingRandomPatchesExecutorMAXChunk,25,4,50,110,13178.0,119.81800079345703,402.0,109.98347473144531,81.61182205971969
elecNormNew,LBagExecutorMAXChunk,25,4,500,696,43226.0,65.34100341796875,673.0,661.5447998046875,88.39816505172494
airlines,OzaBagExecutorMAXChunk,25,4,250,5446,208750.0,120.0009994506836,143.0,1739.56884765625,59.584652278177465
airlines,OzaBagASHTExecutorMAXChunk,25,4,50,1841,123200.0,120.02799987792969,48.0,1026.4271240234375,66.13560698335364
GMSC,OzaBagASHTExecutorMAXChunk,25,4,75,7059,142809.0,30.304000854492188,15.0,4712.5458984375,93.31834040943293
GMSC,OzaBagExecutorMAXChunk,25,4,25,5762,137764.0,26.1200008392334,4.0,5274.2724609375,93.29456435722635
GMSC,StreamingRandomPatchesExecutorMAXChunk,25,4,2000,78,8986.0,120.0009994506836,16039.0,74.8827133178711,93.4154022330375
elecNormNew,LBagExecutorMAXChunk,25,4,25,572,45312.0,79.64299774169922,33.0,568.9389038085938,90.15832358071853
GMSC,OzaBagExecutorMAXChunk,25,4,25,640,76672.0,119.97799682617188,22.0,639.050537109375,93.26783827155661
covtypeNorm,OzaBagExecutorMAXChunk,25,4,2000,3206,326000.0,120.4739990234375,708.0,2705.97802734375,77.4574074074074
airlines,StreamingRandomPatchesExecutorMAXChunk,25,4,100,24,2400.0,120.9260025024414,3594.0,19.846847534179688,74.0
airlines,OzaBagASHTExecutorMAXChunk,25,4,25,2812,67725.0,120.05599975585938,44.0,564.1117553710938,65.78286558345643
GMSC,OzaBagAdwinExecutorMAXChunk,25,4,2000,4000,132257.0,39.518001556396484,589.0,3346.753173828125,93.65485156267994
covtypeNorm,OzaBagASHTExecutorMAXChunk,25,4,25,1407,166650.0,120.00900268554688,13.0,1388.6458740234375,81.4595648912228
elecNormNew,OzaBagAdwinExecutorMAXChunk,25,4,100,277,32945.0,119.90599822998047,211.0,274.75689697265625,85.71472065763435
GMSC,StreamingRandomPatchesExecutorMAXChunk,25,4,100,732,80000.0,120.10600280761719,149.0,666.0783081054688,93.48811013767208
covtypeNorm,OzaBagExecutorMAXChunk,25,4,100,1607,187820.0,120.0009994506836,52.0,1565.1536865234375,80.66908161090987
elecNormNew,StreamingRandomPatchesExecutorMAXChunk,25,4,75,38,4200.0,120.10600280761719,1264.0,34.96910858154297,92.19393939393939
elecNormNew,OzaBagASHTExecutorMAXChunk,25,4,50,3785,42982.0,13.435999870300293,15.0,3199.017578125,77.5901425510109
elecNormNew,OzaBagExecutorMAXChunk,25,4,75,2111,45312.0,21.517000198364258,30.0,2105.869873046875,74.75075712359352
covtypeNorm,OzaBagExecutorMAXChunk,25,4,50,1479,174033.0,119.93199920654297,26.0,1451.0972900390625,81.17172367415208
airlines,StreamingRandomPatchesExecutorMAXChunk,25,4,25,23,2400.0,120.20999908447266,896.0,19.96506118774414,74.61052631578947
elecNormNew,OzaBagExecutorMAXChunk,25,4,100,458,45312.0,99.69599914550781,124.0,454.5016784667969,76.51066088649031
GMSC,StreamingRandomPatchesExecutorMAXChunk,25,4,75,732,85500.0,120.08499908447266,105.0,711.9956665039062,93.50892595844307
covtypeNorm,OzaBagAdwinExecutorMAXChunk,25,4,2000,121,14376.0,119.81800079345703,11518.0,119.98197174072266,66.32999353587589
elecNormNew,OzaBagAdwinExecutorMAXChunk,25,4,2000,2362,36925.0,19.566999435424805,1020.0,1887.1058349609375,84.45812455261274
GMSC,OzaBagAdwinExecutorMAXChunk,25,4,500,2508,150000.0,60.042999267578125,169.0,2498.209716796875,93.67558528428094
GMSC,OzaBagASHTExecutorMAXChunk,25,4,50,6779,143512.0,25.040000915527344,8.0,5731.3095703125,93.2748741827104
GMSC,LBagExecutorMAXChunk,25,4,250,1015,121217.0,119.83000183105469,206.0,1011.57470703125,93.47259996527978
covtypeNorm,OzaBagASHTExecutorMAXChunk,25,4,50,2312,269300.0,120.01100158691406,20.0,2243.9609375,78.14558960074281
airlines,StreamingRandomPatchesExecutorMAXChunk,25,4,50,23,2400.0,120.55899810791016,1780.0,19.907264709472656,74.63829787234042
airlines,OzaBagAdwinExecutorMAXChunk,25,4,75,614,33375.0,120.41999816894531,270.0,277.15496826171875,85.8018018018018
GMSC,LBagExecutorMAXChunk,25,4,75,201,23960.0,119.87100219726562,226.0,199.88153076171875,93.4980113041658
elecNormNew,LBagExecutorMAXChunk,25,4,75,1155,41243.0,45.8390007019043,83.0,899.7360229492188,90.35901671200934
elecNormNew,OzaBagExecutorMAXChunk,25,4,250,476,45312.0,95.49199676513672,300.0,474.5109558105469,76.97838533575963
GMSC,OzaBagAdwinExecutorMAXChunk,25,4,75,418,49717.0,119.9209976196289,109.0,414.5812683105469,93.44708110068088
covtypeNorm,LBagExecutorMAXChunk,25,4,50,66,7800.0,120.06500244140625,509.0,64.96480560302734,73.41935483870968
airlines,LBagExecutorMAXChunk,25,4,75,203,8175.0,122.97200012207031,1126.0,66.47854614257812,62.48148148148148
airlines,OzaBagASHTExecutorMAXChunk,25,4,2000,481,57504.0,119.91300201416016,3254.0,479.54766845703125,55.32574228884405
GMSC,LBagExecutorMAXChunk,25,4,250,1827,145478.0,97.44100189208984,167.0,1492.9854736328125,93.47508744870136
elecNormNew,OzaBagASHTExecutorMAXChunk,25,4,25,1983,45268.0,22.910999298095703,9.0,1975.819580078125,78.2927745728621
GMSC,OzaBagAdwinExecutorMAXChunk,25,4,250,471,56306.0,119.98500061035156,331.0,469.27532958984375,93.59033823319538
airlines,OzaBagAdwinExecutorMAXChunk,25,4,2000,476,26000.0,157.2220001220703,11929.0,165.3712615966797,84.05833333333334
covtypeNorm,LBagExecutorMAXChunk,25,4,25,58,6600.0,120.08000183105469,283.0,54.963356018066406,74.85931558935361
airlines,OzaBagExecutorMAXChunk,25,4,100,2845,166300.0,120.11399841308594,72.0,1384.51806640625,63.894705174488564
airlines,OzaBagASHTExecutorMAXChunk,25,4,75,3916,15225.0,120.86699676513672,595.0,125.96490478515625,64.83828382838284
covtypeNorm,StreamingRandomPatchesExecutorMAXChunk,25,4,250,206,20750.0,120.18699645996094,1440.0,172.6476287841797,85.01463414634146
elecNormNew,OzaBagAdwinExecutorMAXChunk,25,4,50,1257,45312.0,36.22800064086914,31.0,1250.7452392578125,85.72312314966197
airlines,StreamingRandomPatchesExecutorMAXChunk,25,4,500,27,3000.0,126.24800109863281,16109.0,23.762752532958984,72.0
airlines,OzaBagExecutorMAXChunk,25,4,2000,5592,216000.0,120.01799774169922,1103.0,1799.7301025390625,61.30140186915888
airlines,OzaBagAdwinExecutorMAXChunk,25,4,250,350,32500.0,120.2760009765625,922.0,270.21185302734375,85.90697674418605
airlines,LBagExecutorMAXChunk,25,4,100,114,8100.0,127.2760009765625,1566.0,63.64122009277344,62.5375
GMSC,OzaBagASHTExecutorMAXChunk,25,4,75,3921,149982.0,38.362998962402344,15.0,3909.54833984375,93.37055641164189
GMSC,OzaBagAdwinExecutorMAXChunk,25,4,25,362,43128.0,119.94400024414062,40.0,359.56781005859375,93.5410528269494
covtypeNorm,OzaBagExecutorMAXChunk,25,4,50,2663,306350.0,120.00399780273438,19.0,2552.83154296875,78.54652301665034
elecNormNew,OzaBagASHTExecutorMAXChunk,25,4,100,431,45312.0,105.50399780273438,128.0,429.4813537597656,76.71857029107316
airlines,StreamingRandomPatchesExecutorMAXChunk,25,4,50,117,6800.0,120.49600219726562,884.0,56.433406829833984,66.8
airlines,OzaBagAdwinExecutorMAXChunk,25,4,100,341,32800.0,120.11799621582031,365.0,273.0648193359375,85.20489296636086
airlines,LBagExecutorMAXChunk,25,4,250,24,2400.0,119.95600128173828,7817.0,20.007335662841797,71.44186046511628
elecNormNew,LBagExecutorMAXChunk,25,4,2000,710,40822.0,64.01000213623047,2618.0,637.7440795898438,86.7678120653238
covtypeNorm,StreamingRandomPatchesExecutorMAXChunk,25,4,50,22,2400.0,120.18599700927734,1506.0,19.96904754638672,78.42553191489363
GMSC,OzaBagASHTExecutorMAXChunk,25,4,100,6951,132888.0,28.5310001373291,21.0,4657.67041015625,93.35331505858963
covtypeNorm,LBagExecutorMAXChunk,25,4,50,601,69731.0,120.0009994506836,82.0,581.0868530273438,90.43067694206455
GMSC,OzaBagExecutorMAXChunk,25,4,500,4380,138467.0,34.32899856567383,106.0,4033.528564453125,93.28752527778383
airlines,OzaBagASHTExecutorMAXChunk,25,4,500,2436,97000.0,120.26000213623047,618.0,806.585693359375,62.12642487046632
GMSC,OzaBagExecutorMAXChunk,25,4,100,763,91048.0,119.98999786376953,76.0,758.7965698242188,93.40612217970708
GMSC,StreamingRandomPatchesExecutorMAXChunk,25,4,500,418,49500.0,120.01499938964844,1055.0,412.4484558105469,93.42448979591836
GMSC,LBagExecutorMAXChunk,25,4,25,1656,147013.0,93.1969985961914,15.0,1577.4434814453125,93.31305956948867
elecNormNew,OzaBagAdwinExecutorMAXChunk,25,4,500,1437,40326.0,31.51300048828125,351.0,1279.662353515625,85.89614824486517
elecNormNew,OzaBagAdwinExecutorMAXChunk,25,4,250,274,32346.0,119.86799621582031,559.0,269.8468322753906,84.88285144566301
covtypeNorm,OzaBagASHTExecutorMAXChunk,25,4,2000,353,41846.0,119.91500091552734,3695.0,348.9638366699219,78.77327711690006
airlines,LBagExecutorMAXChunk,25,4,250,120,7750.0,131.5500030517578,4211.0,58.912960052490234,61.919999999999995
GMSC,OzaBagExecutorMAXChunk,25,4,75,747,89251.0,119.98500061035156,58.0,743.851318359375,93.32780120211717
airlines,LBagExecutorMAXChunk,25,4,25,196,11025.0,120.09300231933594,272.0,91.80384826660156,61.04545454545455
GMSC,StreamingRandomPatchesExecutorMAXChunk,25,4,50,398,47321.0,119.98600006103516,102.0,394.3876647949219,93.42725984218654
elecNormNew,OzaBagAdwinExecutorMAXChunk,25,4,25,1929,42873.0,23.569000244140625,13.0,1819.0419921875,85.6772778192681
airlines,OzaBagExecutorMAXChunk,25,4,25,2395,168275.0,120.00299835205078,17.0,1402.256591796875,64.23417533432392
airlines,OzaBagAdwinExecutorMAXChunk,25,4,25,71,8400.0,120.05799865722656,235.0,69.9661865234375,86.35223880597015
airlines,LBagExecutorMAXChunk,25,4,25,109,12500.0,120.19999694824219,239.0,103.99334716796875,61.515030060120246
airlines,OzaBagExecutorMAXChunk,25,4,50,4735,179150.0,120.0009994506836,33.0,1492.9041748046875,63.10608598548298
GMSC,OzaBagASHTExecutorMAXChunk,25,4,250,7796,36250.0,120.84600067138672,832.0,299.96856689453125,93.45833333333333
elecNormNew,OzaBagAdwinExecutorMAXChunk,25,4,75,1350,45277.0,33.555999755859375,46.0,1349.2967529296875,85.49400469005796
airlines,OzaBagAdwinExecutorMAXChunk,25,4,2000,857,24000.0,131.08200073242188,10821.0,183.09149169921875,84.17272727272727
GMSC,OzaBagExecutorMAXChunk,25,4,250,4219,144163.0,35.62099838256836,53.0,4047.13525390625,93.33347230618499
covtypeNorm,OzaBagExecutorMAXChunk,25,4,100,2893,316900.0,120.04399871826172,37.0,2639.865478515625,76.57070707070707
elecNormNew,OzaBagAdwinExecutorMAXChunk,25,4,50,2263,43029.0,22.889999389648438,26.0,1879.8165283203125,85.43474720212197
GMSC,LBagExecutorMAXChunk,25,4,75,1007,120150.0,120.01300048828125,62.0,1001.1415405273438,93.36164896939412
covtypeNorm,OzaBagASHTExecutorMAXChunk,25,4,100,1587,187600.0,120.04499816894531,53.0,1562.747314453125,77.72373333333333
covtypeNorm,OzaBagASHTExecutorMAXChunk,25,4,250,342,40732.0,119.91699981689453,471.0,339.66827392578125,73.0892742453436
elecNormNew,OzaBagASHTExecutorMAXChunk,25,4,2000,3802,30203.0,11.97700023651123,756.0,2521.75,78.08743750664823
elecNormNew,LBagExecutorMAXChunk,25,4,75,641,44816.0,70.91600036621094,96.0,631.9589233398438,90.44053552669811
GMSC,LBagExecutorMAXChunk,25,4,2000,975,113917.0,119.83000183105469,1795.0,950.6550903320312,93.48624427030747
elecNormNew,LBagExecutorMAXChunk,25,4,500,139,16173.0,119.82499694824219,2269.0,134.97183227539062,89.94449052510687
airlines,OzaBagAdwinExecutorMAXChunk,25,4,500,674,31274.0,120.0009994506836,1920.0,260.614501953125,85.36751803470463
GMSC,OzaBagExecutorMAXChunk,25,4,100,6875,123513.0,27.906999588012695,22.0,4425.87890625,93.40588106601412
airlines,OzaBagASHTExecutorMAXChunk,25,4,50,368,43727.0,119.8949966430664,102.0,364.7107849121094,62.78819515992399
covtypeNorm,OzaBagASHTExecutorMAXChunk,25,4,50,256,30549.0,119.88500213623047,117.0,254.81919860839844,68.80881340371815
covtypeNorm,LBagExecutorMAXChunk,25,4,250,77,8986.0,120.00800323486328,2203.0,74.87834167480469,71.18818681318682
airlines,LBagExecutorMAXChunk,25,4,50,200,8750.0,122.41100311279297,698.0,71.48049926757812,62.195402298850574
GMSC,LBagExecutorMAXChunk,25,4,100,998,119002.0,119.99800109863281,83.0,991.6998291015625,93.43492960589394
airlines,StreamingRandomPatchesExecutorMAXChunk,25,4,100,123,6500.0,120.0479965209961,1841.0,54.14501190185547,66.8125
GMSC,OzaBagAdwinExecutorMAXChunk,25,4,500,501,59900.0,119.91300201416016,566.0,499.52880859375,93.52693602693603
covtypeNorm,StreamingRandomPatchesExecutorMAXChunk,25,4,75,200,21600.0,120.12799835205078,416.0,179.80821228027344,85.15679442508711
elecNormNew,LBagExecutorMAXChunk,25,4,100,1183,39506.0,45.29800033569336,114.0,872.1356201171875,89.81627163376136
elecNormNew,StreamingRandomPatchesExecutorMAXChunk,25,4,100,385,40100.0,120.19200134277344,299.0,333.6328430175781,89.3675
elecNormNew,OzaBagAdwinExecutorMAXChunk,25,4,100,2495,36782.0,21.71299934387207,58.0,1694.00830078125,84.65732511858677
GMSC,LBagExecutorMAXChunk,25,4,50,202,23960.0,119.8550033569336,134.0,199.90821838378906,93.47135089920535
GMSC,LBagExecutorMAXChunk,25,4,500,998,118699.0,119.98500061035156,462.0,989.281982421875,93.47541011345274
GMSC,OzaBagExecutorMAXChunk,25,4,2000,792,94642.0,119.98699951171875,1474.0,788.768798828125,93.3604628570195
covtypeNorm,OzaBagAdwinExecutorMAXChunk,25,4,100,113,13179.0,120.00599670410156,621.0,109.81951141357422,75.1586512730331
airlines,OzaBagExecutorMAXChunk,25,4,75,2836,168150.0,120.08300018310547,53.0,1400.281494140625,65.31250929644504
elecNormNew,OzaBagExecutorMAXChunk,25,4,100,2294,44842.0,19.715999603271484,39.0,2274.396484375,75.38777882079478
covtypeNorm,OzaBagAdwinExecutorMAXChunk,25,4,500,608,70902.0,119.9739990234375,761.0,590.97802734375,86.59271043436266
covtypeNorm,OzaBagAdwinExecutorMAXChunk,25,4,75,548,63825.0,120.01699829101562,118.0,531.7996826171875,86.68392156862745
covtypeNorm,OzaBagASHTExecutorMAXChunk,25,4,500,354,41930.0,119.91100311279297,928.0,349.6759948730469,74.48950036205648
GMSC,StreamingRandomPatchesExecutorMAXChunk,25,4,2000,709,80000.0,120.63899993896484,2885.0,663.135498046875,93.46666666666667
airlines,OzaBagExecutorMAXChunk,25,4,500,5571,200500.0,120.22799682617188,298.0,1667.664794921875,63.525
covtypeNorm,OzaBagExecutorMAXChunk,25,4,250,1805,215000.0,120.06900024414062,118.0,1790.6370849609375,80.61420256111758
GMSC,StreamingRandomPatchesExecutorMAXChunk,25,4,250,80,9585.0,120.00499725341797,1890.0,79.87167358398438,93.60471344402785
airlines,OzaBagExecutorMAXChunk,25,4,2000,3107,198000.0,120.02200317382812,1203.0,1649.697509765625,62.2454081632653
GMSC,OzaBagAdwinExecutorMAXChunk,25,4,25,1812,150000.0,83.06600189208984,11.0,1805.79296875,93.36222703783965
elecNormNew,StreamingRandomPatchesExecutorMAXChunk,25,4,75,194,22725.0,120.01499938964844,327.0,189.35133361816406,90.64459161147903
covtypeNorm,LBagExecutorMAXChunk,25,4,50,333,39324.0,119.99299621582031,126.0,327.7191162109375,85.66227020420635
elecNormNew,StreamingRandomPatchesExecutorMAXChunk,25,4,100,42,4800.0,120.13300323486328,1533.0,39.95571517944336,91.59574468085107
airlines,OzaBagASHTExecutorMAXChunk,25,4,2000,2407,152000.0,120.96900177001953,1582.0,1256.520263671875,67.55799999999999
elecNormNew,OzaBagExecutorMAXChunk,25,4,50,2106,44579.0,21.55699920654297,20.0,2067.95947265625,76.9655729973725
elecNormNew,OzaBagASHTExecutorMAXChunk,25,4,25,3570,43418.0,12.684000015258789,7.0,3423.052734375,79.0910976424769
elecNormNew,OzaBagASHTExecutorMAXChunk,25,4,50,420,45312.0,108.0979995727539,65.0,419.1752014160156,76.33555742123636
elecNormNew,OzaBagASHTExecutorMAXChunk,25,4,50,2102,45312.0,21.551000595092773,17.0,2102.54736328125,78.79678317352304
elecNormNew,OzaBagExecutorMAXChunk,25,4,100,4130,39367.0,14.791999816894531,37.0,2661.37109375,74.66829653398528
elecNormNew,OzaBagASHTExecutorMAXChunk,25,4,75,4120,44062.0,15.720999717712402,26.0,2802.748046875,78.20265078318594
covtypeNorm,OzaBagASHTExecutorMAXChunk,25,4,25,281,33544.0,119.95700073242188,53.0,279.633544921875,70.20794176437245
elecNormNew,StreamingRandomPatchesExecutorMAXChunk,25,4,2000,439,41512.0,114.01499938964844,5542.0,364.0924377441406,89.23111965985017
airlines,OzaBagASHTExecutorMAXChunk,25,4,2000,4332,154000.0,120.9540023803711,1560.0,1273.2113037109375,65.95526315789473
airlines,StreamingRandomPatchesExecutorMAXChunk,25,4,50,210,6950.0,122.83100128173828,883.0,56.58180618286133,67.15942028985508
elecNormNew,OzaBagASHTExecutorMAXChunk,25,4,2000,422,45312.0,108.0739974975586,2693.0,419.2682800292969,77.85833025489471
airlines,LBagExecutorMAXChunk,25,4,500,25,3000.0,127.78500366210938,14535.0,23.476932525634766,68.8
elecNormNew,StreamingRandomPatchesExecutorMAXChunk,25,4,25,46,5400.0,120.0770034790039,332.0,44.97114181518555,91.86976744186046
GMSC,StreamingRandomPatchesExecutorMAXChunk,25,4,75,81,9585.0,120.00399780273438,588.0,79.8723373413086,93.5856992639327
GMSC,OzaBagASHTExecutorMAXChunk,25,4,75,784,93444.0,119.99800109863281,56.0,778.7129516601562,93.34147307993017
elecNormNew,OzaBagASHTExecutorMAXChunk,25,4,500,2493,45203.0,18.200000762939453,194.0,2483.68115234375,77.24537503075857
elecNormNew,OzaBagExecutorMAXChunk,25,4,25,395,45312.0,114.90699768066406,34.0,394.3363037109375,76.52085587475435
covtypeNorm,LBagExecutorMAXChunk,25,4,250,695,71500.0,120.04000091552734,418.0,595.634765625,91.25052631578947
elecNormNew,OzaBagAdwinExecutorMAXChunk,25,4,75,2431,40863.0,21.645999908447266,39.0,1887.7852783203125,86.06452878297539
covtypeNorm,OzaBagAdwinExecutorMAXChunk,25,4,75,987,111620.0,120.0009994506836,80.0,930.158935546875,88.17158994127931
airlines,OzaBagAdwinExecutorMAXChunk,25,4,250,630,22000.0,120.21399688720703,1363.0,183.00697326660156,85.75172413793103
elecNormNew,LBagExecutorMAXChunk,25,4,50,118,13777.0,119.82599639892578,264.0,114.97505187988281,92.19057332264879
elecNormNew,StreamingRandomPatchesExecutorMAXChunk,25,4,500,48,5400.0,119.99199676513672,7037.0,45.00300216674805,90.57142857142857
GMSC,OzaBagExecutorMAXChunk,25,4,100,3819,146824.0,39.354000091552734,22.0,3730.853271484375,93.30784329762002
GMSC,OzaBagExecutorMAXChunk,25,4,75,6727,135319.0,26.60099983215332,14.0,5086.9892578125,93.35867025524239
covtypeNorm,LBagExecutorMAXChunk,25,4,2000,327,36783.0,119.89900207519531,5558.0,306.783203125,84.90929477043383
covtypeNorm,OzaBagAdwinExecutorMAXChunk,25,4,50,102,11980.0,119.81800079345703,288.0,99.98497772216797,76.12740989103102
airlines,LBagExecutorMAXChunk,25,4,25,21,2400.0,120.23699951171875,794.0,19.9605770111084,72.16842105263159
elecNormNew,OzaBagExecutorMAXChunk,25,4,75,422,45312.0,108.10199737548828,100.0,419.1596984863281,75.26582222516967
elecNormNew,LBagExecutorMAXChunk,25,4,100,131,15574.0,119.8219985961914,482.0,129.97613525390625,91.90900865968722
elecNormNew,OzaBagASHTExecutorMAXChunk,25,4,250,2384,45312.0,19.09000015258789,95.0,2373.5986328125,76.06630864142737
elecNormNew,OzaBagExecutorMAXChunk,25,4,2000,4034,28857.0,14.505000114440918,969.0,1989.451904296875,80.16159660423726
GMSC,OzaBagAdwinExecutorMAXChunk,25,4,50,1969,149810.0,76.5,20.0,1958.3006591796875,93.41680021367522
GMSC,OzaBagExecutorMAXChunk,25,4,500,7885,121682.0,21.125999450683594,86.0,5759.822265625,93.37690416068392
airlines,OzaBagExecutorMAXChunk,25,4,25,479,56905.0,119.95099639892578,36.0,474.4020690917969,60.82102672292545
elecNormNew,OzaBagExecutorMAXChunk,25,4,2000,448,45312.0,102.08799743652344,2547.0,443.8523864746094,77.05024011821205
covtypeNorm,OzaBagExecutorMAXChunk,25,4,25,275,32945.0,119.91100311279297,49.0,274.74542236328125,71.40643985419199
elecNormNew,StreamingRandomPatchesExecutorMAXChunk,25,4,50,398,43350.0,120.0719985961914,138.0,361.03338623046875,89.63279445727483
covtypeNorm,LBagExecutorMAXChunk,25,4,500,371,43385.0,119.91500091552734,1221.0,361.7979431152344,86.80890754343011
airlines,LBagExecutorMAXChunk,25,4,75,112,8400.0,123.12999725341797,1096.0,68.2205810546875,62.570570570570574
GMSC,LBagExecutorMAXChunk,25,4,2000,1755,150000.0,87.01899719238281,1143.0,1723.761474609375,93.51824324324325
GMSC,LBagExecutorMAXChunk,25,4,50,1012,120450.0,120.00800323486328,40.0,1003.6830444335938,93.47259136212625
GMSC,OzaBagAdwinExecutorMAXChunk,25,4,75,2092,149165.0,71.9020004272461,30.0,2074.559814453125,93.50660674760212
airlines,OzaBagAdwinExecutorMAXChunk,25,4,25,647,36225.0,120.11100006103516,82.0,301.59600830078125,86.45027624309392
covtypeNorm,OzaBagAdwinExecutorMAXChunk,25,4,100,1017,117300.0,120.01200103759766,101.0,977.4022216796875,88.17662116040955
covtypeNorm,LBagExecutorMAXChunk,25,4,100,667,65783.0,120.0009994506836,182.0,548.1870727539062,90.22121401275824
GMSC,StreamingRandomPatchesExecutorMAXChunk,25,4,250,404,47920.0,119.89099884033203,550.0,399.6963806152344,93.44870988042794
covtypeNorm,OzaBagASHTExecutorMAXChunk,25,4,500,3193,309000.0,120.25,192.0,2569.646484375,76.3290113452188
covtypeNorm,LBagExecutorMAXChunk,25,4,75,350,41774.0,119.91000366210938,182.0,348.3779296875,86.33060744861987
elecNormNew,OzaBagAdwinExecutorMAXChunk,25,4,500,2588,35402.0,22.358999252319336,315.0,1583.3446044921875,85.89192596412813
elecNormNew,OzaBagASHTExecutorMAXChunk,25,4,25,396,45312.0,114.91999816894531,35.0,394.29168701171875,77.13913485106102
covtypeNorm,StreamingRandomPatchesExecutorMAXChunk,25,4,500,22,2400.0,119.9530029296875,16297.0,20.007835388183594,71.84210526315789
covtypeNorm,LBagExecutorMAXChunk,25,4,500,74,8387.0,120.00299835205078,4743.0,69.88992309570312,69.6208951439077
airlines,OzaBagExecutorMAXChunk,25,4,50,526,62895.0,119.98500061035156,68.0,524.1904907226562,65.3703556368844
GMSC,OzaBagAdwinExecutorMAXChunk,25,4,250,2357,150000.0,63.827999114990234,90.0,2350.06591796875,93.62337228714524
GMSC,StreamingRandomPatchesExecutorMAXChunk,25,4,500,752,86000.0,120.72100067138672,699.0,712.3864135742188,93.4654970760234
airlines,OzaBagAdwinExecutorMAXChunk,25,4,500,374,32000.0,120.20500183105469,1867.0,266.2118835449219,85.79365079365078
airlines,OzaBagAdwinExecutorMAXChunk,25,4,75,68,7800.0,120.18699645996094,770.0,64.89886474609375,84.68608414239482
covtypeNorm,OzaBagExecutorMAXChunk,25,4,250,361,43128.0,119.91899871826172,445.0,359.64276123046875,75.08279304072019
airlines,OzaBagExecutorMAXChunk,25,4,500,3095,189000.0,120.14600372314453,316.0,1573.0860595703125,63.22705570291777
airlines,StreamingRandomPatchesExecutorMAXChunk,25,4,100,221,6500.0,122.14099884033203,1875.0,53.21718215942383,66.109375
elecNormNew,StreamingRandomPatchesExecutorMAXChunk,25,4,25,234,27554.0,119.98500061035156,84.0,229.64537048339844,90.17036579606959
elecNormNew,OzaBagAdwinExecutorMAXChunk,25,4,100,1386,43407.0,32.75,66.0,1325.404541015625,85.18022490590435
covtypeNorm,OzaBagAdwinExecutorMAXChunk,25,4,50,512,60318.0,120.0009994506836,80.0,502.64581298828125,87.07274175350102
airlines,OzaBagExecutorMAXChunk,25,4,100,5121,167200.0,120.0199966430664,71.0,1393.1011962890625,61.950329144225016
elecNormNew,OzaBagAdwinExecutorMAXChunk,25,4,500,287,34143.0,119.86900329589844,1066.0,284.8359375,83.55378533424486
elecNormNew,StreamingRandomPatchesExecutorMAXChunk,25,4,2000,48,5400.0,119.98899841308594,26624.0,45.004127502441406,85.70588235294117
elecNormNew,StreamingRandomPatchesExecutorMAXChunk,25,4,250,407,41500.0,120.27200317382812,722.0,345.05120849609375,89.52242424242425
airlines,LBagExecutorMAXChunk,25,4,500,129,7000.0,121.9280014038086,8568.0,57.41093063354492,62.323076923076925
elecNormNew,StreamingRandomPatchesExecutorMAXChunk,25,4,100,213,25158.0,119.89099884033203,410.0,209.84060668945312,90.00718333466358
airlines,StreamingRandomPatchesExecutorMAXChunk,25,4,2000,28,3000.0,119.95800018310547,57000.0,25.008752822875977,68.30000000000001
elecNormNew,OzaBagExecutorMAXChunk,25,4,250,2383,45189.0,19.08300018310547,96.0,2368.02392578125,77.99238968379359
covtypeNorm,OzaBagAdwinExecutorMAXChunk,25,4,2000,608,69478.0,119.99400329589844,3062.0,579.0122680664062,85.91837339577344
airlines,OzaBagASHTExecutorMAXChunk,25,4,250,4394,153000.0,120.02999877929688,195.0,1274.681396484375,63.93126022913257
elecNormNew,LBagExecutorMAXChunk,25,4,75,128,14975.0,119.81800079345703,297.0,124.9812240600586,91.77852348993288
airlines,OzaBagASHTExecutorMAXChunk,25,4,75,2175,19350.0,121.58000183105469,470.0,159.1544647216797,64.0207522697795
covtypeNorm,OzaBagAdwinExecutorMAXChunk,25,4,500,1095,118000.0,120.25700378417969,506.0,981.2318115234375,87.96765957446809
covtypeNorm,OzaBagExecutorMAXChunk,25,4,25,2480,291777.0,120.0009994506836,9.0,2431.454833984375,78.17152924401547
GMSC,OzaBagAdwinExecutorMAXChunk,25,4,500,4515,140462.0,40.00400161743164,142.0,3511.19873046875,93.61469541732757
GMSC,OzaBagExecutorMAXChunk,25,4,250,7594,123629.0,23.545000076293945,47.0,5250.75390625,93.43891586088394
elecNormNew,OzaBagAdwinExecutorMAXChunk,25,4,250,2466,35281.0,23.45400047302246,165.0,1504.263671875,86.3977619822443
covtypeNorm,OzaBagAdwinExecutorMAXChunk,25,4,250,112,13178.0,119.81999969482422,1510.0,109.98163604736328,72.84189356435643
elecNormNew,LBagExecutorMAXChunk,25,4,25,1031,44352.0,44.060001373291016,22.0,1006.6273193359375,90.52721817402485
covtypeNorm,OzaBagASHTExecutorMAXChunk,25,4,100,2856,287129.0,120.0009994506836,41.0,2392.7216796875,78.96344968626863
elecNormNew,OzaBagAdwinExecutorMAXChunk,25,4,25,1071,45290.0,42.45800018310547,18.0,1066.701171875,85.81685629073236
airlines,OzaBagASHTExecutorMAXChunk,25,4,100,461,55100.0,120.01000213623047,154.0,459.1283874511719,64.48545454545454
covtypeNorm,OzaBagASHTExecutorMAXChunk,25,4,250,1712,197750.0,120.01100158691406,124.0,1647.765625,78.50784810126582
airlines,LBagExecutorMAXChunk,25,4,2000,396,8000.0,497.25201416015625,123678.0,16.088420867919922,57.88333333333333
covtypeNorm,OzaBagASHTExecutorMAXChunk,25,4,25,2533,296325.0,120.00599670410156,9.0,2469.251708984375,79.19271009112386
GMSC,OzaBagASHTExecutorMAXChunk,25,4,2000,870,104226.0,119.99099731445312,1332.0,868.6151733398438,93.3285074247256
covtypeNorm,OzaBagAdwinExecutorMAXChunk,25,4,50,921,107050.0,120.02100372314453,54.0,891.92724609375,87.96822429906543
elecNormNew,OzaBagASHTExecutorMAXChunk,25,4,250,4292,40267.0,15.029000282287598,92.0,2679.28662109375,74.38588599845066
airlines,OzaBagExecutorMAXChunk,25,4,250,605,72479.0,119.9469985961914,327.0,604.258544921875,60.727685555663236
GMSC,LBagExecutorMAXChunk,25,4,2000,195,23361.0,119.82499694824219,6324.0,194.95932006835938,93.40386686016572
elecNormNew,OzaBagExecutorMAXChunk,25,4,500,4286,33265.0,13.071000099182129,192.0,2544.94677734375,78.16572562185259
GMSC,LBagExecutorMAXChunk,25,4,500,1797,140774.0,88.73799896240234,314.0,1586.400390625,93.49701298886465
covtypeNorm,StreamingRandomPatchesExecutorMAXChunk,25,4,25,106,12579.0,119.90399932861328,190.0,104.90892791748047,81.67914608889598
covtypeNorm,OzaBagASHTExecutorMAXChunk,25,4,100,317,37737.0,119.94000244140625,197.0,314.63232421875,71.57584292053033
GMSC,LBagExecutorMAXChunk,25,4,75,1813,148027.0,97.47200012207031,49.0,1518.6617431640625,93.33635233048557
elecNormNew,LBagExecutorMAXChunk,25,4,250,1208,39402.0,42.25899887084961,267.0,932.3931274414062,89.36452799346138
elecNormNew,OzaBagAdwinExecutorMAXChunk,25,4,2000,1312,42377.0,34.729000091552734,1368.0,1220.2193603515625,84.54070386606236
covtypeNorm,OzaBagASHTExecutorMAXChunk,25,4,2000,3182,320000.0,120.28199768066406,734.0,2660.414794921875,75.59905660377359
GMSC,OzaBagASHTExecutorMAXChunk,25,4,2000,4352,34000.0,122.71099853515625,7197.0,277.07379150390625,93.196875
elecNormNew,OzaBagASHTExecutorMAXChunk,25,4,250,476,45312.0,95.48799896240234,304.0,474.53082275390625,76.67214060627579
elecNormNew,OzaBagExecutorMAXChunk,25,4,500,2381,41063.0,19.15999984741211,210.0,2143.162841796875,77.05544461701551
covtypeNorm,OzaBagExecutorMAXChunk,25,4,50,295,35341.0,119.91000366210938,103.0,294.7293701171875,71.0889461902468
airlines,StreamingRandomPatchesExecutorMAXChunk,25,4,500,245,7000.0,124.64900207519531,8830.0,56.15768814086914,65.64615384615384
GMSC,OzaBagExecutorMAXChunk,25,4,75,3737,150000.0,40.22600173950195,16.0,3728.931396484375,93.38202434550608
covtypeNorm,StreamingRandomPatchesExecutorMAXChunk,25,4,2000,22,2000.0,120.21499633789062,70232.0,16.636859893798828,?
airlines,OzaBagAdwinExecutorMAXChunk,25,4,25,359,41875.0,120.0250015258789,71.0,348.8856506347656,86.40860215053763
covtypeNorm,OzaBagExecutorMAXChunk,25,4,250,3250,320000.0,120.0260009765625,92.0,2666.089111328125,77.55371383893667
elecNormNew,StreamingRandomPatchesExecutorMAXChunk,25,4,250,45,5400.0,119.98200225830078,3431.0,45.006752014160156,91.14563106796116
elecNormNew,LBagExecutorMAXChunk,25,4,100,657,43529.0,69.24800109863281,130.0,628.5957641601562,90.1287158350411
GMSC,OzaBagAdwinExecutorMAXChunk,25,4,50,3544,33550.0,120.04199981689453,178.0,279.4855041503906,93.68059701492537
GMSC,OzaBagAdwinExecutorMAXChunk,25,4,100,452,53910.0,119.93699645996094,126.0,449.4859924316406,93.54766771975468
covtypeNorm,LBagExecutorMAXChunk,25,4,100,370,43800.0,120.02999877929688,241.0,364.9087829589844,86.63157894736842
GMSC,StreamingRandomPatchesExecutorMAXChunk,25,4,25,410,49118.0,119.95999908447266,49.0,409.4531555175781,93.3921332980262
airlines,LBagExecutorMAXChunk,25,4,500,232,7500.0,133.50399780273438,8832.0,56.17809295654297,61.58571428571429
GMSC,LBagExecutorMAXChunk,25,4,25,184,21564.0,119.84500122070312,84.0,179.93240356445312,93.52801894238358
covtypeNorm,OzaBagASHTExecutorMAXChunk,25,4,500,1774,210259.0,120.0009994506836,254.0,1752.143798828125,78.03002493337591
covtypeNorm,OzaBagExecutorMAXChunk,25,4,500,1816,211354.0,120.0009994506836,242.0,1761.2686767578125,82.1326605139101
GMSC,OzaBagExecutorMAXChunk,25,4,50,6304,134460.0,24.645999908447266,9.0,5455.65185546875,93.29290975373856
GMSC,StreamingRandomPatchesExecutorMAXChunk,25,4,50,716,84650.0,120.02300262451172,70.0,705.281494140625,93.45744680851064
airlines,StreamingRandomPatchesExecutorMAXChunk,25,4,250,124,6750.0,122.41300201416016,4496.0,55.14120101928711,66.2923076923077
airlines,LBagExecutorMAXChunk,25,4,2000,220,8000.0,1263.1500244140625,314662.0,6.333372592926025,58.099999999999994
elecNormNew,LBagExecutorMAXChunk,25,4,2000,142,16772.0,119.81999969482422,8698.0,139.9766387939453,88.13972380178716
airlines,OzaBagAdwinExecutorMAXChunk,25,4,50,68,7800.0,120.1500015258789,512.0,64.91885375976562,84.14193548387097
elecNormNew,StreamingRandomPatchesExecutorMAXChunk,25,4,500,241,28500.0,120.20500183105469,1902.0,237.09495544433594,89.73571428571428
airlines,OzaBagExecutorMAXChunk,25,4,2000,621,74000.0,120.14399719238281,2521.0,615.9275512695312,65.48888888888888
elecNormNew,OzaBagExecutorMAXChunk,25,4,25,1976,45312.0,22.908000946044922,9.0,1977.9989013671875,78.70028926623534
GMSC,StreamingRandomPatchesExecutorMAXChunk,25,4,250,728,85500.0,120.44000244140625,351.0,709.8970336914062,93.48152492668622
GMSC,OzaBagExecutorMAXChunk,25,4,500,876,104651.0,120.00299835205078,326.0,872.0698852539062,93.2549855498267
GMSC,OzaBagASHTExecutorMAXChunk,25,4,500,837,100000.0,120.04900360107422,343.0,832.9931640625,93.32160804020101
elecNormNew,OzaBagAdwinExecutorMAXChunk,25,4,25,214,25158.0,119.87899780273438,68.0,209.8616180419922,88.27040146421041
covtypeNorm,OzaBagExecutorMAXChunk,25,4,25,1378,162334.0,120.0009994506836,12.0,1352.7720947265625,81.54014872865953
elecNormNew,LBagExecutorMAXChunk,25,4,250,671,44153.0,67.81099700927734,340.0,651.1185913085938,89.32191421998496
covtypeNorm,LBagExecutorMAXChunk,25,4,500,669,66500.0,120.46600341796875,900.0,552.02294921875,90.61363636363636
GMSC,OzaBagAdwinExecutorMAXChunk,25,4,100,4072,139506.0,46.763999938964844,33.0,2983.192138671875,93.48521584436826
GMSC,OzaBagASHTExecutorMAXChunk,25,4,100,772,92200.0,120.0199966430664,76.0,768.205322265625,93.42345276872965
covtypeNorm,StreamingRandomPatchesExecutorMAXChunk,25,4,25,21,2400.0,120.08200073242188,758.0,19.986343383789062,78.98947368421054
elecNormNew,LBagExecutorMAXChunk,25,4,25,114,13179.0,120.00399780273438,132.0,109.82134246826172,91.89600121636005
GMSC,LBagExecutorMAXChunk,25,4,25,920,110032.0,119.9209976196289,21.0,917.5374145507812,93.48223294881235
GMSC,StreamingRandomPatchesExecutorMAXChunk,25,4,500,83,9585.0,120.0009994506836,3827.0,79.87433624267578,93.57182168409466
GMSC,OzaBagASHTExecutorMAXChunk,25,4,250,4331,143633.0,34.75899887084961,53.0,4132.25341796875,93.31650195629886
GMSC,StreamingRandomPatchesExecutorMAXChunk,25,4,100,81,9585.0,120.00499725341797,773.0,79.87167358398438,93.61096468107539
covtypeNorm,StreamingRandomPatchesExecutorMAXChunk,25,4,25,191,22762.0,119.9260025024414,123.0,189.8003692626953,85.64894225271584
elecNormNew,OzaBagExecutorMAXChunk,25,4,75,3800,41976.0,13.840999603271484,24.0,3032.72900390625,75.08651344836639
elecNormNew,StreamingRandomPatchesExecutorMAXChunk,25,4,50,221,26356.0,119.93000030517578,185.0,219.7615203857422,90.35961377632479
covtypeNorm,StreamingRandomPatchesExecutorMAXChunk,25,4,500,114,13000.0,120.88600158691406,4160.0,107.5393295288086,81.768
covtypeNorm,OzaBagExecutorMAXChunk,25,4,500,363,43128.0,119.91300201416016,937.0,359.6607360839844,73.32504457164305
airlines,StreamingRandomPatchesExecutorMAXChunk,25,4,75,119,7275.0,122.76499938964844,1262.0,59.259559631347656,67.08333333333333
covtypeNorm,OzaBagExecutorMAXChunk,25,4,2000,1781,212000.0,120.34100341796875,939.0,1761.6605224609375,79.93523809523809
elecNormNew,OzaBagAdwinExecutorMAXChunk,25,4,2000,262,31148.0,119.86699676513672,4493.0,259.85467529296875,85.77260875531769
covtypeNorm,LBagExecutorMAXChunk,25,4,75,630,68775.0,120.0250015258789,130.0,573.005615234375,90.31586608442504
airlines,LBagExecutorMAXChunk,25,4,75,22,2400.0,120.68800354003906,2387.0,19.885986328125,71.65591397849462
covtypeNorm,OzaBagExecutorMAXChunk,25,4,75,1581,184425.0,120.0250015258789,40.0,1536.5548095703125,81.88228912394902
GMSC,LBagExecutorMAXChunk,25,4,100,199,23361.0,119.82499694824219,323.0,194.95932006835938,93.51704569880917
covtypeNorm,OzaBagAdwinExecutorMAXChunk,25,4,25,729,85733.0,119.9749984741211,33.0,714.590576171875,87.43641200354692
elecNormNew,OzaBagExecutorMAXChunk,25,4,2000,2241,40621.0,20.6200008392334,831.0,1969.98046875,74.10994018798063
GMSC,OzaBagExecutorMAXChunk,25,4,2000,7131,124024.0,22.966999053955078,365.0,5400.09619140625,93.42506392185143
GMSC,OzaBagASHTExecutorMAXChunk,25,4,100,3861,150000.0,38.97700119018555,22.0,3848.42333984375,93.36024016010673
airlines,OzaBagASHTExecutorMAXChunk,25,4,500,487,58000.0,120.04499816894531,809.0,483.15216064453125,64.67478260869565
elecNormNew,OzaBagAdwinExecutorMAXChunk,25,4,250,1370,44667.0,33.104000091552734,158.0,1349.2930908203125,85.94682216268545
GMSC,StreamingRandomPatchesExecutorMAXChunk,25,4,25,82,9585.0,120.00900268554688,189.0,79.86901092529297,93.55648535564853
GMSC,OzaBagAdwinExecutorMAXChunk,25,4,25,3263,149356.0,53.43600082397461,8.0,2795.04443359375,93.3677535140058
GMSC,OzaBagExecutorMAXChunk,25,4,50,700,83860.0,119.98400115966797,36.0,698.926513671875,93.34566280873405
covtypeNorm,LBagExecutorMAXChunk,25,4,25,528,62150.0,120.01799774169922,45.0,517.8389892578125,89.10905432595574
airlines,OzaBagExecutorMAXChunk,25,4,75,5106,173100.0,120.02100372314453,51.0,1442.24755859375,63.16197081346626
covtypeNorm,OzaBagAdwinExecutorMAXChunk,25,4,250,1014,119000.0,120.04399871826172,250.0,991.30322265625,87.568
GMSC,StreamingRandomPatchesExecutorMAXChunk,25,4,50,79,9000.0,120.06999969482422,386.0,74.9562759399414,93.64245810055866
elecNormNew,OzaBagASHTExecutorMAXChunk,25,4,100,3886,38685.0,14.994999885559082,38.0,2579.85986328125,77.43423610211222
airlines,OzaBagExecutorMAXChunk,25,4,50,2630,174700.0,120.0199966430664,34.0,1455.5908203125,66.01889493272259
covtypeNorm,OzaBagAdwinExecutorMAXChunk,25,4,500,121,14376.0,119.8239974975586,2836.0,119.97596740722656,68.77342173537042
GMSC,OzaBagExecutorMAXChunk,25,4,2000,3961,140783.0,37.944000244140625,440.0,3710.283447265625,93.36157886772875
covtypeNorm,StreamingRandomPatchesExecutorMAXChunk,25,4,250,22,2400.0,119.947998046875,7679.0,20.008670806884766,77.02325581395348
elecNormNew,OzaBagASHTExecutorMAXChunk,25,4,100,2159,42863.0,21.09000015258789,41.0,2032.385009765625,76.3370203213058
airlines,OzaBagAdwinExecutorMAXChunk,25,4,50,614,33200.0,120.0510025024414,180.0,276.54913330078125,85.59276018099547
elecNormNew,OzaBagExecutorMAXChunk,25,4,50,3791,42349.0,16.073999404907227,18.0,2634.62744140625,76.65429442776424
airlines,StreamingRandomPatchesExecutorMAXChunk,25,4,2000,253,8000.0,135.61500549316406,32901.0,58.99052047729492,63.3
covtypeNorm,LBagExecutorMAXChunk,25,4,250,386,45712.0,119.92900085449219,617.0,381.1588439941406,86.9231446042849
elecNormNew,StreamingRandomPatchesExecutorMAXChunk,25,4,500,434,40500.0,120.0479965209961,1474.0,337.36505126953125,89.46
elecNormNew,LBagExecutorMAXChunk,25,4,50,1069,42293.0,42.8120002746582,50.0,987.877197265625,90.36290036219019
covtypeNorm,StreamingRandomPatchesExecutorMAXChunk,25,4,100,208,22800.0,120.02200317382812,525.0,189.9651641845703,85.91629955947137
elecNormNew,OzaBagASHTExecutorMAXChunk,25,4,500,4488,28457.0,14.418000221252441,258.0,1973.71337890625,76.87162428014452
elecNormNew,OzaBagASHTExecutorMAXChunk,25,4,2000,2112,44521.0,21.5939998626709,778.0,2061.730224609375,76.31758425248701
airlines,OzaBagASHTExecutorMAXChunk,25,4,500,4385,73500.0,120.07499694824219,814.0,612.117431640625,60.968493150684935
airlines,OzaBagExecutorMAXChunk,25,4,250,3025,206250.0,120.00700378417969,145.0,1718.649658203125,64.15728155339806
covtypeNorm,StreamingRandomPatchesExecutorMAXChunk,25,4,2000,114,12000.0,121.83100128173828,17709.0,98.49710083007812,82.31
airlines,StreamingRandomPatchesExecutorMAXChunk,25,4,25,207,6950.0,120.25,432.0,57.79625701904297,66.52707581227438
airlines,OzaBagASHTExecutorMAXChunk,25,4,100,4156,116300.0,120.05699920654297,103.0,968.70654296875,66.21084337349397
airlines,OzaBagAdwinExecutorMAXChunk,25,4,250,70,8400.0,119.99299621582031,2395.0,70.00408935546875,83.11656441717791
GMSC,LBagExecutorMAXChunk,25,4,100,1798,145275.0,96.052001953125,66.0,1512.4619140625,93.44928534527295
GMSC,OzaBagAdwinExecutorMAXChunk,25,4,2000,444,52712.0,119.90499877929688,2763.0,439.61468505859375,93.5537939738129
airlines,StreamingRandomPatchesExecutorMAXChunk,25,4,250,24,2400.0,119.95500183105469,8919.0,20.00750160217285,74.13953488372093
covtypeNorm,OzaBagAdwinExecutorMAXChunk,25,4,2000,1095,126000.0,121.34100341796875,1833.0,1038.3958740234375,87.86612903225807
GMSC,OzaBagASHTExecutorMAXChunk,25,4,50,753,89800.0,120.0009994506836,14.0,748.3270874023438,93.36378830083567
elecNormNew,StreamingRandomPatchesExecutorMAXChunk,25,4,50,44,4800.0,120.1050033569336,756.0,39.965030670166016,92.0
GMSC,StreamingRandomPatchesExecutorMAXChunk,25,4,75,407,48519.0,119.98400115966797,152.0,404.37890625,93.4790686153084
covtypeNorm,StreamingRandomPatchesExecutorMAXChunk,25,4,500,206,19000.0,120.19599914550781,3121.0,158.0751495361328,83.63243243243244
covtypeNorm,OzaBagExecutorMAXChunk,25,4,500,3270,330925.0,120.0009994506836,179.0,2757.685302734375,77.40576530226224
airlines,LBagExecutorMAXChunk,25,4,2000,44,4000.0,132.3730010986328,49150.0,30.217641830444336,63.3
GMSC,OzaBagAdwinExecutorMAXChunk,25,4,75,3766,145289.0,48.775001525878906,25.0,2978.759521484375,93.36840800473783
GMSC,OzaBagASHTExecutorMAXChunk,25,4,50,3766,149078.0,39.91999816894531,11.0,3734.4189453125,93.3348095659876
GMSC,OzaBagASHTExecutorMAXChunk,25,4,500,4185,150000.0,35.96699905395508,97.0,4170.48974609375,93.30702341137123
GMSC,StreamingRandomPatchesExecutorMAXChunk,25,4,2000,394,46000.0,120.19499969482422,4414.0,382.71142578125,93.38409090909092
elecNormNew,OzaBagExecutorMAXChunk,25,4,250,4290,38031.0,16.350000381469727,106.0,2326.054931640625,76.31613774119266
GMSC,OzaBagExecutorMAXChunk,25,4,250,843,100500.0,120.01100158691406,177.0,837.4232177734375,93.2428927680798
airlines,OzaBagAdwinExecutorMAXChunk,25,4,75,341,33825.0,120.08999633789062,266.0,281.66375732421875,85.72444444444444
covtypeNorm,StreamingRandomPatchesExecutorMAXChunk,25,4,100,115,13700.0,120.1719970703125,813.0,114.00326538085938,81.46323529411764
elecNormNew,OzaBagASHTExecutorMAXChunk,25,4,75,2289,45192.0,19.885000228881836,27.0,2272.667724609375,76.8446483587118
airlines,OzaBagASHTExecutorMAXChunk,25,4,25,312,37138.0,119.96600341796875,57.0,309.571044921875,65.29517958666774
covtypeNorm,OzaBagExecutorMAXChunk,25,4,75,2846,281895.0,120.0009994506836,31.0,2349.10546875,77.840820381804
airlines,LBagExecutorMAXChunk,25,4,100,22,2400.0,121.2770004272461,3105.0,19.78940773010254,71.82608695652173
airlines,OzaBagExecutorMAXChunk,25,4,25,4311,166800.0,120.01000213623047,17.0,1389.8841552734375,62.7288262629291
GMSC,StreamingRandomPatchesExecutorMAXChunk,25,4,100,406,48500.0,120.03700256347656,212.0,404.0420837402344,93.40495867768594
GMSC,OzaBagAdwinExecutorMAXChunk,25,4,250,4243,134679.0,41.479000091552734,76.0,3246.920166015625,93.58541375308715
covtypeNorm,StreamingRandomPatchesExecutorMAXChunk,25,4,50,199,21700.0,120.14900207519531,276.0,180.60906982421875,85.04387990762125
covtypeNorm,OzaBagASHTExecutorMAXChunk,25,4,75,2706,274200.0,120.01000213623047,32.0,2284.8095703125,78.9187414500684
elecNormNew,OzaBagASHTExecutorMAXChunk,25,4,75,457,45312.0,99.68399810791016,93.0,454.556396484375,77.45208568207441
airlines,StreamingRandomPatchesExecutorMAXChunk,25,4,2000,141,8000.0,154.3470001220703,36805.0,51.83126449584961,62.64999999999999
covtypeNorm,StreamingRandomPatchesExecutorMAXChunk,25,4,75,111,13178.0,119.89900207519531,612.0,109.90917205810547,81.52331527131192
covtypeNorm,OzaBagASHTExecutorMAXChunk,25,4,75,300,35940.0,119.92400360107422,134.0,299.6897888183594,70.58413495050885
covtypeNorm,LBagExecutorMAXChunk,25,4,2000,588,63925.0,120.03299713134766,3640.0,532.5618896484375,92.12918853451755
covtypeNorm,LBagExecutorMAXChunk,25,4,75,70,8396.0,120.0009994506836,718.0,69.9660873413086,73.3325321475784
covtypeNorm,OzaBagAdwinExecutorMAXChunk,25,4,250,563,66000.0,120.08499908447266,385.0,549.6107177734375,86.26615969581749
elecNormNew,StreamingRandomPatchesExecutorMAXChunk,25,4,250,226,26955.0,119.85299682617188,1020.0,224.9005126953125,90.35761093428198
airlines,OzaBagASHTExecutorMAXChunk,25,4,25,1562,113625.0,120.04100036621094,26.0,946.5515747070312,65.73679577464789
elecNormNew,StreamingRandomPatchesExecutorMAXChunk,25,4,75,350,41930.0,119.98799896240234,209.0,349.4516296386719,89.41584040138574
airlines,OzaBagASHTExecutorMAXChunk,25,4,250,2441,16250.0,123.03600311279297,1891.0,132.07516479492188,54.231249999999996
GMSC,LBagExecutorMAXChunk,25,4,250,203,23960.0,119.8239974975586,770.0,199.95994567871094,93.46689160691692
GMSC,OzaBagASHTExecutorMAXChunk,25,4,250,866,103500.0,120.00299835205078,169.0,862.4784545898438,93.36464891041162
airlines,LBagExecutorMAXChunk,25,4,50,111,8450.0,121.6259994506836,718.0,69.47528076171875,62.42857142857143
GMSC,OzaBagAdwinExecutorMAXChunk,25,4,50,393,46722.0,119.9489974975586,75.0,389.51556396484375,93.65358244772027
airlines,OzaBagAdwinExecutorMAXChunk,25,4,100,613,33700.0,120.30400085449219,356.0,280.1236877441406,85.3125
airlines,StreamingRandomPatchesExecutorMAXChunk,25,4,250,223,6500.0,121.79499816894531,4662.0,53.36836624145508,66.496
covtypeNorm,OzaBagExecutorMAXChunk,25,4,75,316,37737.0,119.927001953125,146.0,314.6664123535156,74.0587329403643
covtypeNorm,StreamingRandomPatchesExecutorMAXChunk,25,4,2000,206,21375.0,119.8489990234375,10860.0,178.34942626953125,86.91612903225806
elecNormNew,StreamingRandomPatchesExecutorMAXChunk,25,4,25,422,45312.0,108.125,58.0,419.0705261230469,89.57758297083048
elecNormNew,LBagExecutorMAXChunk,25,4,2000,1279,35357.0,37.64500045776367,2098.0,939.2216796875,86.31171867973738
airlines,StreamingRandomPatchesExecutorMAXChunk,25,4,25,115,7775.0,120.25800323486328,386.0,64.65266418457031,66.05161290322582
airlines,LBagExecutorMAXChunk,25,4,50,22,2400.0,120.6050033569336,1587.0,19.89967155456543,71.74468085106382
covtypeNorm,OzaBagAdwinExecutorMAXChunk,25,4,25,405,48500.0,120.00700378417969,50.0,404.14306640625,86.09798865394534
elecNormNew,OzaBagExecutorMAXChunk,25,4,500,476,45312.0,95.46199798583984,627.0,474.66009521484375,77.2382397572079
airlines,OzaBagASHTExecutorMAXChunk,25,4,75,435,52113.0,119.9469985961914,130.0,434.4668884277344,57.350397786233145
GMSC,OzaBagASHTExecutorMAXChunk,25,4,500,7534,123220.0,23.18899917602539,93.0,5313.7265625,93.39471968709256
GMSC,LBagExecutorMAXChunk,25,4,500,199,23361.0,119.81999969482422,1626.0,194.9674530029297,93.46922706793228
covtypeNorm,LBagExecutorMAXChunk,25,4,25,293,34725.0,120.02400207519531,69.0,289.317138671875,83.72910662824208
airlines,OzaBagAdwinExecutorMAXChunk,25,4,100,68,7800.0,120.322998046875,1014.0,64.82551574707031,83.84415584415585
