dataset,algorithm,batch_size,JPI_normalized,delay_normalized
airlines,AdaptiveRandomForest,25,0.04882353297090003,0.0005596327200831071
airlines,AdaptiveRandomForest,25,0.0507124266450511,0.0006015213967360344
airlines,AdaptiveRandomForest,25,0.13891126482506344,0.0013990818002077678
airlines,LBag,25,0.034543162649717137,0.0003736469957441105
airlines,LBag,25,0.03686021351235552,0.0004021312958681009
airlines,LBag,25,0.13872306514412067,0.0013303843704969673
airlines,StreamingRandomPatches,25,0.056587679982156545,0.0006568144499178982
airlines,StreamingRandomPatches,25,0.05743020274956738,0.0006584899969840153
airlines,StreamingRandomPatches,25,0.14226537551793034,0.001477832512315271
airlines,OzaBagAdwin,25,0.01044794837316139,0.00012231493582654738
airlines,OzaBagAdwin,25,0.01075587208030019,0.00012566602995878155
airlines,OzaBagAdwin,25,0.038807582388721354,0.00039040246640528135
airlines,OzaBagASHT,25,0.0040416832213652784,5.1941959049629706e-05
airlines,OzaBagASHT,25,0.0038378223642987317,5.0266411983512615e-05
airlines,OzaBagASHT,25,0.010010086426959747,0.00010388391809925941
airlines,OzaBag,25,0.002573691070280037,3.1835394256224655e-05
airlines,OzaBag,25,0.002298992512460849,2.6808753057873395e-05
airlines,OzaBag,25,0.006065774624575312,6.367078851244931e-05me 
GMSC,AdaptiveRandomForest,25,0.0025809386817991545,2.8484300123990483e-05
GMSC,AdaptiveRandomForest,25,0.0039478118895566764,4.0213129586810096e-05
GMSC,AdaptiveRandomForest,25,0.016604466662434928,0.0001575014242150062
GMSC,LBag,25,0.0022068653450750377,2.345765892563922e-05
GMSC,LBag,25,0.0033578087236319763,3.686203545457592e-05
GMSC,LBag,25,0.014076977835807544,0.00013571931235548405
GMSC,StreamingRandomPatches,25,0.004949341432874823,5.529305318186388e-05
GMSC,StreamingRandomPatches,25,0.007063877571927706,7.539961797526893e-05
GMSC,StreamingRandomPatches,25,0.03044726392630722,0.00029657183070272447
GMSC,OzaBagAdwin,25,0.001265948427526196,1.5079923595053785e-05
GMSC,OzaBagAdwin,25,0.0019696006946495316,2.0106564793405048e-05
GMSC,OzaBagAdwin,25,0.008486308757288041,7.87507121075031e-05
GMSC,OzaBagASHT,25,0.0008545188080507835,8.377735330585436e-06
GMSC,OzaBagASHT,25,0.0009457850060535361,1.0053282396702524e-05
GMSC,OzaBagASHT,25,0.0037198540387788598,3.518648838845883e-05
GMSC,OzaBag,25,0.0008565855129549529,8.377735330585436e-06
GMSC,OzaBag,25,0.0009451592503784534,8.377735330585436e-06
GMSC,OzaBag,25,0.0038370352793292914,3.686203545457592e-05
elecNormNew,AdaptiveRandomForest,25,0.004995549834697883,5.1941959049629706e-05
elecNormNew,AdaptiveRandomForest,25,0.00712364660461651,7.372407090915184e-05
elecNormNew,AdaptiveRandomForest,25,0.030478374246333588,0.00029489628363660737
elecNormNew,LBag,25,0.003880755825706886,4.0213129586810096e-05
elecNormNew,LBag,25,0.005300148070144534,5.529305318186388e-05
elecNormNew,LBag,25,0.02089382966945487,7.037297677691766e-05
elecNormNew,StreamingRandomPatches,25,0.009445481602260443,0.00010220837103314231
elecNormNew,StreamingRandomPatches,25,0.01342003924982503,0.00013739485942160115
elecNormNew,StreamingRandomPatches,25,0.056930457577746264,0.000556281625950873
elecNormNew,OzaBagAdwin,25,0.0021844903682565675,2.1782111859522132e-05
elecNormNew,OzaBagAdwin,25,0.00305387261415708,3.015984719010757e-05
elecNormNew,OzaBagAdwin,25,0.012311549215670896,0.0001172882946281961
elecNormNew,OzaBagASHT,25,0.0015174604420753652,1.3404376528936698e-05
elecNormNew,OzaBagASHT,25,0.00180070703421695,1.6755470661170873e-05
elecNormNew,OzaBagASHT,25,0.006346968746708942,5.864414731409805e-05
elecNormNew,OzaBag,25,0.0015134555055605864,1.3404376528936698e-05
elecNormNew,OzaBag,25,0.0018383280381187915,1.6755470661170873e-05
elecNormNew,OzaBag,25,0.006337709955091121,5.864414731409805e-05
covtypeNorm,AdaptiveRandomForest,25,0.004837666353142393,5.529305318186388e-05
covtypeNorm,AdaptiveRandomForest,25,0.00747849530494501,8.042625917362019e-05
covtypeNorm,AdaptiveRandomForest,25,0.03337298422083349,0.0003284072249589491
covtypeNorm,LBag,25,0.006999452750761159,7.707516504138601e-05
covtypeNorm,LBag,25,0.01083521637425684,0.00012231493582654738
covtypeNorm,LBag,25,0.049337424761542424,0.0004741798197111357
covtypeNorm,StreamingRandomPatches,25,0.01671033889028441,0.00018095908314064542
covtypeNorm,StreamingRandomPatches,25,0.026639814089089196,0.00021279447739687006
covtypeNorm,StreamingRandomPatches,25,0.09988387278514939,0.0009433329982239201
covtypeNorm,OzaBagAdwin,25,0.004868067639261976,5.864414731409805e-05
covtypeNorm,OzaBagAdwin,25,0.00784591847512794,8.377735330585436e-05
covtypeNorm,OzaBagAdwin,25,0.03608526025224487,0.00031165175429777824
covtypeNorm,OzaBagASHT,25,0.001396809388955754,1.5079923595053785e-05
covtypeNorm,OzaBagASHT,25,0.0022301400855290246,2.1782111859522132e-05
covtypeNorm,OzaBagASHT,25,0.009669745078560554,9.21550886364398e-05
covtypeNorm,OzaBag,25,0.0013624591989696046,1.5079923595053785e-05
covtypeNorm,OzaBag,25,0.002252183364375811,2.345765892563922e-05
covtypeNorm,OzaBag,25,0.009741048150198328,9.383063570255688e-05
airlines,AdaptiveRandomForest,50,0.046961491451968776,0.0010840789517777554
airlines,AdaptiveRandomForest,50,0.050288024887677356,0.0011628296638852586
airlines,AdaptiveRandomForest,50,0.13785378330121148,0.002809892429878355
airlines,LBag,50,0.0483276333927857,0.0010354880868603598
airlines,LBag,50,0.05005538728899252,0.0010824034047116383
airlines,LBag,50,0.13736666184048926,0.002612177876076539
airlines,StreamingRandomPatches,50,0.0573721408889519,0.0012951978821085085
airlines,StreamingRandomPatches,50,0.05902016855764039,0.0013588686706209577
airlines,StreamingRandomPatches,50,0.14180089457047285,0.0030009047954157033
airlines,OzaBagAdwin,50,0.011065280105889646,0.00025803424818203143
airlines,OzaBagAdwin,50,0.011814700401285506,0.0002747897188432023
airlines,OzaBagAdwin,50,0.04178860415719235,0.0008528534566535974
airlines,OzaBagASHT,50,0.0062877135600598304,0.00016085251834724039
airlines,OzaBagASHT,50,0.0029780861708915123,7.539961797526893e-05
airlines,OzaBagASHT,50,0.007709006538622173,0.00013069267115713281
airlines,OzaBag,50,0.002213230770053973,5.1941959049629706e-05
airlines,OzaBag,50,0.002445604639130382,6.199524144633223e-05
airlines,OzaBag,50,0.00594849443947989,7.707516504138601e-05
GMSC,AdaptiveRandomForest,50,0.0025135174174822287,5.529305318186388e-05
GMSC,AdaptiveRandomForest,50,0.003829655481286501,8.042625917362019e-05
GMSC,AdaptiveRandomForest,50,0.01542530055890693,0.00030662511309942694
GMSC,LBag,50,0.002276484873661856,5.361750611574679e-05
GMSC,LBag,50,0.003066730471857941,6.702188264468349e-05
GMSC,LBag,50,0.012977814214885449,0.00022954994805804096
GMSC,StreamingRandomPatches,50,0.004774693690805416,0.00011058610636372776
GMSC,StreamingRandomPatches,50,0.006661719280127203,0.00015247478301665495
GMSC,StreamingRandomPatches,50,0.02740074085291279,0.0005479038906202876
GMSC,OzaBagAdwin,50,0.0021544544318297474,5.6968600247980966e-05
GMSC,OzaBagAdwin,50,0.0015097288610174738,3.518648838845883e-05
GMSC,OzaBagAdwin,50,0.006418060740841756,0.00010891055929761067
GMSC,OzaBagASHT,50,0.0009188151199158517,2.1782111859522132e-05
GMSC,OzaBagASHT,50,0.0009056259507860339,2.0106564793405048e-05
GMSC,OzaBagASHT,50,0.003467132322079684,6.367078851244931e-05
GMSC,OzaBag,50,0.0008395275259702842,1.843101772728796e-05
GMSC,OzaBag,50,0.0009228269020223406,1.843101772728796e-05
GMSC,OzaBag,50,0.003653291446506304,7.204852384303474e-05
elecNormNew,AdaptiveRandomForest,50,0.004908619022000622,0.00010723501223149358
elecNormNew,AdaptiveRandomForest,50,0.007035377726238034,0.00015415033008277202
elecNormNew,AdaptiveRandomForest,50,0.030634944253587478,0.0005931436614054489
elecNormNew,LBag,50,0.003879254258067222,8.210180623973728e-05
elecNormNew,LBag,50,0.005041163757061235,0.00010388391809925941
elecNormNew,LBag,50,0.020708365058375845,0.0003954291076036326
elecNormNew,StreamingRandomPatches,50,0.009582098070414978,0.00020609228913240173
elecNormNew,StreamingRandomPatches,50,0.013424929959260215,0.00028484300123990484
elecNormNew,StreamingRandomPatches,50,0.05729690398544239,0.0011661807580174927
elecNormNew,OzaBagAdwin,50,0.002322890871370564,4.859086491739553e-05
elecNormNew,OzaBagAdwin,50,0.0029394662038678024,6.031969438021514e-05
elecNormNew,OzaBagAdwin,50,0.010344067509584338,5.361750611574679e-05
elecNormNew,OzaBagASHT,50,0.001750183511432044,3.518648838845883e-05
elecNormNew,OzaBagASHT,50,0.0018608589609953807,3.518648838845883e-05
elecNormNew,OzaBagASHT,50,0.006120297975863229,0.00011226165342984485
elecNormNew,OzaBag,50,0.001268043293740711,2.1782111859522132e-05
elecNormNew,OzaBag,50,0.0018896664419432616,3.1835394256224655e-05
elecNormNew,OzaBag,50,0.006122427624845159,0.00011393720049596193
covtypeNorm,AdaptiveRandomForest,50,0.004683931655017867,0.00010891055929761067
covtypeNorm,AdaptiveRandomForest,50,0.006420107427947535,0.00014074595355383532
covtypeNorm,AdaptiveRandomForest,50,0.029555454420429172,0.0005127174022318287
covtypeNorm,LBag,50,0.0060183414336105355,0.00013571931235548405
covtypeNorm,LBag,50,0.009680692521733309,0.00021447002446298716
covtypeNorm,LBag,50,0.04207096768628101,0.0008511779095874803
covtypeNorm,StreamingRandomPatches,50,0.017002541486580182,0.0003786736369424617
covtypeNorm,StreamingRandomPatches,50,0.025875027420987167,0.0006065480379343856
covtypeNorm,StreamingRandomPatches,50,0.10397269448527488,0.0019922254616132166
covtypeNorm,OzaBagAdwin,50,0.003912278477566179,9.047954157032271e-05
covtypeNorm,OzaBagAdwin,50,0.006417958689497586,0.00013236821822324989
covtypeNorm,OzaBagAdwin,50,0.02845671240819407,0.0005881170202070976
covtypeNorm,OzaBagASHT,50,0.001353221184149432,3.1835394256224655e-05
covtypeNorm,OzaBagASHT,50,0.0021990406992069725,4.859086491739553e-05
covtypeNorm,OzaBagASHT,50,0.00971937601683439,0.00018263463020676252
covtypeNorm,OzaBag,50,0.0013586552148288865,3.1835394256224655e-05
covtypeNorm,OzaBag,50,0.002183020232217844,4.691531785127844e-05
covtypeNorm,OzaBag,50,0.009765548186043745,0.0001859857243389967
airlines,AdaptiveRandomForest,100,0.048905587523905586,0.002210046580208438
airlines,AdaptiveRandomForest,100,0.04809351816919755,0.0022636640863241846
airlines,AdaptiveRandomForest,100,0.13129983979151974,0.005557789618310378
airlines,LBag,100,0.05366201042139234,0.002483160751985523
airlines,LBag,100,0.05541569908286977,0.0025099695050433968
airlines,LBag,100,0.13312481878186017,0.0051623605107067455
airlines,StreamingRandomPatches,100,0.058690078255499996,0.0026624442880600514
airlines,StreamingRandomPatches,100,0.05898517289936397,0.0028115679769444724
airlines,StreamingRandomPatches,100,0.13660679475851076,0.005996782949633055
airlines,OzaBagAdwin,100,0.011520880831230087,0.0005244462316946483
airlines,OzaBagAdwin,100,0.011680884180975959,0.0005445527964880534
airlines,OzaBagAdwin,100,0.04170214301819638,0.0017073824603733119
airlines,OzaBagASHT,100,0.006884850770286061,0.00036359371334740794
airlines,OzaBagASHT,100,0.009132430525611223,0.00046580208438055026
airlines,OzaBagASHT,100,0.006448390765594744,0.0002630608893803827
airlines,OzaBag,100,0.0021683416387023218,0.0001055594651653765
airlines,OzaBag,100,0.0023044399198623037,0.00011393720049596193
airlines,OzaBag,100,0.0057728009660832375,0.00024295432458697764
GMSC,AdaptiveRandomForest,100,0.0025865682631380574,0.00011393720049596193
GMSC,AdaptiveRandomForest,100,0.0037808722925319347,0.00015247478301665495
GMSC,AdaptiveRandomForest,100,0.015168459096274192,0.0005797392848765122
GMSC,LBag,100,0.002043107307266347,9.550618276867398e-05
GMSC,LBag,100,0.002903806252924328,0.00012566602995878155
GMSC,LBag,100,0.012436495801247241,0.0004909352903723066
GMSC,StreamingRandomPatches,100,0.004692822861136796,0.00021782111859522133
GMSC,StreamingRandomPatches,100,0.006694255788503176,0.0002898696424382561
GMSC,StreamingRandomPatches,100,0.027998946792191896,0.0011293187225629169
GMSC,OzaBagAdwin,100,0.0011401277407735442,4.859086491739553e-05
GMSC,OzaBagAdwin,100,0.0016117192037055866,6.367078851244931e-05
GMSC,OzaBagAdwin,100,0.006180583446978865,0.0002228477597935726
GMSC,OzaBagASHT,100,0.0007116313486750682,3.015984719010757e-05
GMSC,OzaBagASHT,100,0.0009015994440738404,3.686203545457592e-05
GMSC,OzaBagASHT,100,0.0036081656517496447,0.00012566602995878155
GMSC,OzaBag,100,0.0007646130814147707,3.1835394256224655e-05
GMSC,OzaBag,100,0.0009573953808002948,3.8537582520693005e-05
GMSC,OzaBag,100,0.0035967264414985063,8.377735330585436e-05
elecNormNew,AdaptiveRandomForest,100,0.005519314125275845,0.0002530076069836802
elecNormNew,AdaptiveRandomForest,100,0.00716496766959159,0.0003183539425622466
elecNormNew,AdaptiveRandomForest,100,0.029924843991209045,0.001187962869877015
elecNormNew,LBag,100,0.0038041389749282253,0.00014912368888442076
elecNormNew,LBag,100,0.004760755002760766,0.00020441674206628463
elecNormNew,LBag,100,0.018813670274229945,0.0007389162561576355
elecNormNew,StreamingRandomPatches,100,0.009059114578282488,0.00038872691933916425
elecNormNew,StreamingRandomPatches,100,0.01261589737877327,0.0005780637378103951
elecNormNew,StreamingRandomPatches,100,0.05373481696782573,0.00193860795549747
elecNormNew,OzaBagAdwin,100,0.0019066683107614017,7.204852384303474e-05
elecNormNew,OzaBagAdwin,100,0.0024741636813581103,0.00010388391809925941
elecNormNew,OzaBagAdwin,100,0.009515372248049039,0.0003669448074796421
elecNormNew,OzaBagASHT,100,0.001358919404832685,4.5239770785161356e-05
elecNormNew,OzaBagASHT,100,0.0017770042706133147,6.869742971080058e-05
elecNormNew,OzaBagASHT,100,0.006027138702899216,0.00021614557152910426
elecNormNew,OzaBag,100,0.0013337348582825909,4.5239770785161356e-05
elecNormNew,OzaBag,100,0.0017577439096856716,6.031969438021514e-05
elecNormNew,OzaBag,100,0.00582452905114977,0.000211118930330753
covtypeNorm,AdaptiveRandomForest,100,0.004137149103925266,0.0001960390067356992
covtypeNorm,AdaptiveRandomForest,100,0.006348837118000457,0.0002915451895043732
covtypeNorm,AdaptiveRandomForest,100,0.02682096361432707,0.0011443986461579705
covtypeNorm,LBag,100,0.005702555632823392,0.00026138534231426563
covtypeNorm,LBag,100,0.009093186822526363,0.00041553567239703765
covtypeNorm,LBag,100,0.039106406262252535,0.0015951208069434671
covtypeNorm,StreamingRandomPatches,100,0.01793297009519551,0.0008193425153312557
covtypeNorm,StreamingRandomPatches,100,0.025853799089258018,0.0012265004523977078
covtypeNorm,StreamingRandomPatches,100,0.1034657276494039,0.004145303441573674
covtypeNorm,OzaBagAdwin,100,0.0033796436286423186,0.00016587915954559162
covtypeNorm,OzaBagAdwin,100,0.005498502201068677,0.00024462987165309476
covtypeNorm,OzaBagAdwin,100,0.025387803457948145,0.001053919104587648
covtypeNorm,OzaBagASHT,100,0.0012808369860439937,6.367078851244931e-05
covtypeNorm,OzaBagASHT,100,0.0018947285158195124,8.377735330585436e-05
covtypeNorm,OzaBagASHT,100,0.008359315915955238,0.00033678496028953454
covtypeNorm,OzaBag,100,0.0012779157670624822,6.534633557856641e-05
covtypeNorm,OzaBag,100,0.0020321263727986543,8.712844743808853e-05
covtypeNorm,OzaBag,100,0.008973011316260769,0.0003518648838845883
airlines,AdaptiveRandomForest,250,0.033115450092367646,0.0041871921182266006
airlines,AdaptiveRandomForest,250,0.03780391717440869,0.004802117891491572
airlines,AdaptiveRandomForest,250,0.08555373216354223,0.011765691498274186
airlines,LBag,250,0.053785082622480725,0.006474313863476425
airlines,LBag,250,0.053006788833739375,0.006502798163600416
airlines,LBag,250,0.10746745553813403,0.012786099661539492
airlines,StreamingRandomPatches,250,0.06659534356218173,0.007089239636741396
airlines,StreamingRandomPatches,250,0.05383394210711505,0.0064039408866995075
airlines,StreamingRandomPatches,250,0.09321203502554998,0.012466070171911129
airlines,OzaBagAdwin,250,0.010011061136826782,0.0012181227170671223
airlines,OzaBagAdwin,250,0.01205743405849085,0.0013102778057035621
airlines,OzaBagAdwin,250,0.0349098103977378,0.003939211152441272
airlines,OzaBagASHT,250,0.004875705801680073,0.0007137830501658791
airlines,OzaBagASHT,250,0.0021327813988539688,0.00028149190710767064
airlines,OzaBagASHT,250,0.004966404810206011,0.000653463355785664
airlines,OzaBag,250,0.0014122486419470132,0.00018095908314064542
airlines,OzaBag,250,0.0051315244543191085,0.0006735699205790691
airlines,OzaBag,250,0.004343587291816633,0.0005596327200831071
GMSC,AdaptiveRandomForest,250,0.002097991684483442,0.00026473643644649977
GMSC,AdaptiveRandomForest,250,0.0030417196091184185,0.0003987802017358668
GMSC,AdaptiveRandomForest,250,0.012055988084941268,0.0015398277537616032
GMSC,LBag,250,0.03974039038030256,0.005202573640293555
GMSC,LBag,250,0.002259154750730176,0.0002898696424382561
GMSC,LBag,250,0.009387244931284289,0.0011779095874803122
GMSC,StreamingRandomPatches,250,0.00376471324111604,0.00047920646090948693
GMSC,StreamingRandomPatches,250,0.005522603528395166,0.000747293991488221
GMSC,StreamingRandomPatches,250,0.02172253737494228,0.002754599376696491
GMSC,OzaBagAdwin,250,0.0008330795107675065,0.0001055594651653765
GMSC,OzaBagAdwin,250,0.0011828846656832637,0.0001440970476860695
GMSC,OzaBagAdwin,250,0.004860455295269604,0.0005914681143393318
GMSC,OzaBagASHT,250,0.0005130822950200314,5.864414731409805e-05
GMSC,OzaBagASHT,250,0.0006571872135189275,8.210180623973728e-05
GMSC,OzaBagASHT,250,0.002287746939537855,0.00028484300123990484
GMSC,OzaBag,250,0.0005320151069074234,6.031969438021514e-05
GMSC,OzaBag,250,0.0007094420420984209,9.21550886364398e-05
GMSC,OzaBag,250,0.002320178474308679,0.0002915451895043732
elecNormNew,AdaptiveRandomForest,250,0.00430033257014452,0.0005160684963640629
elecNormNew,AdaptiveRandomForest,250,0.005917141920037341,0.0007757782916122113
elecNormNew,AdaptiveRandomForest,250,0.023782753752222503,0.002920478536242083
elecNormNew,LBag,250,0.0028582019786591545,0.00033175831909118325
elecNormNew,LBag,250,0.0037610562802369643,0.00048255755504172113
elecNormNew,LBag,250,0.015302437791372473,0.001863208337522201
elecNormNew,StreamingRandomPatches,250,0.00755337021112152,0.0009198753392982809
elecNormNew,StreamingRandomPatches,250,0.010505027102147057,0.0014543748533896318
elecNormNew,StreamingRandomPatches,250,0.04250190434453089,0.00499313025702892
elecNormNew,OzaBagAdwin,250,0.001503073253601849,0.00017593244194229416
elecNormNew,OzaBagAdwin,250,0.0020278169135400812,0.00023122549512415803
elecNormNew,OzaBagAdwin,250,0.007308039874196311,0.0008930665862404075
elecNormNew,OzaBagASHT,250,0.0010886182176270745,0.00012231493582654738
elecNormNew,OzaBagASHT,250,0.0014169281813138177,0.00015415033008277202
elecNormNew,OzaBagASHT,250,0.004208088475969682,0.0005143929492979458
elecNormNew,OzaBag,250,0.0011011749622234315,0.0001189638416943132
elecNormNew,OzaBag,250,0.001478093799197062,0.0001575014242150062
elecNormNew,OzaBag,250,0.005062647165226065,0.0005194195904962971
covtypeNorm,AdaptiveRandomForest,250,0.004473668876666033,0.0005227706846285313
covtypeNorm,AdaptiveRandomForest,250,0.00690352932144033,0.0007808049328105627
covtypeNorm,AdaptiveRandomForest,250,0.0293406036447356,0.0029305318186387858
covtypeNorm,LBag,250,0.005711986015548063,0.0006869742971080058
covtypeNorm,LBag,250,0.008490240626336019,0.0009734928454140277
covtypeNorm,LBag,250,0.038393285703568474,0.003595724003887269
covtypeNorm,StreamingRandomPatches,250,0.01665652173943972,0.0018916926376461914
covtypeNorm,StreamingRandomPatches,250,0.024200158629538705,0.002845078918266814
covtypeNorm,StreamingRandomPatches,250,0.10566882143816912,0.010564324251868235
covtypeNorm,OzaBagAdwin,250,0.0025814974286987513,0.00036526926041352504
covtypeNorm,OzaBagAdwin,250,0.005284417379204858,0.0006166013203310881
covtypeNorm,OzaBagAdwin,250,0.024160600511876223,0.002478134110787172
covtypeNorm,OzaBagASHT,250,0.0010284454573467221,0.00013739485942160115
covtypeNorm,OzaBagASHT,250,0.0017868977437052141,0.00021279447739687006
covtypeNorm,OzaBagASHT,250,0.006604440326332055,0.0008511779095874803
covtypeNorm,OzaBag,250,0.0009368607077315154,0.00012734157702489862
covtypeNorm,OzaBag,250,0.0014657365698042299,0.00019268791260346503
covtypeNorm,OzaBag,250,0.006318772497987849,0.0008092892329345531
airlines,AdaptiveRandomForest,500,0.03402964114720828,0.008369357595254851
airlines,AdaptiveRandomForest,500,0.033937437805736284,0.00832411782446969
airlines,AdaptiveRandomForest,500,0.08889988637992029,0.024013940551590094
airlines,LBag,500,0.05417634460587817,0.013937200495961932
airlines,LBag,500,0.05449957714513265,0.013457994035052444
airlines,LBag,500,0.12123286109074997,0.025054455279648804
airlines,StreamingRandomPatches,500,0.04741079883326911,0.01209744981736537
airlines,StreamingRandomPatches,500,0.04191394118591414,0.010689990281827016
airlines,StreamingRandomPatches,500,0.09423236227210137,0.025687812070641063
airlines,OzaBagAdwin,500,0.012002066625048347,0.00300258034248182
airlines,OzaBagAdwin,500,0.008627172753612486,0.0021916155624811503
airlines,OzaBagAdwin,500,0.028376128993696553,0.0074427800676921015
airlines,OzaBagASHT,500,0.0021187543359692997,0.0005546060788847558
airlines,OzaBagASHT,500,0.0019306870613682457,0.0005093663080995945
airlines,OzaBagASHT,500,0.004683588322623679,0.0013303843704969673
airlines,OzaBag,500,0.0013756613188276134,0.00036024261921517375
airlines,OzaBag,500,0.0017087114217668963,0.00045239770785161353
airlines,OzaBag,500,0.003877068007770549,0.0010706745752488188
GMSC,AdaptiveRandomForest,500,0.0019709989777697318,0.0005127174022318287
GMSC,AdaptiveRandomForest,500,0.002748300998552933,0.0007925337622733822
GMSC,AdaptiveRandomForest,500,0.010736017592380092,0.002900371971448678
GMSC,LBag,500,0.0015642200717966206,0.00041050903119868636
GMSC,LBag,500,0.0021962894553888947,0.0006383834321906102
GMSC,LBag,500,0.008702898342316535,0.0023156060453738145
GMSC,StreamingRandomPatches,500,0.003629116641122822,0.0009215508863643979
GMSC,StreamingRandomPatches,500,0.005208828044639837,0.0014526993063235147
GMSC,StreamingRandomPatches,500,0.018955589053649156,0.005018263463020676
GMSC,OzaBagAdwin,500,0.0008107192789294329,0.00020609228913240173
GMSC,OzaBagAdwin,500,0.001054861940427878,0.0002764652659093194
GMSC,OzaBagAdwin,500,0.004132553322666663,0.001114238798967863
GMSC,OzaBagASHT,500,0.0004930492455817671,0.00011561274756207902
GMSC,OzaBagASHT,500,0.0006466155193530522,0.00016085251834724039
GMSC,OzaBagASHT,500,0.0021966154502586705,0.0005747126436781609
GMSC,OzaBag,500,0.0005235561132846473,0.00012399048289266445
GMSC,OzaBag,500,0.0006615953658250063,0.00016252806541335746
GMSC,OzaBag,500,0.002211657707105633,0.0005797392848765122
elecNormNew,AdaptiveRandomForest,500,0.003992131537674566,0.0010287858985958916
elecNormNew,AdaptiveRandomForest,500,0.005537857659462505,0.0015465299420260716
elecNormNew,AdaptiveRandomForest,500,0.02243496589361829,0.005698535571864213
elecNormNew,LBag,500,0.0027863765533206086,0.0006802721088435374
elecNormNew,LBag,500,0.0037264194682217165,0.00099527495727355
elecNormNew,LBag,500,0.013837924954737135,0.003501893368184712
elecNormNew,StreamingRandomPatches,500,0.007275502098391164,0.0018548306021916156
elecNormNew,StreamingRandomPatches,500,0.010360494209809907,0.0029355584598371367
elecNormNew,StreamingRandomPatches,500,0.045963308192244555,0.011371937937736672
elecNormNew,OzaBagAdwin,500,0.0016977624323585895,0.00038705137227304715
elecNormNew,OzaBagAdwin,500,0.002050169352237425,0.0005143929492979458
elecNormNew,OzaBagAdwin,500,0.0070935309864086004,0.0018095908314064541
elecNormNew,OzaBagASHT,500,0.0012466434754489135,0.0002764652659093194
elecNormNew,OzaBagASHT,500,0.001265409085730053,0.0002781408129754365
elecNormNew,OzaBagASHT,500,0.004090064601050085,0.0010455413692570625
elecNormNew,OzaBag,500,0.0011547153426804543,0.0002530076069836802
elecNormNew,OzaBag,500,0.0014249945043470008,0.0003150028484300124
elecNormNew,OzaBag,500,0.004280121077373837,0.0010840789517777554
covtypeNorm,AdaptiveRandomForest,500,0.003667195598273109,0.000960088468885091
covtypeNorm,AdaptiveRandomForest,500,0.005358549442765095,0.0014476726651251634
covtypeNorm,AdaptiveRandomForest,500,0.02260433827943297,0.005552762977112027
covtypeNorm,LBag,500,0.004330697684367659,0.0011494252873563218
covtypeNorm,LBag,500,0.00653657525989513,0.0018431017727287959
covtypeNorm,LBag,500,0.029454281403920445,0.007161288160584431
covtypeNorm,StreamingRandomPatches,500,0.01360737923066315,0.003458329144465668
covtypeNorm,StreamingRandomPatches,500,0.020777091110260448,0.005604704936161657
covtypeNorm,StreamingRandomPatches,500,0.08204513655492636,0.021430246975637546
covtypeNorm,OzaBagAdwin,500,0.0027109314892472657,0.0007523206326865722
covtypeNorm,OzaBagAdwin,500,0.004342334486046758,0.0012181227170671223
covtypeNorm,OzaBagAdwin,500,0.018611497451039363,0.004890921885995778
covtypeNorm,OzaBagASHT,500,0.0009174995937525415,0.0002479809657853289
covtypeNorm,OzaBagASHT,500,0.0014375089876463814,0.00038537582520693005
covtypeNorm,OzaBagASHT,500,0.00598877007558477,0.0015800408833484133
covtypeNorm,OzaBag,500,0.0009021943211255476,0.00023960323045474347
covtypeNorm,OzaBag,500,0.0013427299933565415,0.00036191816628129085
covtypeNorm,OzaBag,500,0.005542196638969961,0.0014309171944639925
airlines,AdaptiveRandomForest,2000,0.04142833184607153,0.04314701249958111
airlines,AdaptiveRandomForest,2000,0.032311396243751955,0.03256760832411783
airlines,AdaptiveRandomForest,2000,0.12345213190357582,0.07954994805804096
airlines,LBag,2000,0.8074377272495026,0.8574310512382293
airlines,LBag,2000,1.0,1.0
airlines,LBag,2000,0.0731785862558168,0.07668811366911296
airlines,StreamingRandomPatches,2000,0.04590339016260365,0.047495057136154956
airlines,StreamingRandomPatches,2000,0.044618154602279865,0.04601387352970745
airlines,StreamingRandomPatches,2000,0.12234319486612348,0.08078817733990148
airlines,OzaBagAdwin,2000,0.015535376252952269,0.015781977815756843
airlines,OzaBagAdwin,2000,0.014523222326958072,0.014632552528400523
airlines,OzaBagAdwin,2000,0.02564046157671811,0.024271974799772125
airlines,OzaBagASHT,2000,0.001882523372918734,0.0019637411614892263
airlines,OzaBagASHT,2000,0.0018190785783484243,0.0018682349787205522
airlines,OzaBagASHT,2000,0.004690178996983016,0.004951241580375992
airlines,OzaBag,2000,0.0013134956637361292,0.0013789752354143629
airlines,OzaBag,2000,0.0012964997883914702,0.0013672464059515431
airlines,OzaBag,2000,0.0037168783205750134,0.004063201635333936
GMSC,AdaptiveRandomForest,2000,0.0019223192860088152,0.0020592473442579
GMSC,AdaptiveRandomForest,2000,0.0028866208954446875,0.0032723434201266713
GMSC,AdaptiveRandomForest,2000,0.011379853789293745,0.011398746690794544
GMSC,LBag,2000,0.001728230549824921,0.0017174357427700143
GMSC,LBag,2000,0.002292416436514946,0.0026021245936798366
GMSC,LBag,2000,0.008886973060791966,0.009424952246908615
GMSC,StreamingRandomPatches,2000,0.0037733398003437168,0.003845380516738715
GMSC,StreamingRandomPatches,2000,0.0052688446815728224,0.006055427096947153
GMSC,StreamingRandomPatches,2000,0.022909476473477224,0.021808920612580007
GMSC,OzaBagAdwin,2000,0.0008990762887469024,0.0009064709627693442
GMSC,OzaBagAdwin,2000,0.0011427932926102687,0.0012901712409101572
GMSC,OzaBagAdwin,2000,0.004449951369689762,0.004512248249053316
GMSC,OzaBagASHT,2000,0.0005338953677975722,0.0004926108374384236
GMSC,OzaBagASHT,2000,0.0005985236362441676,0.0006249790556616735
GMSC,OzaBagASHT,2000,0.002121881938020955,0.002225126503803492
GMSC,OzaBag,2000,0.000460004354368223,0.0004490466137193794
GMSC,OzaBag,2000,0.0006685453045757653,0.0006802721088435374
GMSC,OzaBag,2000,0.0022639604231520496,0.002340739251365571
elecNormNew,AdaptiveRandomForest,2000,0.004463167430289214,0.004646292014342683
elecNormNew,AdaptiveRandomForest,2000,0.005967054501799884,0.006556415669716162
elecNormNew,AdaptiveRandomForest,2000,0.02396396571788149,0.025280654133574613
elecNormNew,LBag,2000,0.003000971298920759,0.002960691665828893
elecNormNew,LBag,2000,0.003872337166791217,0.0041084414061190976
elecNormNew,LBag,2000,0.014226188435502532,0.014309171944639924
elecNormNew,StreamingRandomPatches,2000,0.007456968947023388,0.0076153614155021615
elecNormNew,StreamingRandomPatches,2000,0.010277985186420584,0.01159143460339801
elecNormNew,StreamingRandomPatches,2000,0.0390926875909484,0.04242317616701853
elecNormNew,OzaBagAdwin,2000,0.0016962586622883973,0.001575014242150062
elecNormNew,OzaBagAdwin,2000,0.0022723000119126684,0.002261988539258068
elecNormNew,OzaBagAdwin,2000,0.007847761971010253,0.007640494621493917
elecNormNew,OzaBagASHT,2000,0.0011999162326230208,0.0010304614456620087
elecNormNew,OzaBagASHT,2000,0.0015459673112096523,0.001327033276364733
elecNormNew,OzaBagASHT,2000,0.004463419335339222,0.00446365738413592
elecNormNew,OzaBag,2000,0.001290058224818336,0.00111591434603398
elecNormNew,OzaBag,2000,0.0013512361597122792,0.0013437887470259039
elecNormNew,OzaBag,2000,0.0045822330281726446,0.00453905700211119
covtypeNorm,AdaptiveRandomForest,2000,0.0035745093661695027,0.003821922857813076
covtypeNorm,AdaptiveRandomForest,2000,0.005151866365974545,0.005839281525418049
covtypeNorm,AdaptiveRandomForest,2000,0.020028295650217055,0.020550584765926076
covtypeNorm,LBag,2000,0.004848898196001234,0.005376830535169733
covtypeNorm,LBag,2000,0.007754473317277246,0.008453134948560705
covtypeNorm,LBag,2000,0.02959772603027099,0.03044301464428136
covtypeNorm,StreamingRandomPatches,2000,0.013606994195989647,0.014790053952615529
covtypeNorm,StreamingRandomPatches,2000,0.019841837633970755,0.020208773164438188
covtypeNorm,StreamingRandomPatches,2000,0.11299462357501248,0.07206695486076203
covtypeNorm,OzaBagAdwin,2000,0.0027237812530825525,0.0030997620723166113
covtypeNorm,OzaBagAdwin,2000,0.004315103344012413,0.005038370027814081
covtypeNorm,OzaBagAdwin,2000,0.019935417037791867,0.019813344056834558
covtypeNorm,OzaBagASHT,2000,0.0009839559513311784,0.001077376763513287
covtypeNorm,OzaBagASHT,2000,0.0014503778635383895,0.0016185784658691062
covtypeNorm,OzaBagASHT,2000,0.006095637506711762,0.006127475620790188
covtypeNorm,OzaBag,2000,0.000942542686177732,0.0010204081632653062
covtypeNorm,OzaBag,2000,0.00134412866247693,0.001558258771488891
covtypeNorm,OzaBag,2000,0.005520737602053007,0.005727019871988204
