,algorithm,dataset,cores,batch_size,inc_rate,out_rate,instances,time,delay,acc,methodology_x,ensemble_size,duration,avg_measure,sum_measure,prod_rate,tt_inst_prod,methodology_y,avg_times_duration,joules,JPI,PERC,tput
82,StreamingRandomPatchesExecutorMAXChunk,elecNormNew,4,500,358,350.2685546875,42000.0,119.90799713134766,1317.0,89.7277108433735,3,25,124,4.9044444444444455,1103.5000000000002,354.1338795766614,42529.0,"3
",608.1511111111113,588.0821103752985,0.014479788359788364,90,350.2685475931438
203,StreamingRandomPatchesExecutorMAXChunk,elecNormNew,4,500,231,228.3275604248047,27500.0,120.44100189208984,1843.0,79.63333333333334,2,25,125,4.182743362831858,945.3,229.522944797541,27554.0,"2
",522.8429203539823,503.77380127695807,0.019012469831053903,50,228.32755928615458
188,StreamingRandomPatchesExecutorMAXChunk,elecNormNew,4,500,198,191.92095947265625,23000.0,119.84100341796876,2075.0,90.42666666666666,3,25,124,4.037333333333333,908.3999999999999,194.6247219468304,23361.0,"3
",500.62933333333325,483.83807779947915,0.021766492753623183,10,191.92095646748746
91,StreamingRandomPatchesExecutorMAXChunk,elecNormNew,4,500,128,124.97078704833984,14975.0,119.8280029296875,2907.0,81.40241796200345,2,25,125,3.825550660792951,868.3999999999999,124.777109337244,14975.0,"2
",478.1938325991189,458.40809578916566,0.03193281019025836,90,124.9707884123464
175,StreamingRandomPatchesExecutorMAXChunk,elecNormNew,4,500,39,33.338890075683594,4000.0,119.9800033569336,8385.0,92.57142857142856,3,25,124,3.207555555555555,721.6999999999999,34.95077765480282,4200.0,"3
",397.7368888888888,384.8425263231065,0.0994342222222222,50,33.33888888217673
66,StreamingRandomPatchesExecutorMAXChunk,elecNormNew,4,500,25,24.818002700805664,3000.0,120.87999725341795,11941.0,78.72,2,25,125,3.116740088105727,707.5,24.967749989596772,3000.0,"2
",389.59251101321587,376.7515332898379,0.12986417033773862,10,24.81800188753043
124,StreamingRandomPatches,elecNormNew,1,1,153,137.59681701660156,16539.0,120.1989974975586,6166.0,91.3779551363444,1,25,125,3.692951541850221,838.3000000000002,149.72754086886968,17970.0,"1
",461.6189427312776,443.8890731374599,0.027910934320773784,90,137.59682147378916
83,StreamingRandomPatches,elecNormNew,1,1,85,84.93406677246094,10183.0,119.89299774169922,1430.0,91.5545517038201,1,25,125,3.437004405286344,780.2,84.85621192803514,10183.0,"1
",429.625550660793,412.0727614012059,0.04219046947469243,50,84.93406780885182
58,StreamingRandomPatches,elecNormNew,1,1,17,15.00100040435791,1800.0,119.99199676513672,120.0,92.2777777777778,1,25,124,3.0257777777777775,680.8,14.982021574111066,1800.0,"1
",375.1964444444444,363.06911732313364,0.20844246913580244,10,15.001000471082952
59,OzaBagExecutorMAXChunk,elecNormNew,4,500,4365,3574.879150390625,37000.0,10.350000381469728,137.0,78.30410958904109,3,25,16,4.6,138.0,4343.141953417042,45312.0,"3
",73.6,47.610001754760745,0.001989189189189189,90,3574.879095293898
36,OzaBagExecutorMAXChunk,elecNormNew,4,500,2425,2193.686279296875,41000.0,18.690000534057617,185.0,76.82716049382717,3,25,25,4.3319148936170215,203.60000000000002,2400.8901605468127,45312.0,"3
",108.29787234042554,80.96349167519428,0.002641411520498184,50,2193.686400665868
31,OzaBagExecutorMAXChunk,elecNormNew,4,500,1205,1199.9364013671875,45312.0,37.762001037597656,328.0,77.30295456574132,2,25,43,3.84,307.2,1193.99209486166,45312.0,"2
",165.12,145.00608398437498,0.0036440677966101697,10,1199.9364110732693
157,OzaBagExecutorMAXChunk,elecNormNew,4,500,669,664.2235107421875,45312.0,68.21800231933594,510.0,77.1645987681871,2,25,73,3.3496240601503757,445.5,662.4174024910824,45312.0,"2
",244.52255639097743,228.5046619042418,0.00539641941187715,90,664.2234961365413
79,OzaBagExecutorMAXChunk,elecNormNew,4,500,485,480.4201965332031,45000.0,93.66799926757812,607.0,77.1370786516854,3,25,99,3.1672222222222217,570.0999999999999,482.782134333447,45312.0,"3
",313.55499999999995,296.66736879136823,0.006967888888888888,50,480.4202112980983
147,OzaBagExecutorMAXChunk,elecNormNew,4,500,133,129.9718017578125,15574.0,119.82599639892578,2121.0,80.68196895316439,2,25,126,3.0315789473684207,691.1999999999999,129.76819371073375,15574.0,"2
",381.978947368421,363.26196803042757,0.024526707805857265,10,129.9717963383413
62,OzaBagAdwinExecutorMAXChunk,elecNormNew,4,500,2160,1927.561767578125,40500.0,21.01099967956543,241.0,84.57000000000001,3,25,26,4.538775510204082,222.4,2150.64787128008,45312.0,"3
",118.00816326530612,95.36421079051739,0.0029137818090199043,90,1927.561782764144
44,OzaBagAdwinExecutorMAXChunk,elecNormNew,4,500,1200,1165.31591796875,44000.0,37.757999420166016,334.0,83.9287356321839,3,25,43,4.035443037974684,318.8,1194.2438458700121,45312.0,"3
",173.5240506329114,152.3702558879611,0.00394372842347526,50,1165.3159774270302
207,OzaBagAdwinExecutorMAXChunk,elecNormNew,4,500,1018,1011.6995849609376,45312.0,44.78799819946289,383.0,77.84298848522717,2,25,51,3.8212765957446813,359.20000000000005,1007.4482513284569,45312.0,"2
",194.88510638297873,171.14732928986245,0.004300960151460512,10,1011.6996030544494
87,OzaBagAdwinExecutorMAXChunk,elecNormNew,4,500,565,564.839599609375,45312.0,80.22100067138672,615.0,77.77827367669374,2,25,85,3.3722580645161293,522.7,563.4839704529062,45312.0,"2
",286.641935483871,270.52591645763766,0.006325960793694187,90,564.8396257934229
50,OzaBagAdwinExecutorMAXChunk,elecNormNew,4,500,240,237.76353454589844,28500.0,119.86699676513672,1210.0,84.59642857142858,3,25,126,3.1043668122270747,710.9000000000001,239.496218305401,28752.0,"3
",391.1502183406114,372.11112663902054,0.013724569064582855,50,237.76352765258582
20,OzaBagAdwinExecutorMAXChunk,elecNormNew,4,500,113,109.98439025878906,13178.0,119.81700134277344,2499.0,81.5743808171636,2,25,126,3.0359649122807015,692.1999999999999,109.81026106810435,13178.0,"2
",382.5315789473684,363.76021197134986,0.02902804514701536,10,109.98439163320631
167,OzaBagAdwin,elecNormNew,1,1,1093,763.3372802734375,39076.0,51.19100189208984,4722.0,84.16163373937967,1,25,58,3.64245283018868,386.1000000000001,1084.6418996553043,45312.0,"1
",211.26226415094345,186.46080972203671,0.005406445494701184,90,763.3372771717156
102,OzaBagAdwin,elecNormNew,1,1,607,584.8499145507812,43900.0,75.06199645996094,781.0,84.28018223234625,1,25,82,3.4288590604026843,510.9,602.4410349137129,45312.0,"1
",281.1664429530201,257.3770066536513,0.0064047025729617344,50,584.8498850335914
215,OzaBagAdwin,elecNormNew,1,1,121,119.93792724609376,14376.0,119.86199951171876,91.0,88.8494713411241,1,25,127,3.0246753246753237,698.6999999999998,119.77903866823306,14376.0,"1
",384.1337662337661,362.5436322893415,0.026720490138687124,10,119.93792910650114
133,OzaBagASHTExecutorMAXChunk,elecNormNew,4,500,4297,3080.794921875,35500.0,11.52299976348877,159.0,75.74857142857144,3,25,17,4.596874999999999,147.09999999999997,4259.847701419573,45312.0,"3
",78.14687499999998,52.96978953778743,0.002201320422535211,90,3080.7949951091396
165,OzaBagASHTExecutorMAXChunk,elecNormNew,4,500,2387,2351.2626953125,44500.0,18.926000595092773,168.0,77.25227272727273,3,25,24,4.135555555555556,186.10000000000005,2376.586593936851,45312.0,"3
",99.25333333333336,78.26952690548369,0.002230411985018727,50,2351.2627391303254
206,OzaBagASHTExecutorMAXChunk,elecNormNew,4,500,1100,1100.3934326171875,45312.0,41.178001403808594,343.0,77.10434704989734,2,25,47,3.7080459770114937,322.59999999999997,1095.4982834485759,45312.0,"2
",174.2781609195402,152.6899224467661,0.0038461811643613216,10,1100.3933764451485
101,OzaBagASHTExecutorMAXChunk,elecNormNew,4,500,611,608.7786254882812,45312.0,74.43099975585938,553.0,77.65107560474873,2,25,80,3.3691780821917807,491.9,607.2610799147647,45312.0,"2
",269.5342465753425,250.7712930130632,0.005948407630988314,90,608.7786023112358
164,OzaBagASHTExecutorMAXChunk,elecNormNew,4,500,477,471.3868408203125,45000.0,95.46299743652344,612.0,78.08988764044943,3,25,101,3.157923497267759,577.8999999999999,473.7419887712108,45312.0,"3
",318.95027322404366,301.4648427244092,0.007087783849423193,50,471.3868326827053
11,OzaBagASHTExecutorMAXChunk,elecNormNew,4,500,122,119.97896575927734,14376.0,119.8209991455078,2279.0,81.73825309887576,2,25,125,3.027312775330396,687.1999999999999,119.78702307250047,14376.0,"2
",378.4140969162995,362.7356414660482,0.0263226277765929,10,119.97896948382248
201,OzaBagASHT,elecNormNew,1,1,1423,902.7770385742188,36279.0,40.18600082397461,3689.0,82.90746712974449,1,25,47,3.643023255813953,313.29999999999995,1412.248714352501,45312.0,"1
",171.22209302325578,146.3985355598982,0.004719592409472582,90,902.7770680369935
29,OzaBagASHT,elecNormNew,1,1,790,742.4313354492188,42646.0,57.44100189208984,932.0,82.96909440510247,1,25,64,3.476923076923077,406.8,786.9262430315555,45312.0,"1
",222.52307692307693,199.71794504018928,0.005217912041529732,50,742.4313399009977
1,OzaBagASHT,elecNormNew,1,1,158,154.94308471679688,18569.0,119.84400177001952,101.0,87.06984759545479,1,25,127,3.0169565217391305,693.9,154.71588068655225,18569.0,"1
",383.1534782608696,361.5641427313763,0.020634039434588268,10,154.94309039874926
90,OzaBag,elecNormNew,1,1,1498,924.183837890625,36801.0,39.81999969482422,4704.0,82.2287437841363,1,25,46,3.6238095238095243,304.40000000000003,1486.9068714313842,45312.0,"1
",166.69523809523812,144.30009413219636,0.004529638816750581,90,924.1838343053371
113,OzaBag,elecNormNew,1,1,832,783.5059204101562,42828.0,54.6619987487793,915.0,82.35266647987298,1,25,61,3.4758928571428576,389.30000000000007,827.0273230027925,45312.0,"1
",212.0294642857143,189.99925100803378,0.004950720656713232,50,783.5059269755742
70,OzaBag,elecNormNew,1,1,166,164.91603088378906,19767.0,119.86100006103516,114.0,86.73040926797188,1,25,127,3.0194805194805197,697.5,164.6934337585296,19767.0,"1
",383.474025974026,361.91795472974906,0.01939970789568604,10,164.91602764814513
57,LeveragingBag,elecNormNew,1,1,463,420.0505981445313,42670.0,101.58300018310548,5301.0,89.75626904148113,1,25,108,3.6959183673469393,724.4000000000001,458.345134533684,45312.0,"1
",399.15918367346944,375.44247618694703,0.009354562542148335,90,420.0505982604022
103,LeveragingBag,elecNormNew,1,1,257,254.6832427978516,30549.0,119.9489974975586,1241.0,89.97675865003765,1,25,126,3.4305676855895197,785.6,254.4689712619742,30549.0,"1
",432.2515283842795,411.4931547339827,0.01414944935625649,50,254.68324569050097
143,LeveragingBag,elecNormNew,1,1,51,49.94916915893555,5994.0,120.0019989013672,136.0,90.674007340674,1,25,126,3.1144736842105263,710.1,49.925112331502746,6000.0,"1
",392.4236842105263,373.74306763096865,0.06546941678520625,10,49.94916797116543
126,LBagExecutorMAXChunk,elecNormNew,4,500,956,903.4562377929688,43000.0,47.595001220703125,489.0,88.56,3,25,54,4.58080808080808,453.5,948.2275143347424,45312.0,"3
",247.36363636363635,218.02356619786732,0.005752642706131078,90,903.4562222323389
197,LBagExecutorMAXChunk,elecNormNew,4,500,588,576.0413208007812,44725.0,77.64199829101562,702.0,78.08479366873941,2,25,83,3.910596026490066,590.5,582.1919568289862,45312.0,"2
",324.5794701986755,303.6264900055942,0.007257226835073795,50,576.0413305227278
162,LBagExecutorMAXChunk,elecNormNew,4,500,531,519.5321044921875,44500.0,85.65399932861328,740.0,88.30681818181819,3,25,92,3.838323353293413,641.0,527.865796831314,45312.0,"3
",353.125748502994,328.7677459259947,0.007935410078718966,10,519.5320749621376
108,LBagExecutorMAXChunk,elecNormNew,4,500,326,324.76416015625,38935.0,119.88700103759766,1075.0,76.66970209444517,2,25,126,3.593013100436681,822.8,324.25837400269836,38935.0,"2
",452.71965065502184,430.7555653001544,0.011627575463080053,90,324.7641500998897
51,LBagExecutorMAXChunk,elecNormNew,4,500,106,104.32749938964844,12500.0,119.81500244140624,2808.0,90.30833333333334,3,25,126,3.2039473684210527,730.5,104.82325294578425,12579.0,"3
",403.69736842105266,383.8809617695055,0.032295789473684215,50,104.32750277756695
109,LBagExecutorMAXChunk,elecNormNew,4,500,65,64.89730072021484,7788.0,120.00499725341795,4364.0,78.62239297475301,2,25,126,3.1113537117903927,712.4999999999999,64.89508627718521,7800.0,"2
",392.03056768558946,373.37799363781784,0.05033777191648555,10,64.89729743132163
25,AdaptiveRandomForestSequential,elecNormNew,1,1,284,237.4420928955078,28494.0,120.00399780273438,8142.0,89.00821225521163,1,25,125,3.7286343612334805,846.4000000000001,279.402945292197,33544.0,"1
",466.07929515418505,447.4510296926625,0.01635710307974258,90,237.44208961137414
163,AdaptiveRandomForestSequential,elecNormNew,1,1,157,154.83714294433594,18569.0,119.9260025024414,1954.0,89.6009478162529,1,25,124,3.5004444444444447,787.6,154.71588068655225,18569.0,"1
",434.05511111111116,419.7943092041016,0.023375255054720833,50,154.83714634465514
200,AdaptiveRandomForestSequential,elecNormNew,1,1,31,30.00149917602539,3600.0,119.99400329589844,100.0,88.75,1,25,124,3.129333333333333,704.0999999999999,29.959305276998744,3600.0,"1
",388.03733333333327,375.5012343139648,0.10778814814814813,10,30.00149925094676
118,AdaptiveRandomForestExecutorMAXChunk,elecNormNew,4,500,671,641.3469848632812,43500.0,67.82599639892578,708.0,88.79767441860466,3,25,73,4.727611940298508,633.5000000000001,666.2255745225177,45312.0,"3
",345.1156716417911,320.6549904382051,0.007933693600960716,90,641.3470101367939
186,AdaptiveRandomForestExecutorMAXChunk,elecNormNew,4,500,413,407.6783447265625,45141.0,110.72699737548828,1020.0,78.08068815662732,2,25,115,4.150480769230769,863.3,408.65800865800867,45312.0,"2
",477.3052884615384,459.57027324162993,0.010573653407357799,50,407.6783536983447
22,AdaptiveRandomForestExecutorMAXChunk,elecNormNew,4,500,373,366.6972351074219,44000.0,119.98999786376952,1077.0,88.64827586206897,3,25,124,3.9715555555555553,893.5999999999999,369.1187981946272,44326.0,"3
",492.47288888888886,476.546942626953,0.011192565656565656,10,366.6972312971898
14,AdaptiveRandomForestExecutorMAXChunk,elecNormNew,4,500,229,224.87423706054688,26955.0,119.86699676513672,1628.0,79.42165942165941,2,25,125,3.758149779735683,853.1,224.5277046613134,26955.0,"2
",469.7687224669604,450.4781274904764,0.017427888052938618,90,224.8742416798404
128,AdaptiveRandomForestExecutorMAXChunk,elecNormNew,4,500,74,66.66388702392578,8000.0,120.00499725341795,4332.0,88.58666666666667,3,25,124,3.2373333333333325,728.3999999999999,69.88469026106924,8400.0,"3
",401.4293333333332,388.49617777506495,0.05017866666666665,50,66.6638905303766
104,AdaptiveRandomForestExecutorMAXChunk,elecNormNew,4,500,45,45.00487518310547,5400.0,119.98699951171876,6500.0,77.85714285714286,2,25,125,3.1696035242290748,719.5,44.93334886584899,5400.0,"2
",396.2004405286343,380.31121651401605,0.07337045194974709,10,45.004875711327365
121,StreamingRandomPatchesExecutorMAXChunk,covtypeNorm,4,500,207,196.0669708251953,23500.0,119.85700225830078,2354.0,86.40869565217392,3,25,124,5.026666666666666,1131.0,204.5850236998409,24559.0,"3
",623.3066666666666,602.4811980183919,0.02652368794326241,90,196.06697612339534
32,StreamingRandomPatchesExecutorMAXChunk,covtypeNorm,4,500,115,112.664306640625,13500.0,119.8249969482422,3710.0,81.56923076923077,3,25,124,4.254666666666666,957.3,114.79685364796853,13777.0,"3
",527.5786666666665,509.8154203491211,0.03907990123456789,50,112.66430497662567
112,StreamingRandomPatchesExecutorMAXChunk,covtypeNorm,4,500,107,102.2553482055664,12500.0,122.24299621582033,4331.0,58.55,2,25,127,4.392173913043478,1010.1999999999999,104.8180121325245,12579.0,"2
",557.8060869565217,536.9124990313986,0.044624486956521735,10,102.25534702970809
15,StreamingRandomPatchesExecutorMAXChunk,covtypeNorm,4,500,59,53.9979248046875,6500.0,120.375,6699.0,60.28333333333333,2,25,124,3.5453333333333332,797.6999999999999,54.91762356465302,6600.0,"2
",439.6213333333333,426.7695,0.06763405128205129,90,53.99792315680166
214,StreamingRandomPatchesExecutorMAXChunk,covtypeNorm,4,500,23,16.67264175415039,2000.0,119.95700073242188,14882.0,78.53333333333333,3,25,125,3.1894273127753303,724.0,19.975862499479796,2400.0,"3
",398.6784140969163,382.59413449459663,0.19933920704845814,50,16.67264092790411
94,StreamingRandomPatchesExecutorMAXChunk,covtypeNorm,4,500,11,10.004335403442385,1200.0,119.947998046875,27489.0,53.71428571428572,2,25,124,3.1262222222222222,703.4,9.988762642027718,1200.0,"2
",387.65155555555555,374.98409700520835,0.323042962962963,10,10.004335374826738
8,StreamingRandomPatches,covtypeNorm,1,1,59,54.87088394165039,6585.0,120.00900268554688,3474.0,82.64236902050114,1,25,124,3.6551111111111116,822.4000000000001,54.91808052987626,6600.0,"1
",453.23377777777785,438.64623914930564,0.06882821226693665,90,54.870883455754736
9,StreamingRandomPatches,covtypeNorm,1,1,32,29.94795036315918,3596.0,120.0749969482422,1086.0,81.39599555061179,1,25,125,3.4387665198237882,780.5999999999999,29.961299987516124,3600.0,"1
",429.84581497797353,412.90987937355885,0.11953443130644426,50,29.947949959557693
159,StreamingRandomPatches,covtypeNorm,1,1,6,5.001500606536865,600.0,119.96399688720705,155.0,77.0,1,25,125,2.990748898678414,678.9,4.994713927759788,600.0,"1
",373.8436123348017,358.78219157147515,0.6230726872246696,10,5.001500579912605
151,OzaBagExecutorMAXChunk,covtypeNorm,4,500,3459,3387.4716796875,406500.0,120.0009994506836,135.0,76.36724137931034,3,25,125,4.6682819383259915,1059.7,3443.960926579245,413909.0,"3
",583.5352422907489,560.1984983166934,0.0014355110511457536,90,3387.4717865750604
213,OzaBagExecutorMAXChunk,covtypeNorm,4,500,1921,1894.7911376953125,227500.0,120.06600189208984,205.0,77.39911894273128,3,25,126,4.089912280701754,932.5,1914.2795319495997,230016.0,"3
",515.328947368421,491.0594156332183,0.0022651821862348176,50,1894.7911683148009
33,OzaBagExecutorMAXChunk,covtypeNorm,4,500,384,378.9961242675781,45500.0,120.0540008544922,845.0,74.69777777777777,3,25,125,3.2881057268722467,746.4,379.0160767956307,45524.0,"3
",411.0132158590308,394.7502477435814,0.00903325749140727,10,378.996115715851
39,OzaBagExecutorMAXChunk,covtypeNorm,4,500,367,361.5629577636719,43500.0,120.31099700927734,1268.0,71.93023255813954,2,25,126,3.7789473684210524,861.5999999999999,364.03370019480843,43727.0,"2
",476.1473684210526,454.6489255403217,0.010945916515426497,90,361.56295834407933
156,OzaBagExecutorMAXChunk,covtypeNorm,4,500,204,199.9199066162109,23960.0,119.8479995727539,2123.0,64.33503836317136,2,25,126,3.419650655021834,783.1,199.6051217541258,23960.0,"2
",430.8759825327511,409.83829024202436,0.017983137835256725,50,199.9198992508427
174,OzaBagExecutorMAXChunk,covtypeNorm,4,500,40,40.00833511352539,4800.0,119.9749984741211,7245.0,55.97674418604651,2,25,126,2.9716157205240177,680.5,39.94640523963682,4800.0,"2
",374.4235807860262,356.51959153554327,0.07800491266375546,10,40.00833557864451
85,OzaBagAdwinExecutorMAXChunk,covtypeNorm,4,500,1031,1024.0015869140625,123000.0,120.11699676513672,449.0,86.75591836734694,3,25,126,4.606578947368421,1050.3,1025.6948260645117,123188.0,"3
",580.4289473684211,553.3284285193995,0.004718934531450578,90,1024.0016260188422
30,OzaBagAdwinExecutorMAXChunk,covtypeNorm,4,500,573,566.8556518554688,68000.0,119.95999908447266,731.0,85.14814814814815,3,25,125,3.988986784140969,905.5,568.3726892120224,68286.0,"3
",498.62334801762114,478.5188509735242,0.007332696294376781,50,566.8556228657204
204,OzaBagAdwinExecutorMAXChunk,covtypeNorm,4,500,381,378.3547058105469,45367.0,119.90599822998048,1162.0,76.35233022042927,2,25,126,3.8960698689956335,892.2,379.0855115789123,45524.0,"2
",490.90480349344983,467.1621468156707,0.010820746434488722,10,378.35471677560116
61,OzaBagAdwinExecutorMAXChunk,covtypeNorm,4,500,211,209.8476104736328,25158.0,119.88700103759766,2039.0,68.23748884743289,2,25,126,3.610087719298245,823.0999999999999,209.56617353058778,25158.0,"2
",454.8710526315789,432.8025901493273,0.01808057288463228,90,209.84760467992874
95,OzaBagAdwinExecutorMAXChunk,covtypeNorm,4,500,114,108.49969482421876,13000.0,119.81600189208984,2950.0,67.808,3,25,124,3.314222222222222,745.6999999999999,109.81300623312556,13178.0,"3
",410.9635555555555,397.09685604858396,0.03161258119658119,50,108.4996978259066
111,OzaBagAdwinExecutorMAXChunk,covtypeNorm,4,500,42,40.00766754150391,4800.0,119.97699737548828,7701.0,56.34883720930232,2,25,127,3.0813043478260873,708.7,,,,391.3256521739131,369.6856436522111,0.0815261775362319,10,40.00766901156552
115,OzaBagAdwin,covtypeNorm,1,1,255,162.46395874023438,19496.0,120.0019989013672,12522.0,74.56914238818219,1,25,127,3.6217391304347832,833.0000000000001,254.47109097118675,30549.0,"1
",459.9608695652175,434.6159351514735,0.02359257640363241,90,162.46396042139494
130,OzaBagAdwin,covtypeNorm,1,1,141,139.85406494140625,16772.0,119.9250030517578,787.0,71.94133078941091,1,25,127,3.5411255411255413,818.0,139.7561849527952,16772.0,"1
",449.72294372294374,424.66949132613803,0.02681391269514332,50,139.8540719049343
68,OzaBagAdwin,covtypeNorm,1,1,28,24.998958587646484,3000.0,120.00499725341795,103.0,65.96666666666667,1,25,126,3.0078602620087334,688.8,24.969412469724585,3000.0,"1
",378.9903930131004,360.95826248102304,0.1263301310043668,10,24.99895894889123
28,OzaBagASHTExecutorMAXChunk,covtypeNorm,4,500,3211,3147.24609375,378000.0,120.1050033569336,146.0,76.72927152317881,3,25,125,4.763876651982379,1081.4,3199.8502246630055,384558.0,"3
",595.4845814977974,572.1654212783612,0.0015753560357084587,90,3147.2460716448436
137,OzaBagASHTExecutorMAXChunk,covtypeNorm,4,500,1784,1773.477783203125,213000.0,120.10299682617188,214.0,78.98823529411764,3,25,126,3.925764192139738,899.0,1774.6523414418987,213244.0,"3
",494.64628820960695,471.49604430885813,0.0023222830432375915,50,1773.4778117841665
185,OzaBagASHTExecutorMAXChunk,covtypeNorm,4,500,383,377.5964965820313,45500.0,120.4990005493164,1215.0,73.37555555555556,2,25,126,3.7620087336244543,861.5,379.0223879975689,45524.0,"2
",474.01310043668127,453.3182924595462,0.01041787033926772,10,377.5964928553768
132,OzaBagASHTExecutorMAXChunk,covtypeNorm,4,500,356,354.0663452148437,42500.0,120.03399658203124,896.0,72.61666666666666,3,25,126,3.2609649122807016,743.5,354.10734209255463,42529.0,"3
",410.8815789473684,391.42665113482553,0.009667801857585138,90,354.0663579501454
81,OzaBagASHTExecutorMAXChunk,covtypeNorm,4,500,213,208.1667938232422,25000.0,120.09600067138672,2010.0,64.98367346938775,2,25,126,3.4298245614035086,782.0,209.56617353058778,25158.0,"2
",432.1578947368421,411.90821282905443,0.017286315789473684,50,208.16679872967939
99,OzaBagASHTExecutorMAXChunk,covtypeNorm,4,500,42,40.0073356628418,4800.0,119.97799682617188,7525.0,56.30232558139535,2,25,126,2.9917030567685585,685.0999999999999,39.94407829039345,4800.0,"2
",376.9545851528384,358.93853984982684,0.07853220524017467,10,40.00733573635506
125,OzaBagASHT,covtypeNorm,1,1,220,181.13031005859372,21736.0,120.0019989013672,10029.0,71.03882959146117,1,25,126,3.629824561403509,827.6000000000001,219.55283062876947,26356.0,"1
",457.3578947368422,435.5862030296996,0.02104149313290588,90,181.13031615302833
41,OzaBagASHT,covtypeNorm,1,1,122,119.8899154663086,14376.0,119.91000366210938,308.0,64.69115191986644,1,25,126,3.4161572052401743,782.3,119.79500854131078,14376.0,"1
",430.43580786026195,409.6314229906906,0.029941277675310376,50,119.88991377658263
34,OzaBagASHT,covtypeNorm,1,1,24,20.002500534057617,2400.0,119.98500061035156,74.0,68.29166666666666,1,25,127,2.945454545454545,680.3999999999999,19.976361305788153,2400.0,"1
",374.0727272727272,353.41036543412633,0.15586363636363634,10,20.002500210788373
119,OzaBag,covtypeNorm,1,1,253,240.2396697998047,28829.0,120.0009994506836,5789.0,72.48950709355164,1,25,126,3.6148471615720528,827.8000000000001,249.46483753550396,29950.0,"1
",455.47074235807867,433.78527225011305,0.015799047568700916,90,240.23966576918184
208,OzaBag,covtypeNorm,1,1,140,139.8645782470703,16772.0,119.91600036621094,336.0,66.0982590031004,1,25,127,3.4369565217391305,790.5,139.75152691791723,16772.0,"1
",436.49347826086955,412.14607951952064,0.026025129874843164,50,139.86457143984177
149,OzaBag,covtypeNorm,1,1,28,24.991458892822266,2999.0,120.0009994506836,99.0,65.55518506168723,1,25,127,2.975652173913043,684.3999999999999,24.968165588874186,3000.0,"1
",377.90782608695645,357.0812348871645,0.12601127912202617,10,24.99145851891416
12,LeveragingBag,covtypeNorm,1,1,136,107.216064453125,12867.0,120.01000213623048,9748.0,74.74935882490091,1,25,127,3.6408695652173924,837.4000000000002,134.76601559896008,16173.0,"1
",462.39043478260885,436.9407642994758,0.03593614943519149,90,107.21606341939652
187,LeveragingBag,covtypeNorm,1,1,75,74.87771606445312,8986.0,120.00900268554688,497.0,73.0135766748275,1,25,126,3.452192982456141,787.1000000000001,74.8814377236043,9000.0,"1
",434.97631578947374,414.2942369026051,0.04840599997657175,50,74.87771582891604
21,LeveragingBag,covtypeNorm,1,1,15,15.004626274108888,1800.0,119.96299743652344,100.0,68.83333333333333,1,25,127,3.0273913043478258,696.3,14.98301924485583,1800.0,"1
",384.4786956521739,363.17493528283154,0.21359927536231882,10,15.004626747113768
37,LBagExecutorMAXChunk,covtypeNorm,4,500,701,687.31103515625,82500.0,120.03299713134766,684.0,91.01463414634146,3,25,126,4.985526315789473,1136.6999999999998,697.8156854587061,83860.0,"3
",628.1763157894736,598.4276659614161,0.007614258373205741,90,687.3110059038459
13,LBagExecutorMAXChunk,covtypeNorm,4,500,389,383.017333984375,46000.0,120.0989990234375,1110.0,86.82857142857144,3,25,126,4.180786026200873,957.3999999999999,384.0287086917063,46123.0,"3
",526.77903930131,502.1082168778998,0.011451718245680653,50,383.01734713894683
192,LBagExecutorMAXChunk,covtypeNorm,4,500,254,249.82899475097656,29950.0,119.88200378417967,1699.0,73.5144312393888,2,25,125,3.937444933920705,893.8000000000001,249.43782793370536,29950.0,"2
",492.1806167400881,472.02878846828105,0.016433409573959536,10,249.82899062913708
17,LBagExecutorMAXChunk,covtypeNorm,4,500,141,139.97430419921875,16772.0,119.8219985961914,2903.0,58.84341199606686,2,25,126,3.5624454148471614,815.8,,,,448.86812227074233,426.85932949682507,0.026762945520554634,90,139.97429684446195
80,LBagExecutorMAXChunk,covtypeNorm,4,500,77,70.83038330078125,8500.0,120.00499725341795,4281.0,69.5625,3,25,125,3.2418502202643165,735.8999999999999,74.88019169329074,9000.0,"3
",405.23127753303953,389.0382267788117,0.04767426794506347,50,70.83038368852515
123,LBagExecutorMAXChunk,covtypeNorm,4,500,28,24.71413993835449,3000.0,121.38800048828124,11856.0,49.2,2,25,126,3.058951965065502,700.5,24.968789013732835,3000.0,"2
",385.4279475982533,371.320062629,0.1284759825327511,10,24.714139683762394
75,AdaptiveRandomForestSequential,covtypeNorm,1,1,189,169.6453094482422,20361.0,120.02100372314452,7552.0,78.63562693384412,1,25,125,3.6810572687224674,835.6000000000001,184.64242868568383,22163.0,"1
",460.13215859030845,441.80418815444744,0.0225987013697907,90,169.64530680785867
74,AdaptiveRandomForestSequential,covtypeNorm,1,1,105,102.90232849121094,12349.0,120.00700378417967,1873.0,75.17207871082678,1,25,125,3.5237885462555063,799.9,104.83052398622227,12600.0,"1
",440.4735682819383,422.87930540513355,0.035668764133285145,50,102.9023274525578
42,AdaptiveRandomForestSequential,covtypeNorm,1,1,21,20.00116729736328,2400.0,119.99299621582033,232.0,71.0,1,25,125,3.0806167400881055,699.3,19.97602876548142,2400.0,"1
",385.0770925110132,369.6524328357848,0.1604487885462555,10,20.00116736549641
209,AdaptiveRandomForestExecutorMAXChunk,covtypeNorm,4,500,867,815.701416015625,98000.0,120.14199829101562,559.0,90.92102564102564,3,25,124,4.8582222222222216,1093.1,861.800673086535,103454.0,"3
",602.4195555555555,583.6765259195963,0.006147138321995464,90,815.7014315894609
96,AdaptiveRandomForestExecutorMAXChunk,covtypeNorm,4,500,482,461.8034362792969,55500.0,120.18099975585938,917.0,88.88727272727273,3,25,125,4.178318584070796,944.3,478.6136982196809,57504.0,"3
",522.2898230088496,502.154504732115,0.009410627441600893,50,461.80344740637025
27,AdaptiveRandomForestExecutorMAXChunk,covtypeNorm,4,500,346,332.4855651855469,39872.0,119.9209976196289,1205.0,76.13278472010566,2,25,125,3.8581497797356827,875.8,344.1353527447732,41331.0,"2
",482.26872246696036,462.6731705518546,0.012095423416607153,10,332.48555958872106
122,AdaptiveRandomForestExecutorMAXChunk,covtypeNorm,4,500,192,189.93023681640625,22762.0,119.84400177001952,2055.0,62.18668583236008,2,25,124,3.7035555555555555,833.3,189.63908421368347,22762.0,"2
",459.2408888888889,443.84891855536563,0.020175770533735562,90,189.93023984362813
106,AdaptiveRandomForestExecutorMAXChunk,covtypeNorm,4,500,96,91.805908203125,11000.0,119.81800079345705,3311.0,76.77142857142857,3,25,124,3.3462222222222215,752.8999999999999,94.83929568427456,11381.0,"3
",414.93155555555546,400.93765687730576,0.037721050505050494,50,91.80590501557327
181,AdaptiveRandomForestExecutorMAXChunk,covtypeNorm,4,500,38,35.009334564208984,4200.0,119.96800231933594,8382.0,56.08108108108109,2,25,125,3.1629955947136565,718.0,34.95484998543548,4200.0,"2
",395.37444933920705,379.4582628426573,0.09413677365219215,10,35.0093351460522
46,StreamingRandomPatchesExecutorMAXChunk,airlines,4,500,245,71.60816192626953,9000.0,125.68399810791016,6926.0,65.21176470588236,3,25,130,5.535169491525424,1306.3,244.53664592133435,29351.0,"3
",719.5720338983051,695.6822318998434,0.07995244821092279,90,71.60816122568565
35,StreamingRandomPatchesExecutorMAXChunk,airlines,4,500,156,68.6668930053711,8500.0,123.78600311279295,7187.0,64.575,2,25,128,5.5267241379310335,1282.1999999999998,154.7433838883851,18600.0,"2
",707.4206896551723,684.1310913414789,0.0832259634888438,50,68.66689113675363
202,StreamingRandomPatchesExecutorMAXChunk,airlines,4,500,136,77.0928726196289,9500.0,123.22799682617188,6389.0,64.86666666666666,3,25,127,5.571739130434783,1281.5,134.7787382380592,16200.0,"3
",707.6108695652174,686.5942518814751,0.07448535469107552,10,77.09287048949525
93,StreamingRandomPatchesExecutorMAXChunk,airlines,4,500,87,68.05226135253906,8500.0,124.90399932861328,7172.0,64.3125,2,25,129,5.384188034188034,1259.8999999999999,84.86704163477219,10200.0,"2
",694.5602564102563,672.5066186073499,0.0817129713423831,90,68.05226450465467
179,StreamingRandomPatchesExecutorMAXChunk,airlines,4,500,27,23.789888381958008,3000.0,126.10399627685548,15207.0,72.64,3,25,130,3.678389830508475,868.1000000000001,24.9685812019875,3000.0,"3
",478.19067796610176,463.8596574912638,0.15939689265536724,50,23.789888414112102
19,StreamingRandomPatchesExecutorMAXChunk,airlines,4,500,17,15.005876541137695,1800.0,119.9530029296875,21424.0,74.6923076923077,2,25,128,3.3663793103448274,781.0,14.98252039287498,1800.0,"2
",430.8965517241379,403.80730727623245,0.23938697318007662,10,15.005876935445299
77,StreamingRandomPatches,airlines,1,1,61,22.479490280151367,2699.0,120.06500244140624,24134.0,73.24935161170804,1,25,125,3.690308370044054,837.7000000000003,59.91113182113199,7200.0,"1
",461.28854625550673,443.0768834588812,0.1709109100613215,90,22.479489819001653
97,StreamingRandomPatches,airlines,1,1,34,22.47555923461914,2699.0,120.08599853515624,9680.0,73.24935161170804,1,25,125,3.6488986784140978,828.3000000000002,29.96179870664902,3600.0,"1
",456.11233480176224,438.18164135096885,0.16899308440228317,50,22.47555945674919
150,StreamingRandomPatches,airlines,1,1,6,4.984080791473389,598.0,119.98200225830078,118.0,75.58528428093646,1,25,125,3.122907488986784,708.9,4.9946307719201855,600.0,"1
",390.363436123348,374.6926933960767,0.652781665758107,10,4.984080851664802
69,OzaBagExecutorMAXChunk,airlines,4,500,5571,2341.52099609375,281500.0,120.22100067138672,213.0,61.21281138790036,3,25,126,5.3732456140350875,1225.1,5544.5873294888,539383.0,"3
",677.028947368421,645.976964572438,0.0024050761895858647,90,2341.521019022749
53,OzaBagExecutorMAXChunk,airlines,4,500,3095,2266.32666015625,272000.0,120.01799774169922,220.0,63.08618784530387,3,25,125,5.345374449339207,1213.4,3085.6246463167004,370781.0,"3
",668.1718061674009,641.5411385893296,0.002456513993262503,50,2266.326760303017
116,OzaBagExecutorMAXChunk,airlines,4,500,911,204.17112731933597,27000.0,132.24200439453125,2444.0,64.51698113207547,2,25,138,5.517529880478088,1384.9,906.979259394837,109018.0,"2
",761.4191235059762,729.6492107011409,0.02820070827799912,10,204.17113400253754
194,OzaBagExecutorMAXChunk,airlines,4,500,619,612.494873046875,73500.0,120.0009994506836,633.0,61.55890410958904,3,25,126,3.8104803493449784,872.6,613.3361082206036,73677.0,"3
",480.1205240174673,457.26145030858737,0.0065322520274485344,90,612.4948986796235
6,OzaBagExecutorMAXChunk,airlines,4,500,506,215.23367309570312,26500.0,123.12200164794922,2314.0,63.54230769230769,2,25,129,5.51880341880342,1291.4,503.7175804504392,60499.0,"2
",711.9256410256411,679.4861236246225,0.026865118529269476,50,215.2336677872829
67,OzaBagExecutorMAXChunk,airlines,4,500,101,99.84083557128906,11981.0,120.0009994506836,3645.0,62.44229596725024,2,25,126,3.7679824561403503,859.0999999999999,99.84191696480572,12000.0,"2
",474.76578947368415,452.1616606494836,0.03962655783938604,10,99.84083511674244
56,OzaBagAdwinExecutorMAXChunk,airlines,4,500,674,275.4934387207031,33500.0,121.5999984741211,1809.0,65.73333333333333,3,25,127,5.648051948051949,1304.7,668.137246741139,80266.0,"3
",717.3025974025975,686.8031082648736,0.02141201783291336,90,275.4934245096185
88,OzaBagAdwinExecutorMAXChunk,airlines,4,500,374,366.5719604492188,44000.0,120.03099822998048,1331.0,67.45747126436783,3,25,127,5.407391304347826,1243.6999999999998,369.17720939142316,44326.0,"3
",686.7386956521739,649.0545760809857,0.015607697628458497,50,366.57197431363187
43,OzaBagAdwinExecutorMAXChunk,airlines,4,500,245,244.91004943847656,29351.0,119.84400177001952,1898.0,64.79151502547572,2,25,127,4.728695652173912,1087.6,244.52849680499205,29351.0,"2
",600.5443478260869,566.7058101090139,0.020460779797147863,10,244.91004611415204
199,OzaBagAdwinExecutorMAXChunk,airlines,4,500,136,131.75881958007812,16000.0,121.43399810791016,3051.0,62.81935483870967,2,25,126,4.039737991266375,925.0999999999999,134.7787382380592,16200.0,"2
",509.0069868995633,490.5615355878938,0.0318129366812227,90,131.75881754121187
138,OzaBagAdwinExecutorMAXChunk,airlines,4,500,74,66.6683349609375,8000.0,119.99700164794922,4573.0,63.92,3,25,126,3.3772925764192134,773.3999999999999,69.8928309924782,8400.0,"3
",425.5388646288209,405.26498285818303,0.05319235807860261,50,66.66833245942793
178,OzaBagAdwinExecutorMAXChunk,airlines,4,500,27,24.91590881347656,3000.0,120.40499877929688,11765.0,69.72,2,25,126,3.155701754385965,719.5,24.9685812019875,3000.0,"2
",397.61842105263156,379.9622658846671,0.1325394736842105,10,24.915909060378954
145,OzaBagAdwin,airlines,1,1,153,102.29183959960938,12283.0,120.0780029296875,11612.0,63.8036310347635,1,25,126,3.7467248908296944,858.0,149.75539951412694,18000.0,"1
",472.0873362445415,449.8992424177811,0.0384342046930344,90,102.29184113923343
155,OzaBagAdwin,airlines,1,1,85,84.72401428222656,10169.0,120.0250015258789,1914.0,64.06726325105714,1,25,127,3.543043478260869,814.8999999999999,84.87339718253605,10200.0,"1
",449.96652173913037,425.25379888451613,0.04424884666526997,50,84.72401475293825
120,OzaBagAdwin,airlines,1,1,17,14.987454414367676,1798.0,119.96700286865234,150.0,73.63737486095661,1,25,126,3.1589519650655022,723.4,14.982645102755974,1800.0,"1
",398.02794759825326,378.96999945494804,0.22137260711804965,10,14.987454525046083
180,OzaBagASHTExecutorMAXChunk,airlines,4,500,4385,616.58447265625,74000.0,120.01599884033205,809.0,63.51292517006802,3,25,126,5.239301310043668,1199.8,4369.4730264528225,524446.0,"3
",660.1519650655022,628.799979950351,0.008920972500885164,90,616.5844613637619
107,OzaBagASHTExecutorMAXChunk,airlines,4,500,2436,261.90850830078125,31500.0,120.27100372314452,1906.0,64.23870967741937,3,25,126,4.075877192982457,929.3000000000002,2427.9876150683335,291713.0,"3
",513.5605263157896,490.2098410522729,0.01630350877192983,50,261.9085151439395
144,OzaBagASHTExecutorMAXChunk,airlines,4,500,487,483.3453979492188,58000.0,119.99700164794922,772.0,65.24173913043478,3,25,126,3.6174672489082966,828.4,483.7804532813775,58103.0,"3
",455.8008733624454,434.0852234286512,0.007858635747628368,10,483.34541033085253
65,OzaBagASHTExecutorMAXChunk,airlines,4,500,482,300.149658203125,36500.0,121.6060028076172,1658.0,65.26944444444445,2,25,127,5.462608695652173,1256.3999999999996,478.7930259279612,57504.0,"2
",693.7513043478259,664.2860083803922,0.019006885050625366,90,300.1496567381105
168,OzaBagASHTExecutorMAXChunk,airlines,4,500,267,245.82708740234372,30000.0,122.03700256347656,1905.0,64.52881355932203,2,25,128,4.752789699570815,1107.4,264.4922102807631,31747.0,"2
",608.3570815450644,580.0162087501886,0.02027856938483548,50,245.8270800644726
146,OzaBagASHTExecutorMAXChunk,airlines,4,500,53,49.48984146118164,6000.0,121.23699951171876,6026.0,65.78181818181818,2,25,127,3.2078260869565214,737.8,49.92926687193143,6000.0,"2
",407.3939130434782,388.9072097380265,0.06789898550724636,10,49.48984240920644
127,OzaBagASHT,airlines,1,1,161,103.1516342163086,12578.0,121.93699645996094,11927.0,63.76212434409286,1,25,129,3.7380341880341885,874.7000000000002,159.73377703826955,19200.0,"1
",482.2064102564103,455.8046615535378,0.0383372881425036,90,103.15163047443188
114,OzaBagASHT,airlines,1,1,89,83.31204223632812,10108.0,121.3270034790039,1664.0,64.09774436090225,1,25,128,3.4948275862068967,810.8000000000001,84.87198475632587,10200.0,"1
",447.3379310344828,424.016958710243,0.04425583013795833,50,83.31203862418994
23,OzaBagASHT,airlines,1,1,17,14.987204551696776,1798.0,119.96900177001952,128.0,73.63737486095661,1,25,127,3.1426086956521737,722.8,14.98252039287498,1800.0,"1
",399.11130434782604,377.01562817117434,0.22197514146152728,10,14.987204806844726
54,OzaBag,airlines,1,1,152,101.94405364990234,12234.0,120.00700378417967,9084.0,63.72404773581821,1,25,127,3.772608695652174,867.7,149.76038338658148,18000.0,"1
",479.1213043478261,452.7394660153596,0.039163095009631034,90,101.9440500489588
60,OzaBag,airlines,1,1,84,79.85633850097656,9583.0,120.00299835205078,1574.0,64.05092351038297,1,25,126,3.4697368421052635,791.1,79.87353357184458,9600.0,"1
",437.18684210526317,416.3788245452078,0.045621083387797474,50,79.85633802154271
86,OzaBag,airlines,1,1,16,14.987454414367676,1798.0,119.96700286865234,136.0,73.63737486095661,1,25,127,3.1406926406926408,725.5,14.982645102755974,1800.0,"1
",398.8679653679654,376.7794830355293,0.22183980276305082,10,14.987454525046083
140,LeveragingBag,airlines,1,1,41,31.57693099975586,3791.0,120.05599975585938,5020.0,68.5307306779214,1,25,127,3.762173913043478,865.3,39.94507552115841,4800.0,"1
",477.7960869565217,451.6715503858483,0.12603431468122442,90,31.576930829856163
190,LeveragingBag,airlines,1,1,23,19.92539405822754,2393.0,120.0979995727539,1040.0,71.87630589218554,1,25,128,3.3185344827586207,769.9,19.97552997577967,2400.0,"1
",424.77241379310345,398.5493528925139,0.1775062322578786,50,19.925394332237396
134,LeveragingBag,airlines,1,1,4,,,,,,1,25,126,2.843421052631579,648.3,0.0,0.0,"1
",358.2710526315789,,,10,
49,LBagExecutorMAXChunk,airlines,4,500,232,52.39625549316406,7500.0,143.13999938964844,9473.0,61.771428571428565,3,25,149,5.696666666666666,1538.1,229.56692716578075,27554.0,"3
",848.8033333333333,815.4208631896972,0.11317377777777778,90,52.39625563769831
100,LBagExecutorMAXChunk,airlines,4,500,158,55.35795593261719,8000.0,144.51400756835938,8933.0,61.546666666666674,2,25,150,5.6503676470588236,1536.9,154.73650878304056,18569.0,"2
",847.5551470588235,816.5572729110718,0.10594439338235294,50,55.357955499336384
136,LBagExecutorMAXChunk,airlines,4,500,129,59.58102798461914,7500.0,125.87899780273438,8259.0,61.8,3,25,132,5.6903765690376575,1360.0000000000002,124.79720454261825,15000.0,"3
",751.1297071129708,716.2988996306225,0.10015062761506277,10,59.58102726360507
171,LBagExecutorMAXChunk,airlines,4,500,88,56.63839340209961,7500.0,132.41900634765625,8464.0,61.72857142857144,2,25,138,5.33585657370518,1339.3000000000002,84.86845389646048,10200.0,"2
",736.3482071713148,706.5688255036496,0.09817976095617531,90,56.63839509797641
173,LBagExecutorMAXChunk,airlines,4,500,25,23.89200782775879,3000.0,125.56500244140624,13693.0,69.08,3,25,131,3.4227848101265823,811.2,24.9685812019875,3000.0,"3
",448.3848101265823,429.7819830399525,0.14946160337552744,50,23.892007658741715
139,LBagExecutorMAXChunk,airlines,4,500,17,15.00600242614746,1800.0,119.9520034790039,19377.0,71.84615384615385,2,25,127,3.189610389610389,736.7999999999998,14.982270979341113,1800.0,"2
",405.0805194805194,382.60015655121236,0.225044733044733,10,15.006001965736798
170,AdaptiveRandomForestSequential,airlines,1,1,60,29.45686149597168,3535.0,120.00599670410156,20266.0,70.0990099009901,1,25,124,3.7351111111111117,840.4000000000001,59.910633305319564,7200.0,"1
",463.15377777777786,448.2357316894532,0.13101945623133746,90,29.456861299325226
129,AdaptiveRandomForestSequential,airlines,1,1,33,29.74067497253418,3569.0,120.00399780273438,4267.0,70.0196133370692,1,25,125,3.6718061674008817,833.5000000000001,29.961299987516124,3600.0,"1
",458.9757709251102,440.63141924484194,0.12860066431076217,50,29.74067585537286
40,AdaptiveRandomForestSequential,airlines,1,1,6,4.983084201812744,598.0,120.00599670410156,72.0,72.40802675585284,1,25,125,3.166519823788546,718.8,4.994672349493873,600.0,"1
",395.81497797356826,380.0013675370405,0.6618979564775389,10,4.983084315982032
166,AdaptiveRandomForestExecutorMAXChunk,airlines,4,500,245,95.77906036376952,11500.0,120.06800079345705,5177.0,65.17272727272727,3,25,124,5.7315555555555555,1289.6,244.52849680499205,29351.0,"3
",710.7128888888889,688.1764169921876,0.06180112077294686,90,95.77905790055162
38,AdaptiveRandomForestExecutorMAXChunk,airlines,4,500,154,94.45584869384766,11500.0,121.75,5221.0,64.97272727272727,2,25,126,5.632314410480348,1289.7999999999997,,,,709.6716157205238,685.7342794759825,0.06171057528004555,50,94.45585215605749
63,AdaptiveRandomForestExecutorMAXChunk,airlines,4,500,136,102.75379943847656,12500.0,121.6500015258789,4766.0,65.14166666666667,3,25,126,5.6554585152838435,1295.1000000000001,134.7764956447225,16200.0,"3
",712.5877729257643,687.9865370138244,0.057007021834061145,10,102.75380060180964
184,AdaptiveRandomForestExecutorMAXChunk,airlines,4,500,85,82.62892150878906,10000.0,121.02300262451172,5787.0,64.91578947368421,2,25,125,5.234513274336283,1183.0,84.87057237712487,10200.0,"2
",654.3141592920354,633.4965137380415,0.06543141592920354,90,82.62891998330426
0,AdaptiveRandomForestExecutorMAXChunk,airlines,4,500,27,24.27263069152832,3000.0,123.59600067138672,13996.0,71.36,3,25,127,3.4385281385281385,794.3,24.968165588874186,3000.0,"3
",436.6930735930736,424.98832611810593,0.14556435786435787,50,24.272630050355016
210,AdaptiveRandomForestExecutorMAXChunk,airlines,4,500,17,15.00600242614746,1800.0,119.9520034790039,20366.0,73.23076923076923,2,25,127,3.2943478260869568,757.7,14.98252039287498,1800.0,"2
",418.3821739130435,395.16362189583157,0.23243454106280195,10,15.006001965736798
45,StreamingRandomPatchesExecutorMAXChunk,GMSC,4,500,758,749.9750366210938,90000.0,120.00399780273438,626.0,93.4804469273743,3,25,124,4.970222222222222,1118.3,752.8131970569631,90449.0,"3
",616.3075555555555,596.446536634657,0.006847861728395061,90,749.9750145653005
196,StreamingRandomPatchesExecutorMAXChunk,GMSC,4,500,421,417.01416015625,50000.0,119.9000015258789,991.0,93.38181818181818,3,25,125,4.1704845814977975,946.7,419.0032060623725,50316.0,"3
",521.3105726872247,500.0411076852404,0.010426211453744495,50,417.01417317503643
148,StreamingRandomPatchesExecutorMAXChunk,GMSC,4,500,278,274.8898620605469,32945.0,119.8479995727539,1416.0,93.49976883957466,2,25,125,3.725550660792951,845.6999999999999,274.461615362186,32945.0,"2
",465.6938325991189,446.4997940029866,0.014135493476980388,10,274.88986146990874
193,StreamingRandomPatchesExecutorMAXChunk,GMSC,4,500,154,149.74710083007812,17971.0,120.00900268554688,2277.0,93.61799553545876,2,25,124,3.308,744.3,149.75290770229122,18000.0,"2
",410.192,396.989780883789,0.0228252184074342,90,149.74709894963834
160,StreamingRandomPatchesExecutorMAXChunk,GMSC,4,500,84,79.16336822509766,9500.0,120.00499725341795,3702.0,93.55555555555556,3,25,124,3.178761061946902,718.3999999999999,79.87153993992995,9600.0,"3
",394.16637168141585,381.4672125082099,0.041491197019096406,50,79.16337000482223
161,StreamingRandomPatchesExecutorMAXChunk,GMSC,4,500,30,30.008501052856445,3600.0,119.96600341796876,9431.0,94.3225806451613,2,25,125,3.0805309734513275,696.2,29.961299987516124,3600.0,"2
",385.06637168141594,369.5589892902206,0.10696288102261554,10,30.008501554039302
191,StreamingRandomPatches,GMSC,1,1,264,231.94866943359372,27835.0,120.00499725341795,7794.0,93.54769175498473,1,25,124,3.7177777777777776,836.5,259.4953054576658,31148.0,"1
",461.0044444444444,446.1519120110405,0.01656204219308225,90,231.94867411412912
71,StreamingRandomPatches,GMSC,1,1,147,144.75099182128906,17372.0,120.01300048828124,1091.0,93.570112825236,1,25,125,3.4730088495575226,784.9000000000001,144.76114411221485,17400.0,"1
",434.12610619469035,416.806212757752,0.024989989995089244,50,144.75098472099532
176,StreamingRandomPatches,GMSC,1,1,29,25.00333404541016,3000.0,119.98400115966795,172.0,94.2,1,25,125,3.0330396475770924,688.5,24.968165588874186,3000.0,"1
",379.1299559471366,363.91623259220876,0.12637665198237885,10,25.003333536175116
182,OzaBagExecutorMAXChunk,GMSC,4,500,7613,6663.62646484375,131500.0,19.733999252319336,68.0,93.19236641221374,3,25,26,4.338775510204082,212.6,7552.870090634441,150000.0,"3
",112.80816326530612,85.6213926743488,0.0008578567548692481,90,6663.626481314719
205,OzaBagExecutorMAXChunk,GMSC,4,500,4229,4215.14111328125,150000.0,35.58599853515625,98.0,93.41939799331104,3,25,40,4.386486486486487,324.6,4200.268817204301,150000.0,"3
",175.45945945945948,156.09750168259083,0.00116972972972973,50,4215.140959212131
141,OzaBagExecutorMAXChunk,GMSC,4,500,1603,1595.659912109375,150000.0,94.00499725341795,223.0,93.39397993311036,2,25,99,3.4844444444444447,627.2,1594.0150049945803,150000.0,"2
",344.96000000000004,327.55519042968746,0.0022997333333333336,10,1595.659851950542
78,OzaBagExecutorMAXChunk,GMSC,4,500,890,887.3592529296875,106484.0,120.0009994506836,370.0,93.4141002415459,2,25,126,3.2764192139737993,750.3000000000001,887.1194535273611,106622.0,"2
",412.8288209606987,393.17358029627906,0.0038769094038606615,90,887.3592760680411
3,OzaBagExecutorMAXChunk,GMSC,4,500,845,841.6737060546875,101000.0,119.9990005493164,348.0,93.34129353233833,3,25,126,3.119736842105264,711.3000000000002,842.37723947975,101231.0,"3
",393.08684210526326,374.3653030295122,0.0038919489317352798,50,841.6736767610967
73,OzaBagExecutorMAXChunk,GMSC,4,500,178,174.9751739501953,20965.0,119.81700134277344,1593.0,93.65257757146348,2,25,126,3.103947368421053,707.7,174.7025099163361,20965.0,"2
",391.0973684210527,371.90566601000336,0.018654775503031372,10,174.97516850737367
48,OzaBagAdwinExecutorMAXChunk,GMSC,4,500,4351,3616.805419921875,135500.0,37.4640007019043,137.0,93.43629629629628,3,25,42,4.855844155844156,373.9,4321.645682675962,150000.0,"3
",203.94545454545454,181.9193488628833,0.0015051325058705132,90,3616.8053988188326
154,OzaBagAdwinExecutorMAXChunk,GMSC,4,500,2417,2408.55517578125,150000.0,62.27799987792969,162.0,93.44682274247492,3,25,68,4.037903225806452,500.7,2404.1158463289153,150000.0,"3
",274.5774193548387,251.4725366038661,0.0018305161290322579,50,2408.555192748853
131,OzaBagAdwinExecutorMAXChunk,GMSC,4,500,1542,1532.4261474609375,150000.0,97.88400268554688,239.0,93.45484949832776,2,25,103,3.645989304812834,681.8,1531.4873805439843,150000.0,"2
",375.5368983957219,356.8840269037746,0.002503579322638146,10,1532.4260950165287
72,OzaBagAdwinExecutorMAXChunk,GMSC,4,500,857,853.6248168945312,102429.0,119.99299621582033,395.0,93.45721041116856,2,25,126,3.3786026200873365,773.7,852.289463392716,102429.0,"2
",425.70393013100437,405.4086514069004,0.004156087925597286,90,853.62482170018
24,OzaBagAdwinExecutorMAXChunk,GMSC,4,500,483,479.102783203125,57500.0,120.01599884033205,652.0,93.34210526315788,3,25,126,3.2574561403508775,742.7,478.81694644284573,57504.0,"3
",410.43947368421055,390.94685236278343,0.007138077803203662,50,479.10279092454465
198,OzaBagAdwinExecutorMAXChunk,GMSC,4,500,171,170.0014190673828,20400.0,119.9990005493164,1650.0,93.61306532663318,2,25,126,3.049122807017544,695.2,169.72702237235114,20400.0,"2
",384.18947368421055,365.89168939423143,0.0188328173374613,10,170.00141590026112
153,OzaBagAdwin,GMSC,1,1,1541,1413.8031005859375,145814.0,103.13600158691406,3984.0,93.45261771846324,1,25,110,3.633000000000001,726.6000000000001,1531.9096786053494,150000.0,"1
",399.6300000000001,374.6930937652589,0.0027406833363051567,90,1413.803111972696
177,OzaBagAdwin,GMSC,1,1,856,852.231201171875,102272.0,120.00499725341795,593.0,93.41755319148936,1,25,127,3.4103896103896094,787.7999999999997,852.3036470598024,102429.0,"1
",433.1194805194804,409.2637958278902,0.004234976147131966,50,852.2311765403346
105,OzaBagAdwin,GMSC,1,1,171,169.71226501464844,20367.0,120.00900268554688,80.0,93.53365738694949,1,25,126,3.0235807860262,692.3999999999999,169.71996206259672,20400.0,"1
",380.9711790393012,362.8569146701862,0.018705316396096686,10,169.71226778183095
195,OzaBagASHTExecutorMAXChunk,GMSC,4,500,7882,7023.4287109375,134000.0,19.07900047302246,66.0,93.387265917603,3,25,25,4.472340425531914,210.19999999999996,7784.928378658916,150000.0,"3
",111.80851063829785,85.32778509424085,0.0008343918704350585,90,7023.428726755095
64,OzaBagASHTExecutorMAXChunk,GMSC,4,500,4379,4248.50830078125,146000.0,34.3650016784668,90.0,93.35051546391752,3,25,40,4.091891891891891,302.79999999999995,4345.8106385444435,150000.0,"3
",163.67567567567565,140.61787173296952,0.0011210662717512031,50,4248.508449556806
169,OzaBagASHTExecutorMAXChunk,GMSC,4,500,1680,1675.1541748046875,150000.0,89.54399871826172,215.0,93.40869565217392,2,25,95,3.539884393063584,612.4000000000001,1673.0054986114053,150000.0,"2
",336.2890173410405,316.97540355528025,0.0022419267822736035,10,1675.154138156763
76,OzaBagASHTExecutorMAXChunk,GMSC,4,500,933,926.8233642578124,111229.0,120.01100158691406,354.0,93.35946319392392,2,25,126,3.3039301310043667,756.6,926.9051580698836,111414.0,"2
",416.2951965065502,396.50796419501825,0.0037426857789474885,90,926.8233622685501
211,OzaBagASHTExecutorMAXChunk,GMSC,4,500,875,870.9059448242188,104500.0,119.98999786376952,324.0,93.28653846153846,3,25,126,3.126315789473684,712.8,872.240574476406,104825.0,"3
",393.9157894736842,375.1266249004163,0.0037695290858725757,50,870.9059243308258
7,OzaBagASHTExecutorMAXChunk,GMSC,4,500,186,184.98147583007807,22163.0,119.81199645996094,1512.0,93.62969117850712,2,25,125,3.0179824561403503,688.0999999999999,184.68397150118747,22163.0,"2
",377.2478070175438,361.5905033513119,0.01702151364966583,10,184.9814764367647
55,OzaBagASHT,GMSC,1,1,2018,1781.2154541015625,143240.0,80.41699981689453,4125.0,93.37824629991624,1,25,87,3.6784810126582275,581.1999999999999,2005.106337472764,150000.0,"1
",320.0278481012658,295.8124069213867,0.0022342072612487143,90,1781.215418706869
16,OzaBagASHT,GMSC,1,1,1121,1111.8031005859375,133353.0,119.94300079345705,527.0,93.37547711712524,1,25,127,3.4008695652173917,782.2,1115.8668143915097,133952.0,"1
",431.9104347826087,407.91050095931354,0.003238850530416329,50,1111.8030991206824
212,OzaBagASHT,GMSC,1,1,224,219.8531951904297,26356.0,119.87999725341795,82.0,93.47397177113372,1,25,127,3.0456521739130435,700.5,219.59673387768706,26356.0,"1
",386.79782608695655,365.11277424356206,0.014675892627369728,10,219.8531915569305
89,OzaBag,GMSC,1,1,2008,1822.8887939453125,143609.0,78.78099822998047,3456.0,93.44609321142823,1,25,86,3.643589743589744,568.4000000000001,1994.3360855171316,150000.0,"1
",313.348717948718,287.04563714051864,0.0021819573839294056,90,1822.8888085521737
189,OzaBag,GMSC,1,1,1115,200.44998168945312,24055.0,120.00499725341795,34767.0,93.5481188942008,1,25,126,3.648471615720525,835.5000000000002,1111.4097198532288,133577.0,"1
",459.70742358078616,437.83482622371497,0.019110680672657917,50,200.44998583852617
158,OzaBag,GMSC,1,1,223,219.8586883544922,26356.0,119.8769989013672,77.0,93.47397177113372,1,25,126,3.0432314410480354,696.9000000000001,219.58209751058087,26356.0,"1
",383.4471615720525,364.8134521151215,0.014548761631964353,10,219.8586905039663
183,LeveragingBag,GMSC,1,1,640,592.5185546875,71104.0,120.00299835205078,4963.0,93.40543429342937,1,25,126,3.6951965065502193,846.2000000000002,638.2897245277678,76672.0,"1
",465.5947598253276,443.4346602860498,0.006548081118155485,90,592.5185285071244
47,LeveragingBag,GMSC,1,1,356,354.60040283203125,42529.0,119.93499755859376,950.0,93.35982506054692,1,25,127,3.446956521739131,792.8000000000002,354.23711872594913,42529.0,"1
",437.76347826086965,413.4107220193616,0.01029329347647181,50,354.6004157729075
4,LeveragingBag,GMSC,1,1,71,69.8994140625,8388.0,120.0009994506836,89.0,93.44301382927992,1,25,126,3.079475982532751,705.2,69.89224944876648,8400.0,"1
",388.01397379912663,369.54019568830597,0.0462582229135821,10,69.8994178248256
10,LBagExecutorMAXChunk,GMSC,4,500,1947,1878.388916015625,145500.0,77.45999908447266,255.0,93.4903448275862,3,25,83,5.056291390728478,763.5000000000002,1937.6340196863616,150000.0,"3
",419.6721854304637,391.6603264966549,0.0028843449170478604,90,1878.3888680572732
98,LBagExecutorMAXChunk,GMSC,4,500,1082,1075.02685546875,129000.0,119.99700164794922,394.0,93.47859922178988,3,25,125,4.14070796460177,935.8,1076.1757967090189,129168.0,"3
",517.5884955752213,496.87254045199506,0.0040123139191877615,50,1075.0268609082755
5,LBagExecutorMAXChunk,GMSC,4,500,754,748.9871826171875,89850.0,119.96199798583984,525.0,93.4370453273643,2,25,126,3.7152838427947597,850.8,747.8401278444559,89850.0,"2
",468.12576419213974,445.6928728661683,0.0052100808479926515,10,748.9871918489201
117,LBagExecutorMAXChunk,GMSC,4,500,418,414.6919250488281,49717.0,119.88899993896484,867.0,93.35189060690412,2,25,126,3.5227074235807856,806.6999999999999,414.03575979147064,49717.0,"2
",443.861135371179,422.3338700906678,0.008927753793897037,90,414.6919235735621
152,LBagExecutorMAXChunk,GMSC,4,500,216,212.8050079345703,25500.0,119.8280029296875,1442.0,93.432,3,25,126,3.2703056768558945,748.8999999999999,214.60589901683053,25757.0,"3
",412.0585152838427,391.8741982272618,0.016159157462111478,50,212.8050153265331
26,LBagExecutorMAXChunk,GMSC,4,500,83,80.00133514404297,9600.0,119.9980010986328,3535.0,93.37362637362638,2,25,126,3.0482456140350878,695.0,79.87220447284345,9600.0,"2
",384.07894736842104,365.7833805418851,0.040008223684210524,10,80.00133262310965
18,AdaptiveRandomForestSequential,GMSC,1,1,464,422.0548095703125,50647.0,120.0009994506836,6216.0,93.39743716310936,1,25,126,3.7109649122807014,846.0999999999999,458.91209486692645,55108.0,"1
",467.58157894736837,445.31949840010253,0.009232167333649937,90,422.0548181418624
110,AdaptiveRandomForestSequential,GMSC,1,1,257,254.7342071533203,30549.0,119.9250030517578,953.0,93.53825002455072,1,25,125,3.4185022026431717,776.0,254.51773350996027,30549.0,"1
",427.31277533039645,409.9638870844231,0.01398778275329459,50,254.73420239827317
142,AdaptiveRandomForestSequential,GMSC,1,1,51,49.95583724975586,5995.0,120.00599670410156,191.0,93.7114261884904,1,25,125,3.089867841409692,701.4000000000001,49.92802043720303,6000.0,"1
",386.2334801762115,370.8026699923209,0.06442593497518123,10,49.9558369135657
52,AdaptiveRandomForestExecutorMAXChunk,GMSC,4,500,1491,1465.3465576171875,148000.0,101.0,326.0,93.5315254237288,3,25,106,5.1233160621761655,988.8,1482.8435006969364,150000.0,"3
",543.0715025906735,517.4549222797928,0.0036694020445315776,90,1465.3465346534654
92,AdaptiveRandomForestExecutorMAXChunk,GMSC,4,500,828,820.97705078125,98500.0,119.97899627685548,505.0,93.4908163265306,3,25,124,4.151555555555556,934.1000000000001,822.4940706528523,98835.0,"3
",514.792888888889,498.09946854315876,0.005226323745064863,50,820.9770297853469
84,AdaptiveRandomForestExecutorMAXChunk,GMSC,4,500,562,557.2189331054688,67000.0,120.23999786376952,733.0,93.45413533834586,2,25,124,3.871111111111111,871.0,558.6104681177039,67088.0,"2
",480.0177777777778,465.4623917304144,0.007164444444444445,10,557.2189054420161
135,AdaptiveRandomForestExecutorMAXChunk,GMSC,4,500,312,309.8448181152344,37138.0,119.86000061035156,1126.0,93.52038866750368,2,25,125,3.4982378854625553,794.1,309.3647435149859,37138.0,"2
",437.2797356828194,419.2987950866968,0.011774455697205541,90,309.84481737765503
2,AdaptiveRandomForestExecutorMAXChunk,GMSC,4,500,165,162.74411010742188,19500.0,119.81999969482422,1868.0,93.58947368421052,3,25,124,3.1759999999999997,714.5999999999999,164.71539160215653,19767.0,"3
",393.82399999999996,380.54831903076166,0.02019610256410256,50,162.74411658876284
172,AdaptiveRandomForestExecutorMAXChunk,GMSC,4,500,62,60.0004997253418,7200.0,119.9990005493164,4669.0,93.6268656716418,2,25,124,3.024,680.4,59.90764238465699,7200.0,"2
",374.976,362.8769776611328,0.05208,10,60.00049972950392
