,algorithm,dataset,cores,batch_size,inc_rate,out_rate,instances,time,delay,duration,avg_measure,sum_measure,prod_rate,tt_inst_prod,joules,JPI,PERC,tput
20,StreamingRandomPatchesExecutorMAXChunk,elecNormNew,4,2000,42,40.005001068115234,4800.0,119.98500061035156,29240.0,126,3.9822834645669296,1011.5000000000001,39.942416349762425,4800.0,477.814283926656,0.09954464248472,90,40.005000421576746
94,StreamingRandomPatchesExecutorMAXChunk,elecNormNew,4,2000,23,20.005836486816406,2400.0,119.96499633789062,55531.0,124,4.067200000000001,1016.8000000000001,19.97469871496105,2400.0,487.9216331054688,0.203300680460612,50,20.005835645926382
115,StreamingRandomPatchesExecutorMAXChunk,elecNormNew,4,2000,4,20.006668090820312,2400.0,119.95999908447266,54993.0,126,3.9539370078740155,1004.3,19.97436623000483,2400.0,474.3142798446294,0.19763094993526226,10,20.006669042319544
156,StreamingRandomPatchesExecutorMAXChunk,elecNormNew,4,500,42,40.00433349609375,4800.0,119.98699951171876,7425.0,124,3.9412000000000003,985.3000000000001,39.94175161223216,4800.0,472.89276247558604,0.09851932551574709,90,40.004333965624326
72,StreamingRandomPatchesExecutorMAXChunk,elecNormNew,4,500,23,20.007169723510746,2400.0,119.95700073242188,14285.0,125,4.142460317460317,1043.9,19.97519746314992,2400.0,496.91711533561585,0.2070487980565066,50,20.00716911348493
130,StreamingRandomPatchesExecutorMAXChunk,elecNormNew,4,500,4,20.00616836547852,2400.0,119.96299743652344,14320.0,125,3.9646825396825403,999.1000000000001,19.974532471099348,2400.0,475.61520134456583,0.19817300056023576,10,20.00616899615169
159,StreamingRandomPatchesExecutorMAXChunk,elecNormNew,4,50,42,39.97168731689453,4800.0,120.08499908447266,734.0,124,4.2672,1066.8,39.94175161223216,4800.0,512.4267080932617,0.10675556418609619,90,39.97168702664923
71,StreamingRandomPatchesExecutorMAXChunk,elecNormNew,4,50,23,19.98101806640625,2400.0,120.11399841308594,1369.0,124,4.0908,1022.7,19.97519746314992,2400.0,491.36234470825195,0.20473431029510497,50,19.981018296852646
37,StreamingRandomPatchesExecutorMAXChunk,elecNormNew,4,50,4,19.98567771911621,2400.0,120.08599853515624,1382.0,125,3.951190476190476,995.6999999999999,19.97486496159,2400.0,474.4826537359328,0.19770110572330532,10,19.985677175323474
161,OzaBagExecutorMAXChunk,elecNormNew,4,2000,835,824.2085571289062,44832.0,54.39400100708008,1655.0,59,3.725000000000001,447.0000000000001,830.2094212059583,45312.0,202.61765375137335,0.004519487280321497,90,824.2085371540244
160,OzaBagExecutorMAXChunk,elecNormNew,4,2000,463,459.1951293945313,45312.0,98.677001953125,2664.0,105,3.7235849056603776,789.4000000000001,458.31731839054885,45312.0,367.43219500847584,0.008108937919502027,50,459.19514277019454
116,OzaBagExecutorMAXChunk,elecNormNew,4,2000,92,89.9894790649414,10782.0,119.81400299072266,11682.0,126,3.721259842519685,945.2,89.84775380615484,10782.0,445.85903790090964,0.04135216452429138,10,89.98948145347305
88,OzaBagExecutorMAXChunk,elecNormNew,4,500,835,832.7727661132812,45312.0,54.4109992980957,389.0,60,3.741803278688525,456.50000000000006,829.9053096210554,45312.0,203.59525557033353,0.004493186254641895,90,832.7727956576208
91,OzaBagExecutorMAXChunk,elecNormNew,4,500,463,459.24169921875,45312.0,98.66699981689452,671.0,104,4.132380952380952,867.8000000000001,458.36831723230995,45312.0,407.72963067190983,0.008998270450916088,50,459.2416926032987
110,OzaBagExecutorMAXChunk,elecNormNew,4,500,92,89.9894790649414,10782.0,119.81400299072266,2947.0,126,4.155905511811024,1055.6000000000001,89.84925125623953,10782.0,497.9356754212869,0.04618212534050147,10,89.98948145347305
144,OzaBagExecutorMAXChunk,elecNormNew,4,50,835,832.7268676757812,45312.0,54.41400146484375,40.0,60,3.977868852459017,485.30000000000007,830.0573375588489,45312.0,216.4517615646613,0.004776919172948917,90,832.7268493436483
140,OzaBagExecutorMAXChunk,elecNormNew,4,50,463,459.16259765625,45312.0,98.68399810791016,63.0,104,4.256190476190476,893.8,458.35440733172834,45312.0,420.01789289928615,0.009269462678744839,50,459.16258835046074
41,OzaBagExecutorMAXChunk,elecNormNew,4,50,92,89.98873138427734,10782.0,119.81500244140624,286.0,126,4.303937007874016,1093.2,89.84700509983,10782.0,515.6762231060839,0.04782751095400518,10,89.98873079581814
157,OzaBagAdwinExecutorMAXChunk,elecNormNew,4,2000,718,708.9326171875,44952.0,63.40800094604492,1993.0,68,3.7289855072463762,514.5999999999999,712.497641361092,45312.0,236.44751657126602,0.005259999923724551,90,708.932616220633
8,OzaBagAdwinExecutorMAXChunk,elecNormNew,4,2000,399,394.3877868652344,45312.0,114.89199829101562,3099.0,121,3.727459016393443,909.5000000000001,393.746904300524,45312.0,428.25521494130624,0.009451253860816257,50,394.3877787313525
35,OzaBagAdwinExecutorMAXChunk,elecNormNew,4,2000,79,74.88021850585938,8986.0,120.00499725341795,13821.0,126,3.84251968503937,976.0,74.87645385114561,9000.0,461.12156424935404,0.05131555355545894,10,74.88021503824552
43,OzaBagAdwinExecutorMAXChunk,elecNormNew,4,500,718,714.6213989257812,45312.0,63.40700149536133,493.0,68,3.7413043478260866,516.3,712.5088450349871,45312.0,237.2248903772105,0.005235365695118522,90,714.6213971861592
99,OzaBagAdwinExecutorMAXChunk,elecNormNew,4,500,399,394.3877868652344,45312.0,114.89199829101562,769.0,121,4.2139344262295095,1028.2000000000003,393.72979736540265,45312.0,484.14734689681273,0.010684749004608331,50,394.3877787313525
101,OzaBagAdwinExecutorMAXChunk,elecNormNew,4,500,79,74.88208770751953,8986.0,120.0019989013672,3567.0,126,4.176771653543307,1060.9,74.88081470326397,9000.0,501.2209473797656,0.055777982125502515,10,74.8820859841329
104,OzaBagAdwinExecutorMAXChunk,elecNormNew,4,50,718,714.0921020507812,45312.0,63.45399856567383,48.0,69,3.9871428571428575,558.2,712.5200490612322,45312.0,253.00015713827952,0.005583513354923189,90,714.0921143543513
48,OzaBagAdwinExecutorMAXChunk,elecNormNew,4,50,399,394.2882690429688,45312.0,114.9209976196289,76.0,121,4.046311475409835,987.2999999999998,393.6819058541417,45312.0,465.0061514338508,0.010262317960669377,50,394.28825835619574
55,OzaBagAdwinExecutorMAXChunk,elecNormNew,4,50,79,74.87834167480469,8986.0,120.00800323486328,330.0,125,3.9083333333333337,984.9000000000001,74.87707679892176,9000.0,469.0312793095907,0.052195780025549816,10,74.87833942552838
40,OzaBagASHTExecutorMAXChunk,elecNormNew,4,2000,377,374.69036865234375,44925.0,119.89900207519533,3193.0,125,3.7257936507936513,938.9000000000001,374.1100054128326,44925.0,446.7189406682576,0.009943660337635116,90,374.69035790493933
92,OzaBagASHTExecutorMAXChunk,elecNormNew,4,2000,209,204.9213104248047,24559.0,119.84600067138672,5514.0,126,4.036220472440944,1025.1999999999998,204.60036323041803,24559.0,483.7248814500222,0.01969644046785383,50,204.92131454048155
131,OzaBagASHTExecutorMAXChunk,elecNormNew,4,2000,41,40.00566864013672,4800.0,119.98300170898438,24383.0,126,3.72755905511811,946.8,39.942416349762425,4800.0,447.24372448057636,0.09317577593345341,10,40.005666899735296
33,OzaBagASHTExecutorMAXChunk,elecNormNew,4,500,377,374.6653747558594,44925.0,119.90699768066406,775.0,126,4.090944881889763,1039.1,374.08196912418606,44925.0,490.53291846448036,0.010918929737662335,90,374.6653729054589
90,OzaBagASHTExecutorMAXChunk,elecNormNew,4,500,209,204.9247283935547,24559.0,119.84400177001952,1369.0,125,4.149206349206349,1045.6,204.59695424705922,24559.0,497.2574930584619,0.020247465005027155,50,204.92473246286193
30,OzaBagASHTExecutorMAXChunk,elecNormNew,4,500,41,40.005001068115234,4800.0,119.98500061035156,6411.0,126,4.062204724409449,1031.8000000000002,39.94175161223216,4800.0,487.40363633764076,0.10154242423700849,10,40.005000421576746
111,OzaBagASHTExecutorMAXChunk,elecNormNew,4,50,377,374.6153869628906,44925.0,119.9229965209961,50.0,125,3.894444444444445,981.4000000000001,374.0726246284254,44925.0,467.0334475623237,0.01039584746938951,90,374.61538906872244
16,OzaBagASHTExecutorMAXChunk,elecNormNew,4,50,209,204.8905487060547,24559.0,119.86399841308594,131.0,126,4.140551181102362,1051.6999999999998,204.5918409850132,24559.0,496.3030202009546,0.02020860052123273,50,204.89054532756865
17,OzaBagASHTExecutorMAXChunk,elecNormNew,4,50,41,40.0009994506836,4800.0,119.99700164794922,632.0,125,3.9738095238095235,1001.3999999999999,39.942083978231565,4800.0,476.8452279772077,0.09934275582858493,10,40.00099947565676
162,LBagExecutorMAXChunk,elecNormNew,4,2000,287,282.5417785644531,33868.0,119.86900329589844,4753.0,127,3.972656250000001,1017.0000000000002,284.38517728783347,34143.0,476.19834512472164,0.01406042119773006,90,282.5417670020692
135,LBagExecutorMAXChunk,elecNormNew,4,2000,159,154.97412109375,18569.0,119.81999969482422,8016.0,125,4.32579365079365,1090.1,154.72232637586967,18569.0,518.3165939179677,0.027913005219342327,50,154.97412825316601
27,LBagExecutorMAXChunk,elecNormNew,4,2000,31,30.00800132751465,3600.0,119.96800231933594,35801.0,127,4.283203125000001,1096.5000000000002,29.959305276998744,3600.0,513.847322434187,0.14273536734282974,10,30.008001553759033
141,LBagExecutorMAXChunk,elecNormNew,4,500,287,284.809814453125,34143.0,119.87999725341795,1192.0,125,3.9742063492063493,1001.5,284.3638604790619,34143.0,476.4278462273733,0.013953895270695994,90,284.80981633511453
120,LBagExecutorMAXChunk,elecNormNew,4,500,159,154.9573211669922,18569.0,119.83300018310548,1972.0,126,3.918897637795275,995.3999999999999,154.7133025611971,18569.0,469.6132613474928,0.025290175095454403,50,154.95731536076428
80,LBagExecutorMAXChunk,elecNormNew,4,500,31,30.00750160217285,3600.0,119.97000122070312,9158.0,126,4.0350393700787395,1024.8999999999999,29.959055956858958,3600.0,484.08367815393154,0.1344676883760921,10,30.007501570140445
38,LBagExecutorMAXChunk,elecNormNew,4,50,287,284.70770263671875,34143.0,119.9229965209961,109.0,126,4.027165354330709,1022.9000000000001,284.3567555862781,34143.0,482.9497367768776,0.014144912186301076,90,284.70769569222904
12,LBagExecutorMAXChunk,elecNormNew,4,50,159,154.93275451660156,18569.0,119.85199737548828,201.0,125,3.9210317460317463,988.1,154.71201353073994,18569.0,469.9434865346031,0.025307958777241808,50,154.93275378485822
146,LBagExecutorMAXChunk,elecNormNew,4,50,31,30.00124931335449,3600.0,119.99500274658205,876.0,126,4.386220472440945,1114.1,29.959305276998744,3600.0,526.3245376376656,0.1462012604549071,10,30.001249365382783
74,AdaptiveRandomForestExecutorMAXChunk,elecNormNew,4,2000,175,174.6956329345703,20935.0,119.83699798583984,8056.0,125,4.096428571428572,1032.3000000000002,174.6719433451364,20965.0,490.90370246342263,0.0234489468575793,90,174.69563116454
63,AdaptiveRandomForestExecutorMAXChunk,elecNormNew,4,2000,97,94.99207305908205,11381.0,119.80999755859376,13819.0,125,3.9400793650793653,992.9000000000001,94.84008599856669,11381.0,472.06089911082444,0.04147798076714036,50,94.99207271441648
81,AdaptiveRandomForestExecutorMAXChunk,elecNormNew,4,2000,19,15.00600242614746,1800.0,119.9520034790039,76649.0,141,3.96443661971831,1125.9,14.981772177184425,1800.0,475.5421152007412,0.2641900640004118,10,15.006001965736798
148,AdaptiveRandomForestExecutorMAXChunk,elecNormNew,4,500,175,174.94158935546875,20965.0,119.83999633789062,2018.0,125,4.170238095238096,1050.9,174.66757756523478,20965.0,499.7613180614654,0.02383788781595351,90,174.94159413096838
108,AdaptiveRandomForestExecutorMAXChunk,elecNormNew,4,500,97,94.84288787841795,11382.0,120.00900268554688,3374.0,125,3.9353174603174605,991.7,94.84193011647254,11400.0,472.27352366371764,0.04149301736634314,50,94.84288466110864
60,AdaptiveRandomForestExecutorMAXChunk,elecNormNew,4,500,19,15.005376815795898,1800.0,119.95700073242188,18269.0,124,4.104,1026.0,14.981772177184425,1800.0,492.3035310058594,0.27350196166992186,10,15.005376835113697
50,AdaptiveRandomForestExecutorMAXChunk,elecNormNew,4,50,175,174.88467407226562,20965.0,119.87899780273438,179.0,124,4.1176,1029.4,174.6661223537645,20965.0,493.6137613525391,0.02354465830443783,90,174.88467858647547
15,AdaptiveRandomForestExecutorMAXChunk,elecNormNew,4,50,97,94.98889923095705,11381.0,119.81400299072266,321.0,124,3.9699999999999998,992.4999999999999,,,475.6615918731689,0.04179435830534829,50,94.9888970897771
153,AdaptiveRandomForestExecutorMAXChunk,elecNormNew,4,50,19,14.998499870300291,1800.0,120.01200103759766,1786.0,123,4.360887096774194,1081.5,14.982146275688137,1800.0,523.3587867829108,0.29075488154606155,10,14.998500020311232
36,StreamingRandomPatchesExecutorMAXChunk,covtypeNorm,4,2000,42,40.0086669921875,4800.0,119.9739990234375,34001.0,128,3.723643410852713,960.7,39.946072801717676,4800.0,446.7403909372729,0.09307091477859851,90,40.008668870513326
117,StreamingRandomPatchesExecutorMAXChunk,covtypeNorm,4,2000,23,,,,,614,3.7182113821138207,4573.4,19.97619503425085,2400.0,,,50,
57,StreamingRandomPatchesExecutorMAXChunk,covtypeNorm,4,2000,4,,,,,618,3.8442649434571896,4759.200000000001,19.97652758009339,2400.0,,,10,
19,StreamingRandomPatchesExecutorMAXChunk,covtypeNorm,4,500,42,40.0073356628418,4800.0,119.97799682617188,8792.0,125,4.041269841269841,1018.4,39.94407829039345,4800.0,484.8634601895771,0.10101322087282856,90,40.00733573635506
93,StreamingRandomPatchesExecutorMAXChunk,covtypeNorm,4,500,23,20.0073356628418,2400.0,119.95600128173828,15623.0,126,3.9795275590551182,1010.8000000000001,19.97602876548142,2400.0,477.3682129747286,0.19890342207280357,50,20.00733580942872
85,StreamingRandomPatchesExecutorMAXChunk,covtypeNorm,4,500,4,20.00800323486328,2400.0,119.9520034790039,16125.0,126,3.9673228346456697,1007.7000000000002,19.97619503425085,2400.0,475.88832246374903,0.1982868010265621,10,20.0080026209824
103,StreamingRandomPatchesExecutorMAXChunk,covtypeNorm,4,50,42,39.92879486083984,4800.0,120.21399688720705,872.0,125,3.871031746031746,975.5,39.94540794247861,4800.0,465.35219826774,0.0969483746391125,90,39.928794685228596
26,StreamingRandomPatchesExecutorMAXChunk,covtypeNorm,4,50,23,19.967552185058597,2400.0,120.19499969482422,1507.0,124,3.956,989.0,19.975862499479796,2400.0,475.49141879272463,0.1981214244969686,50,19.967552777516648
25,StreamingRandomPatchesExecutorMAXChunk,covtypeNorm,4,50,4,19.966556549072266,2400.0,120.20099639892578,1519.0,125,3.9392857142857145,992.7,19.97602876548142,2400.0,473.50606795719693,0.19729419498216538,10,19.966556616842226
49,OzaBagExecutorMAXChunk,covtypeNorm,4,2000,85,81.39942169189453,10000.0,122.85099792480467,16186.0,127,3.7,14.8,84.86139305800526,10200.0,454.5486923217773,0.04545486923217773,90,81.39942018314622
46,OzaBagExecutorMAXChunk,covtypeNorm,4,2000,47,45.009376525878906,5400.0,119.9749984741211,25725.0,130,3.7362831858407084,844.4000000000001,44.938957915498115,5400.0,448.2605695201233,0.08301121657780061,50,45.009377525975076
61,OzaBagExecutorMAXChunk,covtypeNorm,4,2000,9,5.00287675857544,600.0,119.93099975585938,63174.0,129,3.7403846153846154,972.5,4.994755506717946,600.0,448.58806639451245,0.7476467773241874,10,5.002876664260328
0,OzaBagExecutorMAXChunk,covtypeNorm,4,500,85,84.86524963378906,10184.0,120.0019989013672,4223.0,125,4.319444444444445,1088.5,84.86139305800526,10200.0,518.3419674767389,0.050897679445869884,90,84.86525302274754
4,OzaBagExecutorMAXChunk,covtypeNorm,4,500,47,45.00900268554688,5400.0,119.97599792480467,6993.0,127,3.9960937500000004,1023.0000000000001,44.93858393528844,5400.0,479.435335457325,0.0887843213809861,50,45.009002578869705
114,OzaBagExecutorMAXChunk,covtypeNorm,4,500,9,5.002709865570068,600.0,119.93499755859376,45555.0,126,4.080314960629922,1036.4,4.9946307719201855,600.0,489.3725648414433,0.8156209414024055,10,5.0027099029778395
84,OzaBagExecutorMAXChunk,covtypeNorm,4,50,85,84.99432373046875,10183.0,119.80799865722656,430.0,125,4.248809523809524,1070.7,84.85762618644844,10183.0,509.0413657233829,0.04998933180039113,90,84.99432520472858
83,OzaBagExecutorMAXChunk,covtypeNorm,4,50,47,44.94531631469727,5400.0,120.14600372314452,690.0,126,4.070472440944882,1033.9,44.93820996130321,5400.0,489.05099704472093,0.0905649994527261,50,44.9453151387653
158,OzaBagExecutorMAXChunk,covtypeNorm,4,50,9,4.999166965484619,600.0,120.0199966430664,5121.0,125,4.092857142857143,1031.4,4.994672349493873,600.0,491.2247005462647,0.8187078342437746,10,4.999166945358036
128,OzaBagAdwinExecutorMAXChunk,covtypeNorm,4,2000,59,55.004127502441406,6600.0,119.99099731445312,21764.0,127,3.720312500000001,952.4000000000002,54.9157957798043,6600.0,446.4040071964265,0.06763697078733735,90,55.004126540458536
132,OzaBagAdwinExecutorMAXChunk,covtypeNorm,4,2000,33,30.008501052856445,3600.0,119.96600341796876,35713.0,130,3.7156488549618323,973.5000000000001,29.961299987516124,3600.0,445.7515432343229,0.12381987312064525,50,30.008501554039302
121,OzaBagAdwinExecutorMAXChunk,covtypeNorm,4,2000,6,5.002668380737305,600.0,119.93599700927734,63390.0,128,3.717054263565892,959.0000000000001,4.994713927759788,600.0,445.80860903836043,0.7430143483972674,10,5.002668214394287
78,OzaBagAdwinExecutorMAXChunk,covtypeNorm,4,500,59,54.143653869628906,6500.0,120.0510025024414,6160.0,125,4.1876984126984125,1055.3,54.916252714610216,6600.0,502.73739262232704,0.07734421424958877,90,54.14365448441643
67,OzaBagAdwinExecutorMAXChunk,covtypeNorm,4,500,33,30.009504318237305,3600.0,119.96199798583984,9778.0,126,3.9456692913385827,1002.2,29.96179870664902,3600.0,473.33037158034915,0.1314806587723192,50,30.009503513145383
109,OzaBagAdwinExecutorMAXChunk,covtypeNorm,4,500,6,5.002626419067383,600.0,119.93699645996094,46542.0,126,4.297244094488189,1091.5,4.994713927759788,600.0,515.398549748218,0.8589975829136967,10,5.0026265265055265
66,OzaBagAdwinExecutorMAXChunk,covtypeNorm,4,50,59,54.94048309326172,6600.0,120.12999725341795,571.0,126,3.933070866141733,999.0000000000001,54.91442502100893,6600.0,472.47979234710454,0.07158784732531887,90,54.94048240155284
76,OzaBagAdwinExecutorMAXChunk,covtypeNorm,4,50,33,29.975021362304688,3600.0,120.0999984741211,933.0,126,3.8657480314960626,981.8999999999999,29.961299987516124,3600.0,464.27633268401377,0.1289656479677816,50,29.97502119682142
24,OzaBagAdwinExecutorMAXChunk,covtypeNorm,4,50,6,4.997542858123779,600.0,120.05899810791016,5235.0,125,3.956746031746032,997.1,4.994755506717946,600.0,475.0429643388779,0.7917382738981298,10,4.997542953512858
5,OzaBagASHTExecutorMAXChunk,covtypeNorm,4,2000,61,60.0,7200.0,120.0,19913.0,128,3.722093023255814,960.3,59.90714392691328,7200.0,446.65116279069764,0.06203488372093023,90,60.0
10,OzaBagASHTExecutorMAXChunk,covtypeNorm,4,2000,33,30.009002685546875,3600.0,119.96399688720705,35048.0,131,3.723863636363637,983.1000000000001,29.962048072441572,3600.0,446.72956568111084,0.1240915460225308,50,30.00900347947563
97,OzaBagASHTExecutorMAXChunk,covtypeNorm,4,2000,6,5.002668380737305,600.0,119.93599700927734,63144.0,128,3.7093023255813957,957.0000000000001,4.994797086368366,600.0,444.8788726274358,0.741464787712393,10,5.002668214394287
22,OzaBagASHTExecutorMAXChunk,covtypeNorm,4,500,61,60.0,7200.0,120.0,5138.0,125,4.182936507936508,1054.1,59.90564860344957,7200.0,501.9523809523809,0.06971560846560845,90,60.0
2,OzaBagASHTExecutorMAXChunk,covtypeNorm,4,500,33,30.008501052856445,3600.0,119.96600341796876,9320.0,126,3.9354330708661425,999.6000000000001,29.961299987516124,3600.0,472.11817723071493,0.13114393811964303,50,30.008501554039302
79,OzaBagASHTExecutorMAXChunk,covtypeNorm,4,500,6,5.002584457397461,600.0,119.93800354003906,45524.0,126,4.1586614173228345,1056.3,4.994713927759788,600.0,498.78154779269,0.8313025796544833,10,5.002584521091359
54,OzaBagASHTExecutorMAXChunk,covtypeNorm,4,50,61,59.91412353515625,7200.0,120.1719970703125,547.0,125,4.231349206349206,1066.3,59.90863932502933,7200.0,508.4896844288659,0.07062356728178694,90,59.914124550890904
45,OzaBagASHTExecutorMAXChunk,covtypeNorm,4,50,33,29.967287063598636,3600.0,120.13099670410156,951.0,126,4.009055118110236,1018.3000000000001,29.9625468164794,3600.0,481.6117871802623,0.1337810519945173,50,29.9672865352751
47,OzaBagASHTExecutorMAXChunk,covtypeNorm,4,50,6,4.998458862304688,600.0,120.03700256347656,5143.0,125,4.008333333333333,1010.0999999999999,4.994713927759788,600.0,481.1483186086018,0.8019138643476696,10,4.998458701788351
87,LBagExecutorMAXChunk,covtypeNorm,4,2000,66,65.00162506103516,7800.0,119.99700164794922,22060.0,132,3.9751879699248125,1057.4,64.89940592082272,7800.0,477.0106373779756,0.061155209920253285,90,65.00162414794224
11,LBagExecutorMAXChunk,covtypeNorm,4,2000,36,33.3155632019043,4000.0,120.06400299072266,36479.0,125,3.8257936507936505,964.0999999999999,34.953104584682215,4200.0,459.3401003307766,0.11483502508269415,50,33.3155642021121
44,LBagExecutorMAXChunk,covtypeNorm,4,2000,7,5.002542972564697,600.0,119.93900299072266,65191.0,130,3.905725190839695,1023.3000000000001,4.9946307719201855,600.0,468.448785345063,0.780747975575105,10,5.002542834597436
139,LBagExecutorMAXChunk,covtypeNorm,4,500,66,65.0,7800.0,120.0,5279.0,127,3.8656250000000005,989.6000000000001,64.89724602712373,7800.0,463.87500000000006,0.059471153846153854,90,65.0
65,LBagExecutorMAXChunk,covtypeNorm,4,500,36,35.009334564208984,4200.0,119.96800231933594,8705.0,125,3.8984126984126988,982.4000000000001,34.953104584682215,4200.0,467.6847836449033,0.11135351991545317,50,35.0093351460522
150,LBagExecutorMAXChunk,covtypeNorm,4,500,7,5.002668380737305,600.0,119.93599700927734,47589.0,126,3.9704724409448824,1008.5000000000001,4.994713927759788,600.0,476.2025708025835,0.7936709513376392,10,5.002668214394287
29,LBagExecutorMAXChunk,covtypeNorm,4,50,66,64.91938781738281,7800.0,120.14900207519533,545.0,126,3.882677165354331,986.2,64.89940592082272,7800.0,466.499786797471,0.059807664974034745,90,64.91939063395937
106,LBagExecutorMAXChunk,covtypeNorm,4,50,36,34.96590805053711,4200.0,120.11699676513672,873.0,125,4.278968253968253,1078.3,34.954559073204834,4200.0,513.9768159200274,0.1223754323619113,50,34.965909181131195
152,LBagExecutorMAXChunk,covtypeNorm,4,50,7,4.999499797821045,600.0,120.01200103759766,5183.0,126,4.284645669291338,1088.3,4.994755506717946,600.0,514.2089005087304,0.8570148341812173,10,4.99950000677041
6,AdaptiveRandomForestExecutorMAXChunk,covtypeNorm,4,2000,112,109.9853057861328,13178.0,119.81600189208984,13173.0,126,3.883070866141732,986.3,109.8139213186337,13178.0,465.25402624475674,0.03530535940543002,90,109.9853090730613
28,AdaptiveRandomForestExecutorMAXChunk,covtypeNorm,4,2000,62,60.00199890136719,7200.0,119.99600219726562,21243.0,127,3.8285156250000005,980.1000000000001,59.90564860344957,7200.0,459.40656934976585,0.06380646796524525,50,60.00199896796285
51,AdaptiveRandomForestExecutorMAXChunk,covtypeNorm,4,2000,12,10.004669189453123,1200.0,119.94400024414062,71651.0,136,4.176277372262773,1144.3,9.98892893709472,1200.0,500.91941415828506,0.4174328451319042,10,10.004668825097161
23,AdaptiveRandomForestExecutorMAXChunk,covtypeNorm,4,500,112,109.9853057861328,13178.0,119.81600189208984,3213.0,125,3.8369047619047625,966.9000000000001,109.81300623312556,13178.0,459.72258821214956,0.034885611489767,90,109.9853090730613
119,AdaptiveRandomForestExecutorMAXChunk,covtypeNorm,4,500,62,60.0004997253418,7200.0,119.9990005493164,5158.0,124,4.0164,1004.1,59.90764238465699,7200.0,481.9639858062744,0.06693944247309366,50,60.00049972950392
136,AdaptiveRandomForestExecutorMAXChunk,covtypeNorm,4,500,12,10.004669189453123,1200.0,119.94400024414062,26232.0,125,3.9503968253968256,995.5,9.989012086704625,1200.0,473.8263977898492,0.394855331491541,10,10.004668825097161
123,AdaptiveRandomForestExecutorMAXChunk,covtypeNorm,4,50,112,109.97980499267578,13178.0,119.8219985961914,316.0,124,3.998,999.5,109.80751604032997,13178.0,479.0483503875733,0.03635212857698993,90,109.97980466350583
105,AdaptiveRandomForestExecutorMAXChunk,covtypeNorm,4,50,62,59.967018127441406,7200.0,120.06600189208984,501.0,123,4.196774193548387,1040.8,,,503.8898982632544,0.06998470809211867,50,59.967017195017874
129,AdaptiveRandomForestExecutorMAXChunk,covtypeNorm,4,50,12,9.996251106262209,1200.0,120.04499816894533,2627.0,124,3.9536000000000002,988.4000000000001,9.98892893709472,1200.0,474.60990476074227,0.39550825396728523,10,9.996251558196368
3,StreamingRandomPatchesExecutorMAXChunk,GMSC,4,2000,126,124.79376220703124,14976.0,120.00599670410156,10794.0,125,4.029761904761905,1015.5,124.79201331114808,15000.0,483.5955938611712,0.032291372453336756,90,124.79376373937612
7,StreamingRandomPatchesExecutorMAXChunk,GMSC,4,2000,70,69.89108276367188,8387.0,120.0009994506836,17120.0,125,4.331349206349207,1091.5000000000002,69.88992337069116,8400.0,519.7662337318301,0.061972842939290576,50,69.891084560898
9,StreamingRandomPatchesExecutorMAXChunk,GMSC,4,2000,14,10.004502296447754,1200.0,119.9459991455078,68421.0,132,4.2672932330827065,1135.1,9.988762642027718,1200.0,511.8447504889695,0.42653729207414126,10,10.004502097183474
154,StreamingRandomPatchesExecutorMAXChunk,GMSC,4,500,126,124.98538970947266,14975.0,119.81400299072266,2580.0,125,3.953968253968254,996.4000000000001,124.78958684021933,14975.0,473.74076420617484,0.0316354433526661,90,124.98539090760144
118,StreamingRandomPatchesExecutorMAXChunk,GMSC,4,500,70,70.00116729736328,8400.0,119.9980010986328,4265.0,125,4.137301587301587,1042.6,69.89224944876648,8400.0,496.46792041839103,0.059103323859332264,50,70.00116604522094
98,StreamingRandomPatchesExecutorMAXChunk,GMSC,4,500,14,10.00458526611328,1200.0,119.94499969482422,25462.0,124,4.034800000000001,1008.7,9.988513209808719,1200.0,483.9540847686768,0.403295070640564,10,10.00458546044568
31,StreamingRandomPatchesExecutorMAXChunk,GMSC,4,50,126,124.98330688476562,14975.0,119.81600189208984,197.0,123,3.9709677419354836,984.8,69.88992337069116,8400.0,475.78547848116966,0.031771985207423685,90,124.9833057648424
133,StreamingRandomPatchesExecutorMAXChunk,GMSC,4,50,70,69.93275451660156,8392.0,120.0009994506836,426.0,124,4.0324,1008.1,,,483.8920301849365,0.05766110941193238,50,69.93275088053606
125,StreamingRandomPatchesExecutorMAXChunk,GMSC,4,50,14,9.997584342956545,1200.0,120.02899932861328,2598.0,124,3.8548,963.7,9.988762642027718,1200.0,462.68778661193846,0.3855731555099487,10,9.997583973141866
82,OzaBagExecutorMAXChunk,GMSC,4,2000,985,983.1257934570312,117806.0,119.8280029296875,1367.0,125,4.0246031746031745,1014.2,981.5612528016397,117806.0,482.2601609971788,0.004093680805707509,90,983.1257896297082
13,OzaBagExecutorMAXChunk,GMSC,4,2000,547,544.4637451171875,65291.0,119.91799926757812,2207.0,126,3.8992125984251973,990.4000000000001,543.6250551609868,65291.0,467.5857735220842,0.007161565507069645,50,544.4637201986119
70,OzaBagExecutorMAXChunk,GMSC,4,2000,109,105.00174713134766,12600.0,119.9980010986328,10054.0,126,4.072047244094488,1034.3,104.83314058456956,12600.0,488.63752967053506,0.03878075632305834,10,105.00174906783141
69,OzaBagExecutorMAXChunk,GMSC,4,500,985,983.0601806640624,117806.0,119.83599853515624,330.0,126,4.006692913385827,1017.7,981.5448963098124,117806.0,480.1460460993248,0.004075735073759612,90,983.0601942657431
138,OzaBagExecutorMAXChunk,GMSC,4,500,547,544.4546508789062,65291.0,119.91999816894533,546.0,125,4.083730158730158,1029.1,543.606950469165,65291.0,489.7209131573874,0.007500588337709445,50,544.4546447375435
86,OzaBagExecutorMAXChunk,GMSC,4,500,109,105.0008773803711,12600.0,119.9990005493164,2544.0,126,4.254724409448819,1080.7,104.83314058456956,12600.0,510.5626767466388,0.040520847360844346,10,105.00087452663186
100,OzaBagExecutorMAXChunk,GMSC,4,50,985,982.617431640625,117806.0,119.88999938964844,32.0,126,4.121259842519685,1046.8000000000002,981.3895368210596,117806.0,494.0978400042677,0.004194165322685328,90,982.6174042851119
32,OzaBagExecutorMAXChunk,GMSC,4,50,547,544.3411865234375,65291.0,119.94499969482422,52.0,125,4.15436507936508,1046.9,543.6295815223726,65291.0,498.2953181766329,0.007631914324740514,50,544.3411577482991
58,OzaBagExecutorMAXChunk,GMSC,4,50,109,104.82721710205078,12580.0,120.00700378417967,248.0,126,4.262992125984253,1082.8000000000002,104.82965181579934,12600.0,511.5889121949204,0.040666845166527854,10,104.82721510674364
126,OzaBagAdwinExecutorMAXChunk,GMSC,4,2000,995,993.02392578125,119002.0,119.83799743652344,1372.0,126,3.986614173228346,1012.5999999999999,991.4437344308459,119002.0,477.7478590717466,0.004014620418747135,90,993.0239368613761
122,OzaBagAdwinExecutorMAXChunk,GMSC,4,2000,552,549.4679565429688,65890.0,119.91600036621094,2234.0,126,4.3122047244094475,1095.2999999999997,548.6124409881519,65890.0,517.1023433114599,0.00784796392944999,50,549.4679592279498
34,OzaBagAdwinExecutorMAXChunk,GMSC,4,2000,110,109.81584930419922,13179.0,120.01000213623048,9624.0,125,4.104761904761905,1034.4,109.81697171381032,13200.0,492.61248495919375,0.03737859359277591,10,109.81584672450663
62,OzaBagAdwinExecutorMAXChunk,GMSC,4,500,995,992.3779907226562,119002.0,119.91600036621094,338.0,126,4.124409448818898,1047.6,991.418954945348,119002.0,494.5826849749708,0.004156087166391916,90,992.3779949012669
53,OzaBagAdwinExecutorMAXChunk,GMSC,4,500,552,549.4359130859375,65890.0,119.9229965209961,549.0,126,4.1602362204724415,1056.7,548.5667662950722,65890.0,498.9079937942385,0.007571831746763371,50,549.4359039674596
102,OzaBagAdwinExecutorMAXChunk,GMSC,4,500,110,109.8176727294922,13179.0,120.00800323486328,2432.0,125,4.026587301587301,1014.6999999999998,109.81788534014426,13200.0,483.22270191434825,0.03666611290039823,10,109.81767586123286
142,OzaBagAdwinExecutorMAXChunk,GMSC,4,50,995,992.5104370117188,119002.0,119.9000015258789,32.0,125,3.95515873015873,996.6999999999999,991.2950760951961,119002.0,474.223537781125,0.00398500477118977,90,992.5104127235137
145,OzaBagAdwinExecutorMAXChunk,GMSC,4,50,552,549.3671264648438,65890.0,119.93800354003906,47.0,126,4.173622047244094,1060.1,548.580467904421,65890.0,500.5758958771472,0.0075971451794983645,50,549.3671568245161
21,OzaBagAdwinExecutorMAXChunk,GMSC,4,50,110,109.9862289428711,13178.0,119.81500244140624,235.0,126,4.0480314960629915,1028.1999999999998,109.81483641939302,13178.0,485.01490358367664,0.03680489479311554,10,109.98622652822218
64,OzaBagASHTExecutorMAXChunk,GMSC,4,2000,1381,1370.9146728515625,150000.0,109.41600036621094,1039.0,114,3.9904347826086966,917.8000000000002,1372.6961582810184,150000.0,436.617413635254,0.0029107827575683603,90,1370.9146696822772
107,OzaBagASHTExecutorMAXChunk,GMSC,4,2000,767,763.8778076171875,91647.0,119.97599792480467,1648.0,126,4.124015748031496,1047.5,762.6890140891956,91647.0,494.7829048276886,0.005398789974878485,50,763.877788767717
112,OzaBagASHTExecutorMAXChunk,GMSC,4,2000,153,149.9724578857422,17970.0,119.8219985961914,7321.0,126,4.028740157480315,1023.3000000000001,149.7387695922806,17970.0,482.73169749402626,0.026863199637953604,10,149.97246090478066
127,OzaBagASHTExecutorMAXChunk,GMSC,4,500,1381,1374.1800537109375,150000.0,109.15599822998048,246.0,115,4.0952586206896555,950.1000000000001,1372.8469184162839,150000.0,447.02204275131237,0.002980146951675416,90,1374.1800948397301
151,OzaBagASHTExecutorMAXChunk,GMSC,4,500,767,762.2141723632812,91500.0,120.04499816894533,403.0,126,4.1976377952755906,1066.2,762.7080559254327,91647.0,503.90542144775395,0.005507163075931737,50,762.2141813124731
143,OzaBagASHTExecutorMAXChunk,GMSC,4,500,153,149.9837188720703,17970.0,119.81300354003906,1793.0,125,4.285317460317461,1079.9,149.74875209373255,17970.0,513.4367560432071,0.02857188403134152,10,149.9837202060859
52,OzaBagASHTExecutorMAXChunk,GMSC,4,50,1381,1374.5452880859375,150000.0,109.1269989013672,24.0,115,4.024137931034483,933.6,1372.708720360931,150000.0,439.1420955789501,0.002927613970526334,90,1374.5452684497925
75,OzaBagASHTExecutorMAXChunk,GMSC,4,50,767,762.9039306640625,91550.0,120.0019989013672,39.0,125,4.127380952380952,1040.1,762.6065104513381,91647.0,495.29396451314295,0.005410092457816963,50,762.9039585852845
68,OzaBagASHTExecutorMAXChunk,GMSC,4,50,153,149.9737091064453,17970.0,119.8209991455078,147.0,126,4.170472440944882,1059.3,149.74500849971668,17970.0,499.7101747828205,0.02780802308195996,10,149.97371185477812
137,LBagExecutorMAXChunk,GMSC,4,2000,371,366.4834289550781,44000.0,120.05999755859376,3724.0,126,3.898818897637795,990.3,369.1741346570277,44326.0,468.0921873317929,0.010638458802995293,90,366.48343240658784
77,LBagExecutorMAXChunk,GMSC,4,2000,206,204.94354248046875,24559.0,119.83300018310548,6065.0,126,4.072047244094489,1034.3000000000002,204.61911466968832,24559.0,487.96563814718905,0.0198691167452742,50,204.94354612230114
149,LBagExecutorMAXChunk,GMSC,4,2000,41,40.00700378417969,4800.0,119.97899627685548,25312.0,126,3.9700787401574806,1008.4000000000001,39.942083978231565,4800.0,476.3260623841775,0.09923459633003698,10,40.0070024666971
14,LBagExecutorMAXChunk,GMSC,4,500,371,369.73150634765625,44326.0,119.88700103759766,927.0,126,4.098818897637795,1041.1,369.1526129502394,44326.0,491.3951054340272,0.011085933886071993,90,369.73149395987446
113,LBagExecutorMAXChunk,GMSC,4,500,206,204.8358459472656,24559.0,119.89600372314452,1509.0,126,4.212204724409448,1069.8999999999996,204.6157050614455,24559.0,505.02651332044206,0.020563806071926465,50,204.83585138258593
155,LBagExecutorMAXChunk,GMSC,4,500,41,40.00566864013672,4800.0,119.98300170898438,6721.0,126,4.0137795275590555,1019.5,39.94274872682489,4800.0,481.5853159146047,0.10033027414887598,10,40.005666899735296
73,LBagExecutorMAXChunk,GMSC,4,50,371,369.6513366699219,44326.0,119.91300201416016,86.0,125,4.10515873015873,1034.5,369.14953862553716,44326.0,492.261907077971,0.01110548903753939,90,369.65132433900436
134,LBagExecutorMAXChunk,GMSC,4,50,206,204.9076385498047,24559.0,119.85399627685548,144.0,126,4.183070866141732,1062.5,204.61740985136305,24559.0,501.35776001637385,0.02041442078327187,50,204.90764399102883
1,LBagExecutorMAXChunk,GMSC,4,50,41,39.992000579833984,4800.0,120.02400207519533,650.0,125,3.93015873015873,990.4,39.94441069511596,4800.0,471.7133795844184,0.09827362074675383,10,39.99200090822491
18,AdaptiveRandomForestExecutorMAXChunk,GMSC,4,2000,290,289.8524169921875,34742.0,119.86100006103516,4796.0,124,4.2212,1055.3,289.400906304145,34742.0,505.95725345764157,0.014563273658903966,90,289.8524122300733
124,AdaptiveRandomForestExecutorMAXChunk,GMSC,4,2000,161,159.98532104492188,19168.0,119.81099700927734,7785.0,125,4.079761904761904,1028.1,159.72934009983084,19168.0,488.8003413699921,0.025500852533910275,50,159.9853141904475
59,AdaptiveRandomForestExecutorMAXChunk,GMSC,4,2000,32,30.00775146484375,3600.0,119.96900177001952,35813.0,126,3.894488188976378,989.2,29.960551939945738,3600.0,467.2178604366272,0.1297827390101742,10,30.00775155986708
147,AdaptiveRandomForestExecutorMAXChunk,GMSC,4,500,290,289.84033203125,34742.0,119.86599731445312,1213.0,124,4.3648,1091.2,289.38644276742133,34742.0,523.191105078125,0.015059326034140954,90,289.8403281863063
39,AdaptiveRandomForestExecutorMAXChunk,GMSC,4,500,161,159.9786376953125,19168.0,119.81600189208984,1922.0,125,4.107936507936508,1035.2,159.7240160990609,19168.0,492.19652840750564,0.02567803257551678,50,159.97863137899827
56,AdaptiveRandomForestExecutorMAXChunk,GMSC,4,500,32,30.00800132751465,3600.0,119.96800231933594,9074.0,125,4.003968253968254,1009.0,29.96005326231691,3600.0,480.34807277861097,0.13343002021628084,10,30.008001553759033
89,AdaptiveRandomForestExecutorMAXChunk,GMSC,4,50,290,289.7532958984375,34742.0,119.9020004272461,105.0,124,4.292,1073.0,289.3719806763285,34742.0,514.6193858337402,0.014812601054451103,90,289.75329749465425
42,AdaptiveRandomForestExecutorMAXChunk,GMSC,4,50,161,159.9359130859375,19168.0,119.8479995727539,183.0,124,4.0123999999999995,1003.0999999999999,,,480.87811348571773,0.025087547656809147,50,159.93591940067415
95,AdaptiveRandomForestExecutorMAXChunk,GMSC,4,50,32,29.999250411987305,3600.0,120.00299835205078,870.0,140,3.8166666666666655,1076.2999999999997,29.910269192422735,30.0,458.011443710327,0.1272254010306464,10,29.99925043071624
96,AdaptiveRandomForestExecutorMAXChunk,GMSC,4,50,32,29.999250411987305,3600.0,120.00299835205078,870.0,140,3.8166666666666655,1076.2999999999997,29.96080128498548,3600.0,458.011443710327,0.1272254010306464,90,29.99925043071624
