,algorithm,dataset,cores,batch_size,inc_rate,out_rate,instances,time,delay,duration,avg_measure,sum_measure,prod_rate,tt_inst_prod,joules,JPI,PERC
43,StreamingRandomPatchesExecutorMAXChunk,elecNormNew,4,2000,42,40.00600051879883,4800.0,119.98200225830078,29458.0,125,3.723412698412698,938.3,39.94141925176408,4800.0,446.74251078953813,0.0930713564144871,0
144,StreamingRandomPatchesExecutorMAXChunk,elecNormNew,4,2000,23,20.006668090820312,2400.0,119.95999908447266,54813.0,126,3.716535433070866,944.0,19.975031210986266,2400.0,445.8355871485913,0.1857648279785797,0
180,StreamingRandomPatchesExecutorMAXChunk,elecNormNew,4,2000,4,20.006336212158203,2400.0,119.96199798583984,55137.0,125,3.721031746031746,937.7,19.97469871496105,2400.0,446.38240282270647,0.18599266784279436,0
226,StreamingRandomPatchesExecutorMAXChunk,elecNormNew,4,500,42,40.005001068115234,4800.0,119.98500061035156,7397.0,124,3.7208,930.2,39.942083978231565,4800.0,446.4401902709961,0.09300837297312418,0
122,StreamingRandomPatchesExecutorMAXChunk,elecNormNew,4,500,23,20.006336212158203,2400.0,119.96199798583984,14408.0,126,3.7208661417322837,945.1,19.97469871496105,2400.0,446.36253660006787,0.18598439025002828,0
194,StreamingRandomPatchesExecutorMAXChunk,elecNormNew,4,500,4,20.00616836547852,2400.0,119.96299743652344,14311.0,125,3.7214285714285715,937.8000000000001,19.97469871496105,2400.0,446.4337261744908,0.1860140525727045,0
229,StreamingRandomPatchesExecutorMAXChunk,elecNormNew,4,50,42,39.976680755615234,4800.0,120.06999969482422,715.0,123,4.243951612903226,1052.5,19.974532471099348,2400.0,509.5712688661391,0.10616068101377898,0
230,StreamingRandomPatchesExecutorMAXChunk,elecNormNew,4,50,42,39.976680755615234,4800.0,120.06999969482422,715.0,123,4.243951612903226,1052.5,19.97469871496105,2400.0,509.5712688661391,0.10616068101377898,0
121,StreamingRandomPatchesExecutorMAXChunk,elecNormNew,4,50,23,19.9931697845459,2400.0,120.04100036621094,1365.0,124,4.0696,1017.4000000000001,,,488.51885509033207,0.20354952295430503,0
77,StreamingRandomPatchesExecutorMAXChunk,elecNormNew,4,50,4,19.991668701171875,2400.0,120.0500030517578,1360.0,123,3.9866935483870973,988.7000000000002,19.975031210986266,2400.0,478.6025726502942,0.19941773860428924,0
78,StreamingRandomPatchesExecutorMAXChunk,elecNormNew,4,50,4,19.991668701171875,2400.0,120.0500030517578,1360.0,123,3.9866935483870973,988.7000000000002,19.975031210986266,2400.0,478.6025726502942,0.19941773860428924,0
113,OzaBagExecutorMAXChunk,elecNormNew,4,2000,852,832.153564453125,44437.0,53.400001525878906,1721.0,58,3.8355932203389833,452.6,845.5782185977941,45312.0,204.82068381875249,0.0046092374331919905,0
7,OzaBagExecutorMAXChunk,elecNormNew,4,2000,473,468.7092590332031,45312.0,96.67400360107422,2615.0,103,3.9461538461538472,820.8000000000002,467.78989098116944,45312.0,381.4904911334699,0.00841919339542439,0
157,OzaBagExecutorMAXChunk,elecNormNew,4,2000,94,89.9909896850586,10782.0,119.81199645996094,11697.0,125,3.937301587301588,992.2000000000002,89.84850252495792,10782.0,471.7359638395764,0.04375217620474647,0
3,OzaBagExecutorMAXChunk,elecNormNew,4,500,852,848.507568359375,45312.0,53.402000427246094,410.0,59,3.723333333333334,446.80000000000007,845.5782185977941,45312.0,198.83344825744632,0.004388096933647738,0
110,OzaBagExecutorMAXChunk,elecNormNew,4,500,473,468.7626037597656,45312.0,96.66300201416016,652.0,102,3.730582524271845,768.5000000000001,467.82852895019414,45312.0,360.60930605768004,0.007958362156993292,0
158,OzaBagExecutorMAXChunk,elecNormNew,4,500,94,89.98798370361328,10782.0,119.81600189208984,2964.0,125,3.7257936507936513,938.9000000000001,89.84625640598308,10782.0,446.40969911302847,0.04140323679401117,0
115,OzaBagExecutorMAXChunk,elecNormNew,4,50,852,848.1105346679688,45312.0,53.42699813842773,35.0,59,4.395833333333333,527.5,845.4204526372745,45312.0,234.85617931683853,0.005183090115572884,0
116,OzaBagExecutorMAXChunk,elecNormNew,4,50,852,848.1105346679688,45312.0,53.42699813842773,35.0,59,4.395833333333333,527.5,845.4204526372745,45312.0,234.85617931683853,0.005183090115572884,0
24,OzaBagExecutorMAXChunk,elecNormNew,4,50,473,468.7335205078125,45312.0,96.66899871826172,61.0,102,4.172815533980583,859.6000000000001,467.78023248611487,45312.0,403.3818995059116,0.008902319462965916,0
25,OzaBagExecutorMAXChunk,elecNormNew,4,50,473,468.7335205078125,45312.0,96.66899871826172,61.0,102,4.172815533980583,859.6000000000001,467.82852895019414,45312.0,403.3818995059116,0.008902319462965916,0
100,OzaBagExecutorMAXChunk,elecNormNew,4,50,94,89.98648071289062,10782.0,119.81800079345705,287.0,125,3.9146825396825395,986.5,89.84475905572175,10782.0,469.049435645815,0.04350300831439575,0
101,OzaBagExecutorMAXChunk,elecNormNew,4,50,94,89.98648071289062,10782.0,119.81800079345705,287.0,125,3.9146825396825395,986.5,89.84550772461377,10782.0,469.049435645815,0.04350300831439575,0
102,OzaBagAdwinExecutorMAXChunk,elecNormNew,4,2000,668,641.9896850585938,44088.0,68.67400360107422,2126.0,73,3.788513513513513,560.6999999999999,662.4464554611775,45312.0,260.1723906697453,0.005901206465925996,0
126,OzaBagAdwinExecutorMAXChunk,elecNormNew,4,2000,371,369.67291259765625,44326.0,119.90599822998048,3342.0,126,4.231496062992127,1074.8000000000002,369.0849896333797,44326.0,507.3817594393034,0.011446594762426193,0
166,OzaBagAdwinExecutorMAXChunk,elecNormNew,4,2000,74,69.88875579833984,8387.0,120.00499725341795,15143.0,126,3.72244094488189,945.5,69.88643454386622,8400.0,446.71151536656174,0.05326237216723045,0
211,OzaBagAdwinExecutorMAXChunk,elecNormNew,4,500,668,664.2137451171875,45312.0,68.21900177001953,508.0,73,3.723648648648648,551.0999999999999,662.33994036134,45312.0,254.02359375309294,0.005606099791514233,0
193,OzaBagAdwinExecutorMAXChunk,elecNormNew,4,500,371,369.6605529785156,44326.0,119.91000366210938,824.0,126,3.7188976377952763,944.6000000000001,369.0849896333797,44326.0,445.93302936704146,0.01006030387057351,0
59,OzaBagAdwinExecutorMAXChunk,elecNormNew,4,500,74,69.88758850097656,8387.0,120.00700378417967,3793.0,126,3.7177165354330706,944.3,69.88469026106924,8400.0,446.15202233622387,0.05319566261311838,0
9,OzaBagAdwinExecutorMAXChunk,elecNormNew,4,50,668,663.8732299804688,45312.0,68.25399780273438,49.0,73,4.31891891891892,639.2,662.4464554611775,45312.0,294.78348240207987,0.006505638294537427,0
10,OzaBagAdwinExecutorMAXChunk,elecNormNew,4,50,668,663.8732299804688,45312.0,68.25399780273438,49.0,73,4.31891891891892,639.2,662.3980352600648,45312.0,294.78348240207987,0.006505638294537427,0
50,OzaBagAdwinExecutorMAXChunk,elecNormNew,4,50,371,369.6451721191406,44326.0,119.91500091552734,78.0,126,4.244488188976377,1078.1,369.1003563934317,44326.0,508.97780506704726,0.011482601747666094,0
51,OzaBagAdwinExecutorMAXChunk,elecNormNew,4,50,371,369.6451721191406,44326.0,119.91500091552734,78.0,126,4.244488188976377,1078.1,369.1034298989933,44326.0,508.97780506704726,0.011482601747666094,0
206,OzaBagAdwinExecutorMAXChunk,elecNormNew,4,50,74,69.88642120361328,8387.0,120.00900268554688,371.0,126,3.822047244094488,970.8,69.88643454386622,8400.0,458.6800779808225,0.05468940956013145,0
207,OzaBagAdwinExecutorMAXChunk,elecNormNew,4,50,74,69.88642120361328,8387.0,120.00900268554688,371.0,126,3.822047244094488,970.8,69.88410885281908,8400.0,458.6800779808225,0.05468940956013145,0
176,OzaBagASHTExecutorMAXChunk,elecNormNew,4,2000,320,319.7704467773437,38336.0,119.88600158691406,3642.0,125,3.818650793650794,962.3000000000001,319.27510160570324,38336.0,457.8027751074897,0.011941850352344786,0
153,OzaBagASHTExecutorMAXChunk,elecNormNew,4,2000,178,174.94888305664062,20965.0,119.83499908447266,6265.0,126,3.9948818897637794,1014.6999999999999,174.6748539863193,20965.0,478.7266676024189,0.022834565590384874,0
79,OzaBagASHTExecutorMAXChunk,elecNormNew,4,2000,35,35.00787734985352,4200.0,119.9729995727539,29476.0,126,3.9267716535433066,997.3999999999999,34.95165021719954,4200.0,471.10657391285326,0.11216823188401268,0
161,OzaBagASHTExecutorMAXChunk,elecNormNew,4,500,320,319.7491149902344,38336.0,119.8939971923828,904.0,126,3.728740157480315,947.1,319.245854950326,38336.0,447.05356197206993,0.011661455602359922,0
154,OzaBagASHTExecutorMAXChunk,elecNormNew,4,500,178,174.9459686279297,20965.0,119.83699798583984,1567.0,125,3.725,938.7,174.6748539863193,20965.0,446.3928174972534,0.0212922879798356,0
185,OzaBagASHTExecutorMAXChunk,elecNormNew,4,500,35,35.00554275512695,4200.0,119.9810028076172,7332.0,126,3.7161417322834644,943.9,34.95077765480282,4200.0,445.8664116146058,0.106158669432049,0
80,OzaBagASHTExecutorMAXChunk,elecNormNew,4,50,320,319.7731018066406,38336.0,119.88500213623048,85.0,126,4.183464566929134,1062.6,319.2564894777605,38336.0,501.53465854314373,0.013082602737456796,0
81,OzaBagASHTExecutorMAXChunk,elecNormNew,4,50,320,319.7731018066406,38336.0,119.88500213623048,85.0,126,4.183464566929134,1062.6,319.2830788963013,38336.0,501.53465854314373,0.013082602737456796,0
57,OzaBagASHTExecutorMAXChunk,elecNormNew,4,50,178,174.925537109375,20965.0,119.85099792480467,142.0,125,3.969047619047619,1000.2,174.66757756523478,20965.0,475.6943179539271,0.022689926923631153,0
58,OzaBagASHTExecutorMAXChunk,elecNormNew,4,50,178,174.925537109375,20965.0,119.85099792480467,142.0,125,3.969047619047619,1000.2,174.6661223537645,20965.0,475.6943179539271,0.022689926923631153,0
219,OzaBagASHTExecutorMAXChunk,elecNormNew,4,50,35,35.00116729736328,4200.0,119.99600219726562,733.0,126,4.141732283464567,1052.0,34.95077765480282,4200.0,496.9913161871001,0.11833126575883336,0
220,OzaBagASHTExecutorMAXChunk,elecNormNew,4,50,35,35.00116729736328,4200.0,119.99600219726562,733.0,126,4.141732283464567,1052.0,34.95135935822647,4200.0,496.9913161871001,0.11833126575883336,0
104,LBagExecutorMAXChunk,elecNormNew,4,2000,303,298.369873046875,35765.0,119.86799621582033,4555.0,127,3.711718750000001,950.2000000000003,299.35281819771944,35940.0,444.9162890791895,0.012439991306561987,0
208,LBagExecutorMAXChunk,elecNormNew,4,2000,168,164.9559326171875,19767.0,119.83200073242188,7459.0,125,3.712698412698413,935.6,164.6975504082653,19767.0,444.9000789097377,0.022507212976665032,0
173,LBagExecutorMAXChunk,elecNormNew,4,2000,33,30.008251190185547,3600.0,119.96700286865234,35087.0,127,3.7042968750000007,948.3000000000002,29.959803929727617,3600.0,444.39339382946497,0.1234426093970736,0
84,LBagExecutorMAXChunk,elecNormNew,4,500,303,299.7847900390625,35940.0,119.88600158691406,1091.0,125,3.7222222222222223,938.0,299.32040775534676,35940.0,446.2423392401801,0.012416314391769063,0
187,LBagExecutorMAXChunk,elecNormNew,4,500,168,164.96144104003906,19767.0,119.8280029296875,1838.0,126,3.7216535433070863,945.3,164.69617816882047,19767.0,445.9583116906834,0.022560748302255445,0
36,LBagExecutorMAXChunk,elecNormNew,4,500,33,30.00625228881836,3600.0,119.9749984741211,9264.0,126,3.723622047244094,945.8,29.958806640868804,3600.0,446.74154943631385,0.12409487484342051,0
146,LBagExecutorMAXChunk,elecNormNew,4,50,303,299.7597961425781,35940.0,119.89600372314452,98.0,126,4.156299212598425,1055.6999999999998,299.3154221563369,35940.0,498.32366586820336,0.013865433107072993,0
147,LBagExecutorMAXChunk,elecNormNew,4,50,303,299.7597961425781,35940.0,119.89600372314452,98.0,126,4.156299212598425,1055.6999999999998,299.3328724795323,35940.0,498.32366586820336,0.013865433107072993,0
38,LBagExecutorMAXChunk,elecNormNew,4,50,168,164.8981475830078,19767.0,119.8740005493164,180.0,126,4.049212598425197,1028.5,24.968373393701313,3000.0,485.395313247921,0.024555841212521932,0
39,LBagExecutorMAXChunk,elecNormNew,4,50,168,164.8981475830078,19767.0,119.8740005493164,180.0,126,4.049212598425197,1028.5,164.69617816882047,19767.0,485.395313247921,0.024555841212521932,0
40,LBagExecutorMAXChunk,elecNormNew,4,50,168,164.8981475830078,19767.0,119.8740005493164,180.0,126,4.049212598425197,1028.5,164.69068943970007,19767.0,485.395313247921,0.024555841212521932,0
118,LBagExecutorMAXChunk,elecNormNew,4,50,33,30.00275039672852,3600.0,119.98899841308594,880.0,9353,4.035738721402609,75500.6,29.959803929727617,3600.0,484.24424703800713,0.13451229084389088,0
119,LBagExecutorMAXChunk,elecNormNew,4,50,33,30.00275039672852,3600.0,119.98899841308594,880.0,9353,4.035738721402609,75500.6,29.959305276998744,3600.0,484.24424703800713,0.13451229084389088,0
120,LBagExecutorMAXChunk,elecNormNew,4,50,33,30.00275039672852,3600.0,119.98899841308594,880.0,9353,4.035738721402609,75500.6,29.959803929727617,3600.0,484.24424703800713,0.13451229084389088,0
14,AdaptiveRandomForestExecutorMAXChunk,elecNormNew,4,2000,192,189.93975830078125,22762.0,119.83799743652344,7404.0,125,4.015873015873017,1012.0000000000002,189.64224418042758,22762.0,481.2541801815942,0.021142877611000536,0
137,AdaptiveRandomForestExecutorMAXChunk,elecNormNew,4,2000,107,104.98159790039062,12579.0,119.8209991455078,12287.0,125,3.721031746031746,937.7,104.81713871459641,12579.0,445.85774166167727,0.0354446094015166,0
134,AdaptiveRandomForestExecutorMAXChunk,elecNormNew,4,2000,21,20.0068359375,2400.0,119.95899963378906,53406.0,125,3.698015873015873,931.9000000000001,19.975031210986266,2400.0,443.61028475685725,0.18483761864869053,0
140,AdaptiveRandomForestExecutorMAXChunk,elecNormNew,4,500,192,189.9508514404297,22762.0,119.83100128173828,1850.0,125,3.725793650793651,938.9,189.64540425248285,22762.0,446.4655837437463,0.019614514706253684,0
19,AdaptiveRandomForestExecutorMAXChunk,elecNormNew,4,500,107,104.94831085205078,12579.0,119.85900115966795,3086.0,124,3.7256,931.4,104.8197590120494,12579.0,446.54669472045896,0.03549937949920176,0
105,AdaptiveRandomForestExecutorMAXChunk,elecNormNew,4,500,21,20.005836486816406,2400.0,119.96499633789062,14017.0,124,3.7196,929.9,19.97469871496105,2400.0,446.2218003784179,0.18592575015767412,0
65,AdaptiveRandomForestExecutorMAXChunk,elecNormNew,4,50,192,189.8177795410156,22762.0,119.91500091552734,171.0,124,4.2867999999999995,1071.6999999999998,189.63592435224527,22762.0,514.0516259246825,0.02258376354998166,0
66,AdaptiveRandomForestExecutorMAXChunk,elecNormNew,4,50,192,189.8177795410156,22762.0,119.91500091552734,171.0,124,4.2867999999999995,1071.6999999999998,189.63434446101422,22762.0,514.0516259246825,0.02258376354998166,0
67,AdaptiveRandomForestExecutorMAXChunk,elecNormNew,4,50,192,189.8177795410156,22762.0,119.91500091552734,171.0,124,4.2867999999999995,1071.6999999999998,189.6296049452655,22762.0,514.0516259246825,0.02258376354998166,0
170,AdaptiveRandomForestExecutorMAXChunk,elecNormNew,4,50,107,104.98159790039062,12579.0,119.8209991455078,294.0,125,4.001984126984127,1008.5,104.82150594980168,12579.0,479.5217366597009,0.03812081537957714,0
171,AdaptiveRandomForestExecutorMAXChunk,elecNormNew,4,50,107,104.98159790039062,12579.0,119.8209991455078,294.0,125,4.001984126984127,1008.5,104.8180121325245,12579.0,479.5217366597009,0.03812081537957714,0
172,AdaptiveRandomForestExecutorMAXChunk,elecNormNew,4,50,107,104.98159790039062,12579.0,119.8209991455078,294.0,125,4.001984126984127,1008.5,104.8188855650087,12579.0,479.5217366597009,0.03812081537957714,0
216,AdaptiveRandomForestExecutorMAXChunk,elecNormNew,4,50,21,19.993501663208008,2400.0,120.03900146484376,1331.0,124,4.437600000000001,1109.4,19.97486496159,2400.0,532.6850729003908,0.22195211370849616,0
217,AdaptiveRandomForestExecutorMAXChunk,elecNormNew,4,50,21,19.993501663208008,2400.0,120.03900146484376,1331.0,124,4.437600000000001,1109.4,19.97486496159,2400.0,532.6850729003908,0.22195211370849616,0
218,AdaptiveRandomForestExecutorMAXChunk,elecNormNew,4,50,21,19.993501663208008,2400.0,120.03900146484376,1331.0,124,4.437600000000001,1109.4,19.97469871496105,2400.0,532.6850729003908,0.22195211370849616,0
188,StreamingRandomPatchesExecutorMAXChunk,covtypeNorm,4,2000,37,32.38053512573242,4000.0,123.53099822998048,40784.0,60,3.7204918032786893,453.9000000000001,34.954268165816394,4200.0,459.59606636547664,0.11489901659136915,0
64,StreamingRandomPatchesExecutorMAXChunk,covtypeNorm,4,2000,20,,,,,60,3.7196721311475414,453.80000000000007,19.97602876548142,2400.0,,,0
103,StreamingRandomPatchesExecutorMAXChunk,covtypeNorm,4,2000,4,,,,,60,3.707377049180329,452.3000000000001,19.97619503425085,2400.0,,,0
210,StreamingRandomPatchesExecutorMAXChunk,covtypeNorm,4,500,37,35.009334564208984,4200.0,119.96800231933594,9750.0,125,3.7261904761904763,939.0,34.954268165816394,4200.0,447.02362768990656,0.10643419706902538,0
28,StreamingRandomPatchesExecutorMAXChunk,covtypeNorm,4,500,20,20.0073356628418,2400.0,119.95600128173828,15730.0,126,3.725196850393701,946.2,19.97602876548142,2400.0,446.8597181605542,0.18619154923356426,0
136,StreamingRandomPatchesExecutorMAXChunk,covtypeNorm,4,500,4,20.00800323486328,2400.0,119.9520034790039,15843.0,126,3.7244094488188977,946.0,19.97652758009339,2400.0,446.7503751619594,0.18614598965081644,0
98,StreamingRandomPatchesExecutorMAXChunk,covtypeNorm,4,50,37,34.95252227783203,4200.0,120.16300201416016,940.0,124,3.9135999999999993,978.3999999999999,34.953977263270026,4200.0,470.2699246826171,0.1119690296863374,0
99,StreamingRandomPatchesExecutorMAXChunk,covtypeNorm,4,50,37,34.95252227783203,4200.0,120.16300201416016,940.0,124,3.9135999999999993,978.3999999999999,34.954268165816394,4200.0,470.2699246826171,0.1119690296863374,0
149,StreamingRandomPatchesExecutorMAXChunk,covtypeNorm,4,50,20,19.977191925048828,2400.0,120.13700103759766,1499.0,125,4.237301587301587,1067.8,19.97602876548142,2400.0,509.056705190265,0.21210696049594374,0
150,StreamingRandomPatchesExecutorMAXChunk,covtypeNorm,4,50,20,19.977191925048828,2400.0,120.13700103759766,1499.0,125,4.237301587301587,1067.8,19.97602876548142,2400.0,509.056705190265,0.21210696049594374,0
44,StreamingRandomPatchesExecutorMAXChunk,covtypeNorm,4,50,4,19.97170639038086,2400.0,120.16999816894533,1497.0,125,4.164285714285714,1049.3999999999999,19.97619503425085,2400.0,500.4222066606794,0.2085092527752831,0
45,StreamingRandomPatchesExecutorMAXChunk,covtypeNorm,4,50,4,19.97170639038086,2400.0,120.16999816894533,1497.0,125,4.164285714285714,1049.3999999999999,19.976361305788153,2400.0,500.4222066606794,0.2085092527752831,0
189,OzaBagExecutorMAXChunk,covtypeNorm,4,2000,81,79.87367248535156,9585.0,120.0019989013672,17168.0,59,3.9,7.8,79.87153993992995,9600.0,468.00779571533207,0.04882710440431216,0
197,OzaBagExecutorMAXChunk,covtypeNorm,4,2000,45,45.00900268554688,5400.0,119.97599792480467,24870.0,59,3.9,7.8,44.93933190193239,5400.0,467.90639190673824,0.08664933183458115,0
106,OzaBagExecutorMAXChunk,covtypeNorm,4,2000,9,5.002668380737305,600.0,119.93599700927734,63181.0,59,3.9,7.8,4.994713927759788,600.0,467.75038833618163,0.7795839805603028,0
132,OzaBagExecutorMAXChunk,covtypeNorm,4,500,81,80.00199890136719,9600.0,119.99700164794922,4091.0,126,3.721259842519685,945.2,79.87153993992995,9600.0,446.54002345528187,0.046514585776591864,0
142,OzaBagExecutorMAXChunk,covtypeNorm,4,500,45,45.010501861572266,5400.0,119.97200012207033,6848.0,126,3.723622047244094,945.8,44.938957915498115,5400.0,446.7303847065122,0.08272784901972448,0
178,OzaBagExecutorMAXChunk,covtypeNorm,4,500,9,5.002668380737305,600.0,119.93599700927734,45731.0,126,3.724015748031496,945.9,4.994755506717946,600.0,446.6435416184072,0.7444059026973453,0
1,OzaBagExecutorMAXChunk,covtypeNorm,4,50,81,79.98998260498047,9584.0,119.81500244140624,440.0,126,4.135433070866142,1050.4,79.86400453318223,9584.0,495.4869234820989,0.051699386840786614,0
2,OzaBagExecutorMAXChunk,covtypeNorm,4,50,81,79.98998260498047,9584.0,119.81500244140624,440.0,126,4.135433070866142,1050.4,79.86200804953044,9584.0,495.4869234820989,0.051699386840786614,0
29,OzaBagExecutorMAXChunk,covtypeNorm,4,50,45,44.94269943237305,5400.0,120.15299987792967,688.0,125,3.875793650793651,976.7,44.93596624809646,5400.0,465.68823405069014,0.08623856186123892,0
30,OzaBagExecutorMAXChunk,covtypeNorm,4,50,45,44.94269943237305,5400.0,120.15299987792967,688.0,125,3.875793650793651,976.7,44.93596624809646,5400.0,465.68823405069014,0.08623856186123892,0
227,OzaBagExecutorMAXChunk,covtypeNorm,4,50,9,4.99808406829834,600.0,120.0459976196289,5148.0,126,3.972834645669291,1009.0999999999999,4.994713927759788,600.0,476.922898417195,0.7948714973619916,0
228,OzaBagExecutorMAXChunk,covtypeNorm,4,50,9,4.99808406829834,600.0,120.0459976196289,5148.0,126,3.972834645669291,1009.0999999999999,4.994755506717946,600.0,476.922898417195,0.7948714973619916,0
174,OzaBagAdwinExecutorMAXChunk,covtypeNorm,4,2000,72,66.3938980102539,8000.0,120.49299621582033,19298.0,59,3.722500000000001,446.7000000000001,69.89457568168014,8400.0,448.5351784133913,0.05606689730167391,0
72,OzaBagAdwinExecutorMAXChunk,covtypeNorm,4,2000,40,40.00700378417969,4800.0,119.97899627685548,26766.0,56,3.7184210526315797,423.9000000000001,39.94407829039345,4800.0,446.13242562946533,0.09294425533947194,0
186,OzaBagAdwinExecutorMAXChunk,covtypeNorm,4,2000,8,5.002626419067383,600.0,119.93699645996094,63524.0,60,3.7196721311475414,453.80000000000007,4.994713927759788,600.0,446.12630322565803,0.7435438387094301,0
4,OzaBagAdwinExecutorMAXChunk,covtypeNorm,4,500,72,70.00116729736328,8400.0,119.9980010986328,5032.0,127,3.7257812500000007,953.8000000000002,69.891086390375,8400.0,447.0863025307656,0.05322455982509114,0
133,OzaBagAdwinExecutorMAXChunk,covtypeNorm,4,500,40,40.00766754150391,4800.0,119.97699737548828,7628.0,126,3.7232283464566924,945.6999999999999,39.94407829039345,4800.0,446.70175755117816,0.09306286615649545,0
165,OzaBagAdwinExecutorMAXChunk,covtypeNorm,4,500,8,5.002793312072754,600.0,119.93299865722656,45779.0,126,3.722834645669291,945.5999999999999,4.994672349493873,600.0,446.49072256013164,0.7441512042668861,0
41,OzaBagAdwinExecutorMAXChunk,covtypeNorm,4,50,72,69.93880462646484,8400.0,120.1050033569336,502.0,125,3.983333333333333,1003.8,69.88643454386622,8400.0,478.41826337178543,0.05695455516330779,0
42,OzaBagAdwinExecutorMAXChunk,covtypeNorm,4,50,72,69.93880462646484,8400.0,120.1050033569336,502.0,125,3.983333333333333,1003.8,69.89050487569475,8400.0,478.41826337178543,0.05695455516330779,0
138,OzaBagAdwinExecutorMAXChunk,covtypeNorm,4,50,40,39.9500617980957,4800.0,120.1500015258789,775.0,126,4.173228346456693,1060.0,39.94507552115841,4800.0,501.4133921946127,0.10446112337387764,0
139,OzaBagAdwinExecutorMAXChunk,covtypeNorm,4,50,40,39.9500617980957,4800.0,120.1500015258789,775.0,126,4.173228346456693,1060.0,39.946072801717676,4800.0,501.4133921946127,0.10446112337387764,0
48,OzaBagAdwinExecutorMAXChunk,covtypeNorm,4,50,8,4.997001647949219,600.0,120.0719985961914,5178.0,125,3.9781746031746033,1002.5,4.994713927759788,600.0,477.66737536778527,0.7961122922796421,0
49,OzaBagAdwinExecutorMAXChunk,covtypeNorm,4,50,8,4.997001647949219,600.0,120.0719985961914,5178.0,125,3.9781746031746033,1002.5,4.994755506717946,600.0,477.66737536778527,0.7961122922796421,0
37,OzaBagASHTExecutorMAXChunk,covtypeNorm,4,2000,60,60.00400161743164,7200.0,119.99199676513672,19574.0,59,3.9,7.8,59.910134797803295,7200.0,467.9687873840332,0.06499566491444905,0
26,OzaBagASHTExecutorMAXChunk,covtypeNorm,4,2000,33,30.009252548217773,3600.0,119.96299743652344,34419.0,59,3.720689655172415,107.90000000000003,29.962297442385,3600.0,446.3450835655477,0.12398474543487437,0
151,OzaBagASHTExecutorMAXChunk,covtypeNorm,4,2000,6,5.002501010894775,600.0,119.94000244140624,63103.0,59,3.7166666666666677,446.0000000000001,4.994589195038708,600.0,445.7770090738933,0.7429616817898221,0
8,OzaBagASHTExecutorMAXChunk,covtypeNorm,4,500,60,60.00249862670898,7200.0,119.99500274658205,5414.0,126,3.7244094488188977,946.0,59.90664547746429,7200.0,446.9105220404197,0.062070905838947185,0
0,OzaBagASHTExecutorMAXChunk,covtypeNorm,4,500,33,30.009504318237305,3600.0,119.96199798583984,9301.0,125,3.7242063492063493,938.5,29.962297442385,3600.0,446.76323456234405,0.12410089848954002,0
128,OzaBagASHTExecutorMAXChunk,covtypeNorm,4,500,6,5.00275182723999,600.0,119.93399810791016,45521.0,126,3.723228346456693,945.7,4.994755506717946,600.0,446.54166145925444,0.7442361024320907,0
82,OzaBagASHTExecutorMAXChunk,covtypeNorm,4,50,60,59.915618896484375,7200.0,120.16899871826172,549.0,126,3.8952755905511816,989.4000000000001,59.90614703630978,7200.0,468.0913674482211,0.06501268992336404,0
83,OzaBagASHTExecutorMAXChunk,covtypeNorm,4,50,60,59.915618896484375,7200.0,120.16899871826172,549.0,126,3.8952755905511816,989.4000000000001,59.90614703630978,7200.0,468.0913674482211,0.06501268992336404,0
87,OzaBagASHTExecutorMAXChunk,covtypeNorm,4,50,33,29.97551918029785,3600.0,120.0979995727539,908.0,125,4.112698412698413,1036.4,29.96105063417557,3600.0,493.9268522111197,0.1372019033919777,0
88,OzaBagASHTExecutorMAXChunk,covtypeNorm,4,50,33,29.97551918029785,3600.0,120.0979995727539,908.0,125,4.112698412698413,1036.4,29.962048072441572,3600.0,493.9268522111197,0.1372019033919777,0
89,OzaBagASHTExecutorMAXChunk,covtypeNorm,4,50,6,4.998292446136475,600.0,120.04100036621094,5146.0,126,4.007086614173228,1017.8,4.994672349493873,600.0,481.0146857194074,0.801691142865679,0
90,OzaBagASHTExecutorMAXChunk,covtypeNorm,4,50,6,4.998292446136475,600.0,120.04100036621094,5146.0,126,4.007086614173228,1017.8,4.994713927759788,600.0,481.0146857194074,0.801691142865679,0
17,LBagExecutorMAXChunk,covtypeNorm,4,2000,63,60.00350189208984,7200.0,119.99299621582033,22098.0,128,3.723643410852713,960.7,59.90863932502933,7200.0,446.8111297075139,0.062057101348265815,0
145,LBagExecutorMAXChunk,covtypeNorm,4,2000,35,33.14385986328125,4000.0,120.68599700927734,36422.0,126,3.7188976377952754,944.5999999999999,34.954268165816394,4200.0,448.81886919276917,0.11220471729819229,0
86,LBagExecutorMAXChunk,covtypeNorm,4,2000,7,5.00287675857544,600.0,119.93099975585938,63891.0,129,3.717307692307693,966.5000000000001,4.994797086368366,600.0,445.8204279386081,0.7430340465643468,0
127,LBagExecutorMAXChunk,covtypeNorm,4,500,63,59.98283386230469,7198.0,120.0009994506836,5531.0,126,3.7240157480314964,945.9000000000001,59.904651762611174,7200.0,446.88561173386466,0.06208469182187617,0
212,LBagExecutorMAXChunk,covtypeNorm,4,500,35,35.0081672668457,4200.0,119.97200012207033,8600.0,126,3.7244094488188977,946.0,34.95281370150297,4200.0,446.82485084834065,0.10638686924960492,0
213,LBagExecutorMAXChunk,covtypeNorm,4,500,7,5.002626419067383,600.0,119.93699645996094,46334.0,125,3.7226190476190473,938.0999999999999,4.994713927759788,600.0,446.4797475360688,0.7441329125601147,0
168,LBagExecutorMAXChunk,covtypeNorm,4,50,63,59.88272857666016,7200.0,120.23500061035156,559.0,125,4.435714285714286,1117.8,59.90515017888344,7200.0,533.3281098502023,0.07407334859030587,0
169,LBagExecutorMAXChunk,covtypeNorm,4,50,63,59.88272857666016,7200.0,120.23500061035156,559.0,125,4.435714285714286,1117.8,59.90764238465699,7200.0,533.3281098502023,0.07407334859030587,0
52,LBagExecutorMAXChunk,covtypeNorm,4,50,35,34.95892333984375,4200.0,120.14099884033205,867.0,126,4.301181102362205,1092.5,34.953977263270026,4200.0,516.7481938309558,0.12303528424546566,0
53,LBagExecutorMAXChunk,covtypeNorm,4,50,35,34.95892333984375,4200.0,120.14099884033205,867.0,126,4.301181102362205,1092.5,34.95514090250845,4200.0,516.7481938309558,0.12303528424546566,0
222,LBagExecutorMAXChunk,covtypeNorm,4,50,7,4.997584342956543,600.0,120.05799865722656,5261.0,125,4.0321428571428575,1016.1,4.994672349493873,600.0,484.09100172860286,0.8068183362143381,0
223,LBagExecutorMAXChunk,covtypeNorm,4,50,7,4.997584342956543,600.0,120.05799865722656,5261.0,125,4.0321428571428575,1016.1,4.994713927759788,600.0,484.09100172860286,0.8068183362143381,0
60,AdaptiveRandomForestExecutorMAXChunk,covtypeNorm,4,2000,96,94.8460464477539,11382.0,120.00499725341795,14953.0,126,3.8051181102362204,966.5,94.84666455896301,11400.0,456.63318836782855,0.04011888845262946,0
62,AdaptiveRandomForestExecutorMAXChunk,covtypeNorm,4,2000,53,48.82613754272461,6000.0,122.88500213623048,26106.0,127,3.9730468750000005,1017.1000000000001,49.92802043720303,6000.0,488.22787372171894,0.08137131228695316,0
196,AdaptiveRandomForestExecutorMAXChunk,covtypeNorm,4,2000,10,10.00441837310791,1200.0,119.9469985961914,70864.0,135,3.8735294117647054,1053.6,9.988762642027718,1200.0,464.61822691524725,0.38718185576270603,0
181,AdaptiveRandomForestExecutorMAXChunk,covtypeNorm,4,500,96,94.84921264648438,11382.0,120.0009994506836,3418.0,125,3.725,938.7,94.84587545238988,11400.0,447.0037229537964,0.03927286267385314,0
177,AdaptiveRandomForestExecutorMAXChunk,covtypeNorm,4,500,53,49.62738037109375,6000.0,120.9010009765625,6205.0,125,3.7265873015873017,939.1,49.9271895152902,6000.0,450.54813498845175,0.07509135583140862,0
85,AdaptiveRandomForestExecutorMAXChunk,covtypeNorm,4,500,10,10.00500202178955,1200.0,119.94000244140624,25606.0,125,3.7242063492063497,938.5000000000001,9.989012086704625,1200.0,446.6813186161102,0.37223443218009183,0
155,AdaptiveRandomForestExecutorMAXChunk,covtypeNorm,4,50,96,94.8397216796875,11382.0,120.01300048828124,371.0,124,4.108,1027.0,94.83850538315389,11381.0,493.0134060058593,0.04331518239376729,0
156,AdaptiveRandomForestExecutorMAXChunk,covtypeNorm,4,50,96,94.8397216796875,11382.0,120.01300048828124,371.0,124,4.108,1027.0,94.84193011647254,11400.0,493.0134060058593,0.04331518239376729,0
159,AdaptiveRandomForestExecutorMAXChunk,covtypeNorm,4,50,53,49.94963455200195,6000.0,120.12100219726562,531.0,125,3.96984126984127,1000.4,49.9271895152902,6000.0,476.86131189739893,0.07947688531623316,0
96,AdaptiveRandomForestExecutorMAXChunk,covtypeNorm,4,50,10,9.993754386901855,1200.0,120.0749969482422,2630.0,123,3.9862903225806456,988.6000000000001,9.988762642027718,1200.0,478.65379831867847,0.3988781652655654,0
97,AdaptiveRandomForestExecutorMAXChunk,covtypeNorm,4,50,10,9.993754386901855,1200.0,120.0749969482422,2630.0,123,3.9862903225806456,988.6000000000001,9.989012086704625,1200.0,478.65379831867847,0.3988781652655654,0
215,StreamingRandomPatchesExecutorMAXChunk,GMSC,4,2000,164,159.977294921875,19168.0,119.81700134277344,8722.0,125,3.7222222222222223,938.0,159.72667805508104,19168.0,445.98550499810113,0.023267190369266545,0
107,StreamingRandomPatchesExecutorMAXChunk,GMSC,4,2000,91,89.8568344116211,10783.0,120.0019989013672,13768.0,124,3.724,931.0,89.85623003194888,10800.0,446.88744390869147,0.04144370248619971,0
135,StreamingRandomPatchesExecutorMAXChunk,GMSC,4,2000,18,15.006128311157228,1800.0,119.95099639892578,68578.0,133,3.7238805970149254,998.0,14.982146275688137,1800.0,446.6831880825669,0.24815732671253718,0
32,StreamingRandomPatchesExecutorMAXChunk,GMSC,4,500,164,159.97462463378906,19168.0,119.81900024414062,2139.0,125,3.723412698412698,938.3,159.72268515432305,19168.0,446.1355870201474,0.02327502019095093,0
195,StreamingRandomPatchesExecutorMAXChunk,GMSC,4,500,91,89.85608673095703,10783.0,120.00299835205078,3435.0,124,3.7264000000000004,931.6000000000001,89.85697764391676,10800.0,447.1791730590821,0.04147075703042586,0
73,StreamingRandomPatchesExecutorMAXChunk,GMSC,4,500,18,15.005751609802246,1800.0,119.9540023803711,17541.0,125,3.7261904761904767,939.0000000000001,14.982021574111066,1800.0,446.97146125066854,0.24831747847259364,0
201,StreamingRandomPatchesExecutorMAXChunk,GMSC,4,50,164,159.9185791015625,19168.0,119.86100006103516,202.0,124,4.0244,1006.0999999999999,159.71603076333398,19168.0,482.3686086456299,0.025165307212313744,0
202,StreamingRandomPatchesExecutorMAXChunk,GMSC,4,50,164,159.9185791015625,19168.0,119.86100006103516,202.0,124,4.0244,1006.0999999999999,89.85398727068514,10800.0,482.3686086456299,0.025165307212313744,0
203,StreamingRandomPatchesExecutorMAXChunk,GMSC,4,50,164,159.9185791015625,19168.0,119.86100006103516,202.0,124,4.0244,1006.0999999999999,159.72135423176596,19168.0,482.3686086456299,0.025165307212313744,0
175,StreamingRandomPatchesExecutorMAXChunk,GMSC,4,50,91,89.85084533691406,10783.0,120.01000213623048,336.0,123,4.2124999999999995,1044.6999999999998,89.85174462137473,10800.0,505.54213399887084,0.046883254567269855,0
93,StreamingRandomPatchesExecutorMAXChunk,GMSC,4,50,18,14.98513889312744,1800.0,120.11900329589844,1777.0,124,3.9799999999999995,994.9999999999999,14.981896874609847,1800.0,478.07363311767574,0.2655964628431532,0
94,StreamingRandomPatchesExecutorMAXChunk,GMSC,4,50,18,14.98513889312744,1800.0,120.11900329589844,1777.0,124,3.9799999999999995,994.9999999999999,14.982395685070042,1800.0,478.07363311767574,0.2655964628431532,0
95,StreamingRandomPatchesExecutorMAXChunk,GMSC,4,50,18,14.98513889312744,1800.0,120.11900329589844,1777.0,124,3.9799999999999995,994.9999999999999,14.98252039287498,1800.0,478.07363311767574,0.2655964628431532,0
76,OzaBagExecutorMAXChunk,GMSC,4,2000,1019,1012.8828125,121394.0,119.8499984741211,1333.0,125,3.6944444444444446,931.0,1011.3048476719678,121394.0,442.77916102939184,0.0036474550721567116,0
214,OzaBagExecutorMAXChunk,GMSC,4,2000,566,564.4205322265625,67687.0,119.9229965209961,2149.0,126,3.7169291338582675,944.0999999999999,563.5417533927233,67687.0,445.74527958847403,0.0065853898028938205,0
6,OzaBagExecutorMAXChunk,GMSC,4,2000,113,109.82134246826172,13179.0,120.00399780273438,9489.0,126,3.7153543307086614,943.7,109.8224536998519,13200.0,445.85737293874183,0.03383089558682312,0
91,OzaBagExecutorMAXChunk,GMSC,4,500,1019,1012.9165649414062,121394.0,119.84600067138672,320.0,126,3.723228346456693,945.7,1011.3553998550374,121394.0,446.2140269091749,0.0036757502587374574,0
27,OzaBagExecutorMAXChunk,GMSC,4,500,566,564.4110717773438,67687.0,119.9250030517578,526.0,126,3.72244094488189,945.5,563.5276781031196,67687.0,446.4137416749488,0.006595265585340595,0
221,OzaBagExecutorMAXChunk,GMSC,4,500,113,109.98714447021484,13178.0,119.81400299072266,2413.0,125,3.7222222222222223,938.0,109.81575153540386,13178.0,445.97434446546765,0.033842339085253276,0
123,OzaBagExecutorMAXChunk,GMSC,4,50,1019,1012.4181518554688,121394.0,119.90499877929688,31.0,126,4.134645669291338,1050.1999999999998,1011.422810627963,121394.0,495.764683929203,0.004083930704393982,0
124,OzaBagExecutorMAXChunk,GMSC,4,50,1019,1012.4181518554688,121394.0,119.90499877929688,31.0,126,4.134645669291338,1050.1999999999998,1011.3469741402293,121394.0,495.764683929203,0.004083930704393982,0
125,OzaBagExecutorMAXChunk,GMSC,4,50,1019,1012.4181518554688,121394.0,119.90499877929688,31.0,126,4.134645669291338,1050.1999999999998,1011.2711490240835,121394.0,495.764683929203,0.004083930704393982,0
182,OzaBagExecutorMAXChunk,GMSC,4,50,566,564.2557983398438,67687.0,119.95800018310548,51.0,125,4.0738095238095235,1026.6,563.5136035166006,67687.0,488.68604360307967,0.007219791741443404,0
183,OzaBagExecutorMAXChunk,GMSC,4,50,566,564.2557983398438,67687.0,119.95800018310548,51.0,125,4.0738095238095235,1026.6,563.5136035166006,67687.0,488.68604360307967,0.007219791741443404,0
184,OzaBagExecutorMAXChunk,GMSC,4,50,566,564.2557983398438,67687.0,119.95800018310548,51.0,125,4.0738095238095235,1026.6,563.4948384948385,67687.0,488.68604360307967,0.007219791741443404,0
54,OzaBagExecutorMAXChunk,GMSC,4,50,113,109.9862289428711,13178.0,119.81500244140624,233.0,126,4.094094488188975,1039.8999999999996,109.8197126384186,13200.0,490.5339410977098,0.03722370170721732,0
55,OzaBagExecutorMAXChunk,GMSC,4,50,113,109.9862289428711,13178.0,119.81500244140624,233.0,126,4.094094488188975,1039.8999999999996,109.81879898168023,13200.0,490.5339410977098,0.03722370170721732,0
56,OzaBagExecutorMAXChunk,GMSC,4,50,113,109.9862289428711,13178.0,119.81500244140624,233.0,126,4.094094488188975,1039.8999999999996,109.81483641939302,13178.0,490.5339410977098,0.03722370170721732,0
209,OzaBagAdwinExecutorMAXChunk,GMSC,4,2000,824,815.0094604492188,98000.0,120.24400329589844,1619.0,126,3.721259842519685,945.2,817.4820461183833,98236.0,447.4591807688315,0.0045659100078452195,0
143,OzaBagAdwinExecutorMAXChunk,GMSC,4,2000,457,454.63568115234375,54509.0,119.89600372314452,2605.0,125,3.7206349206349207,937.6,453.9012407361146,54509.0,446.08925829690594,0.008183772556768717,0
63,OzaBagAdwinExecutorMAXChunk,GMSC,4,2000,91,89.85758209228516,10783.0,120.0009994506836,11598.0,126,3.7244094488188977,946.0,89.85697764391676,10800.0,446.9328562218373,0.04144791395917994,0
114,OzaBagAdwinExecutorMAXChunk,GMSC,4,500,824,818.65380859375,98236.0,119.99700164794922,394.0,126,3.725984251968504,946.4,817.3868184352195,98236.0,447.1069384236974,0.004551355291580453,0
5,OzaBagAdwinExecutorMAXChunk,GMSC,4,500,457,454.287109375,54509.0,119.98799896240234,649.0,125,3.726587301587302,939.1000000000001,453.8710053456344,54509.0,447.145753276159,0.008203154585043919,0
231,OzaBagAdwinExecutorMAXChunk,GMSC,4,500,91,89.85608673095703,10783.0,120.00299835205078,2946.0,126,3.7251968503937003,946.1999999999999,89.85623003194888,10800.0,447.03479149886,0.04145736729100065,0
190,OzaBagAdwinExecutorMAXChunk,GMSC,4,50,824,818.2515258789062,98200.0,120.01200103759766,37.0,126,3.990551181102362,1013.5999999999999,817.434429503395,98236.0,478.91403248704324,0.004876924974409809,0
191,OzaBagAdwinExecutorMAXChunk,GMSC,4,50,824,818.2515258789062,98200.0,120.01200103759766,37.0,126,3.990551181102362,1013.5999999999999,817.3868184352195,98236.0,478.91403248704324,0.004876924974409809,0
192,OzaBagAdwinExecutorMAXChunk,GMSC,4,50,824,818.2515258789062,98200.0,120.01200103759766,37.0,126,3.990551181102362,1013.5999999999999,817.4684408051859,98236.0,478.91403248704324,0.004876924974409809,0
162,OzaBagAdwinExecutorMAXChunk,GMSC,4,50,457,454.5068054199219,54509.0,119.93000030517578,63.0,125,4.140079365079365,1043.3,453.8558891608799,54509.0,496.5197195174202,0.00910894933896091,0
163,OzaBagAdwinExecutorMAXChunk,GMSC,4,50,457,454.5068054199219,54509.0,119.93000030517578,63.0,125,4.140079365079365,1043.3,453.8861225373458,54509.0,496.5197195174202,0.00910894933896091,0
164,OzaBagAdwinExecutorMAXChunk,GMSC,4,50,457,454.5068054199219,54509.0,119.93000030517578,63.0,125,4.140079365079365,1043.3,453.87856381561414,54509.0,496.5197195174202,0.00910894933896091,0
21,OzaBagAdwinExecutorMAXChunk,GMSC,4,50,91,89.989501953125,10800.0,120.01399993896484,284.0,126,4.0208661417322835,1021.3,89.85398727068514,10800.0,482.5602288884441,0.04468150267485593,0
22,OzaBagAdwinExecutorMAXChunk,GMSC,4,50,91,89.989501953125,10800.0,120.01399993896484,284.0,126,4.0208661417322835,1021.3,89.85623003194888,10800.0,482.5602288884441,0.04468150267485593,0
23,OzaBagAdwinExecutorMAXChunk,GMSC,4,50,91,89.989501953125,10800.0,120.01399993896484,284.0,126,4.0208661417322835,1021.3,89.8554824324212,10800.0,482.5602288884441,0.04468150267485593,0
31,OzaBagASHTExecutorMAXChunk,GMSC,4,2000,1552,1542.2578125,150000.0,97.26000213623048,976.0,102,3.714563106796117,765.2,1544.9582861262745,150000.0,361.27841570215327,0.0024085227713476886,0
224,OzaBagASHTExecutorMAXChunk,GMSC,4,2000,862,858.5737915039062,103028.0,119.9990005493164,1487.0,126,3.722047244094488,945.4,857.2522132729814,103028.0,446.6419492886761,0.00433515111706212,0
92,OzaBagASHTExecutorMAXChunk,GMSC,4,2000,172,169.98580932617188,20366.0,119.80999755859376,6420.0,125,3.716666666666667,936.6,169.71242385607027,20366.0,445.29382425944016,0.021864569589484444,0
179,OzaBagASHTExecutorMAXChunk,GMSC,4,500,1552,1546.4554443359375,150000.0,96.99600219726562,219.0,103,3.7230769230769236,774.4000000000001,1544.7037258253868,150000.0,361.1235774113582,0.0024074905160757216,0
160,OzaBagASHTExecutorMAXChunk,GMSC,4,500,862,857.8615112304688,103000.0,120.06600189208984,364.0,125,3.719444444444445,937.3000000000002,857.2664791732539,103028.0,446.5788237041898,0.004335716734992134,0
20,OzaBagASHTExecutorMAXChunk,GMSC,4,500,172,169.97303771972656,20366.0,119.81900024414062,1594.0,126,3.724015748031496,945.9,169.7081812576038,20366.0,446.2078438225693,0.021909449269496676,0
46,OzaBagASHTExecutorMAXChunk,GMSC,4,50,1552,1546.423583984375,150000.0,96.9980010986328,21.0,103,4.00576923076923,833.1999999999999,1543.6227797559018,150000.0,388.55160824702324,0.002590344054980155,0
47,OzaBagASHTExecutorMAXChunk,GMSC,4,50,1552,1546.423583984375,150000.0,96.9980010986328,21.0,103,4.00576923076923,833.1999999999999,1544.52876427402,150000.0,388.55160824702324,0.002590344054980155,0
69,OzaBagASHTExecutorMAXChunk,GMSC,4,50,862,857.0845336914062,102857.0,120.00800323486328,35.0,124,4.1724,1043.1,857.1452341533624,103028.0,500.72139269714353,0.004868131412515857,0
70,OzaBagASHTExecutorMAXChunk,GMSC,4,50,862,857.0845336914062,102857.0,120.00800323486328,35.0,124,4.1724,1043.1,857.111905535695,102856.0,500.72139269714353,0.004868131412515857,0
71,OzaBagASHTExecutorMAXChunk,GMSC,4,50,862,857.0845336914062,102857.0,120.00800323486328,35.0,124,4.1724,1043.1,857.1594964932569,103028.0,500.72139269714353,0.004868131412515857,0
129,OzaBagASHTExecutorMAXChunk,GMSC,4,50,172,169.9460906982422,20366.0,119.83799743652344,154.0,126,4.188582677165354,1063.9,169.70393887125132,20366.0,501.9513601288082,0.024646536390494363,0
130,OzaBagASHTExecutorMAXChunk,GMSC,4,50,172,169.9460906982422,20366.0,119.83799743652344,154.0,126,4.188582677165354,1063.9,169.70535297646825,20366.0,501.9513601288082,0.024646536390494363,0
131,OzaBagASHTExecutorMAXChunk,GMSC,4,50,172,169.9460906982422,20366.0,119.83799743652344,154.0,126,4.188582677165354,1063.9,169.69121298471896,20366.0,501.9513601288082,0.024646536390494363,0
117,LBagExecutorMAXChunk,GMSC,4,2000,299,294.85479736328125,35341.0,119.85900115966795,4376.0,126,3.7267716535433073,946.6,294.3856726364015,35341.0,446.68712794386494,0.012639346027103504,0
152,LBagExecutorMAXChunk,GMSC,4,2000,166,164.9724578857422,19767.0,119.81999969482422,7461.0,125,3.725,938.7,164.71264655150864,19767.0,446.32949886322024,0.022579526426024194,0
18,LBagExecutorMAXChunk,GMSC,4,2000,33,30.00775146484375,3600.0,119.96900177001952,34846.0,127,3.723437500000001,953.2000000000003,29.960551939945738,3600.0,446.6970800280572,0.1240825222300159,0
167,LBagExecutorMAXChunk,GMSC,4,500,299,294.8523254394531,35341.0,119.86000061035156,1114.0,126,3.7287401574803147,947.0999999999999,294.37831624365907,35341.0,446.9267975514329,0.012646127657718597,0
111,LBagExecutorMAXChunk,GMSC,4,500,166,164.980712890625,19767.0,119.81400299072266,1818.0,11975,3.734214261857048,89441.90000000002,24.968373393701313,3000.0,447.4111587381396,0.022634246913448657,0
112,LBagExecutorMAXChunk,GMSC,4,500,166,164.980712890625,19767.0,119.81400299072266,1818.0,11975,3.734214261857048,89441.90000000002,164.72362730310581,19767.0,447.4111587381396,0.022634246913448657,0
15,LBagExecutorMAXChunk,GMSC,4,500,33,30.00775146484375,3600.0,119.96900177001952,8864.0,126,3.892125984251968,988.5999999999999,29.96005326231691,3600.0,466.9344690938633,0.1297040191927398,0
16,LBagExecutorMAXChunk,GMSC,4,500,33,30.00775146484375,3600.0,119.96900177001952,8864.0,126,3.892125984251968,988.5999999999999,29.96030259905625,3600.0,466.9344690938633,0.1297040191927398,0
198,LBagExecutorMAXChunk,GMSC,4,50,299,294.7613220214844,35341.0,119.89700317382812,106.0,126,4.025590551181103,1022.5,294.3856726364015,35341.0,482.6562430914932,0.013657119014501378,0
199,LBagExecutorMAXChunk,GMSC,4,50,299,294.7613220214844,35341.0,119.89700317382812,106.0,126,4.025590551181103,1022.5,294.3832204646359,35341.0,482.6562430914932,0.013657119014501378,0
200,LBagExecutorMAXChunk,GMSC,4,50,299,294.7613220214844,35341.0,119.89700317382812,106.0,126,4.025590551181103,1022.5,294.3832204646359,35341.0,482.6562430914932,0.013657119014501378,0
11,LBagExecutorMAXChunk,GMSC,4,50,166,164.9174041748047,19767.0,119.86000061035156,177.0,125,4.129761904761905,1040.7,164.7085291470853,19767.0,494.9932644253685,0.025041395478594047,0
12,LBagExecutorMAXChunk,GMSC,4,50,166,164.9174041748047,19767.0,119.86000061035156,177.0,125,4.129761904761905,1040.7,164.71539160215653,19767.0,494.9932644253685,0.025041395478594047,0
13,LBagExecutorMAXChunk,GMSC,4,50,166,164.9174041748047,19767.0,119.86000061035156,177.0,125,4.129761904761905,1040.7,164.70990159235404,19767.0,494.9932644253685,0.025041395478594047,0
232,LBagExecutorMAXChunk,GMSC,4,50,33,30.0,3600.0,120.0,856.0,126,3.938976377952756,1000.5,29.960551939945738,3600.0,472.6771653543307,0.1312992125984252,0
233,LBagExecutorMAXChunk,GMSC,4,50,33,30.0,3600.0,120.0,856.0,126,3.938976377952756,1000.5,29.96030259905625,3600.0,472.6771653543307,0.1312992125984252,0
234,LBagExecutorMAXChunk,GMSC,4,50,33,30.0,3600.0,120.0,856.0,126,3.938976377952756,1000.5,29.960551939945738,3600.0,472.6771653543307,0.1312992125984252,0
141,AdaptiveRandomForestExecutorMAXChunk,GMSC,4,2000,267,264.8828125,31747.0,119.85299682617188,5228.0,126,3.7248031496062994,946.1,264.4657703137235,31747.0,446.4288200678788,0.01406207893873055,0
61,AdaptiveRandomForestExecutorMAXChunk,GMSC,4,2000,148,144.75701904296875,17372.0,120.00800323486328,8615.0,125,3.7246031746031747,938.6,144.7599397665538,17400.0,446.98218982635984,0.025730036255259027,0
68,AdaptiveRandomForestExecutorMAXChunk,GMSC,4,2000,29,25.007503509521484,3000.0,119.96399688720705,38865.0,125,3.7261904761904763,939.0,24.968373393701313,3000.0,447.00870268685486,0.1490029008956183,0
108,AdaptiveRandomForestExecutorMAXChunk,GMSC,4,500,267,264.89166259765625,31747.0,119.8489990234375,1274.0,125,4.324206349206349,1089.7,264.4657703137235,31747.0,518.251802523174,0.016324433884246512,0
109,AdaptiveRandomForestExecutorMAXChunk,GMSC,4,500,267,264.89166259765625,31747.0,119.8489990234375,1274.0,125,4.324206349206349,1089.7,264.4635672217455,31747.0,518.251802523174,0.016324433884246512,0
204,AdaptiveRandomForestExecutorMAXChunk,GMSC,4,500,148,144.7582244873047,17372.0,120.00700378417967,2121.0,124,4.2623999999999995,1065.6,144.76355286365603,17400.0,511.51785292968736,0.02944496044955603,0
205,AdaptiveRandomForestExecutorMAXChunk,GMSC,4,500,148,144.7582244873047,17372.0,120.00700378417967,2121.0,124,4.2623999999999995,1065.6,144.7587354409318,17400.0,511.51785292968736,0.02944496044955603,0
74,AdaptiveRandomForestExecutorMAXChunk,GMSC,4,500,29,24.93475341796875,3000.0,120.31400299072266,10899.0,125,3.848809523809524,969.9,24.968165588874186,3000.0,463.0656805583409,0.1543552268527803,0
75,AdaptiveRandomForestExecutorMAXChunk,GMSC,4,500,29,24.93475341796875,3000.0,120.31400299072266,10899.0,125,3.848809523809524,969.9,24.967542195146308,3000.0,463.0656805583409,0.1543552268527803,0
33,AdaptiveRandomForestExecutorMAXChunk,GMSC,4,50,267,264.7988586425781,31747.0,119.89099884033205,116.0,125,4.268253968253968,1075.6,264.4613641664723,31747.0,511.72523155817913,0.016118853169060986,0
34,AdaptiveRandomForestExecutorMAXChunk,GMSC,4,50,267,264.7988586425781,31747.0,119.89099884033205,116.0,125,4.268253968253968,1075.6,264.4833963710282,31747.0,511.72523155817913,0.016118853169060986,0
35,AdaptiveRandomForestExecutorMAXChunk,GMSC,4,50,267,264.7988586425781,31747.0,119.89099884033205,116.0,125,4.268253968253968,1075.6,264.4657703137235,31747.0,511.72523155817913,0.016118853169060986,0
148,AdaptiveRandomForestExecutorMAXChunk,GMSC,4,50,148,144.9503936767578,17371.0,119.84100341796876,205.0,123,4.036693548387096,1001.0999999999999,,,483.7614053295505,0.02784879427376377,0
225,AdaptiveRandomForestExecutorMAXChunk,GMSC,4,50,29,24.996875762939453,3000.0,120.01499938964844,977.0,124,3.7971887550200805,945.5,24.968165588874186,3000.0,455.71960611611485,0.15190653537203827,0
