,algorithm,dataset,cores,batch_size,inc_rate,out_rate,instances,time,delay,acc,ensemble_size,duration,avg_measure,sum_measure,prod_rate,tt_inst_prod,avg_times_duration,joules,JPIold,JPI,frequency_maximum,PERC,tput
66,StreamingRandomPatchesExecutorRUNPER,elecNormNew,4,1,97,94.84209442138672,11382.0,120.01000213623048,856.0,91.50412932700756,25,125,3.602643171806167,817.8,94.84350821145111,11400.0,450.3303964757709,432.3532147445343,0.0003165211010196949,0.03956513762746186,600,90,94.84209480372824
56,StreamingRandomPatchesExecutorRUNPER,elecNormNew,4,1,54,49.93708801269531,5993.0,120.01100158691406,234.0,91.13966294009678,25,125,3.391891891891891,752.9999999999999,49.9271895152902,6000.0,423.9864864864864,407.0643432204787,0.000565975620205555,0.07074695252569438,600,50,49.93708843984412
87,StreamingRandomPatchesExecutorRUNPER,elecNormNew,4,1,10,10.00300121307373,1200.0,119.96399688720705,36.0,90.58333333333334,25,125,3.217621145374449,730.4,9.989095237698846,1200.0,402.20264317180613,385.998693067912,0.0026813509544787078,0.33516886930983847,600,10,10.00300115982521
36,StreamingRandomPatches,elecNormNew,1,1,97,92.85755920410156,11143.0,120.0009994506836,3300.0,91.67190164228664,25,125,3.507048458149779,796.0999999999999,94.84350821145111,11400.0,438.3810572687224,420.8493200999524,0.00031473108302519783,0.039341385378149726,600,90,92.85755994540196
46,StreamingRandomPatches,elecNormNew,1,1,54,49.932918548583984,5992.0,120.0009994506836,372.0,91.53871829105476,25,125,3.3429203539823007,755.5,49.92552775443297,6000.0,417.8650442477876,401.15378356190905,0.0005578972553375001,0.06973715691718751,600,50,49.932917454262636
97,StreamingRandomPatches,elecNormNew,1,1,10,10.00341796875,1200.0,119.95899963378906,62.0,90.75,25,125,3.198237885462555,726.0,9.98892893709472,1200.0,399.77973568281936,383.6574173309729,0.0026651982378854623,0.3331497797356828,600,10,10.003417864965206
126,OzaBagExecutorRUNPER,elecNormNew,4,1,577,568.6202392578125,44950.0,79.0510025024414,1126.0,82.39377085650723,25,87,3.59622641509434,571.8000000000001,571.9045815978795,45312.0,312.8716981132076,284.28530333896856,8.000503704325562e-05,0.006960438222763239,600,90,568.6202398079869
114,OzaBagExecutorRUNPER,elecNormNew,4,1,320,319.535888671875,38336.0,119.9739990234375,298.0,82.11602671118531,25,128,3.410344827586207,791.2,319.23787951967756,38336.0,436.5241379310345,409.1527070144127,8.89593287663347e-05,0.011386794082090841,600,50,319.5359020458331
24,OzaBagExecutorRUNPER,elecNormNew,4,1,64,59.91616821289063,7190.0,120.0009994506836,36.0,87.67732962447845,25,128,3.215517241379311,746.0000000000001,59.90664547746429,7200.0,411.5862068965518,385.8652827164223,0.00044722075679823515,0.0572442568701741,600,10,59.91616763954412
123,OzaBagAdwinExecutorRUNPER,elecNormNew,4,1,444,438.41644287109375,45238.0,103.18499755859376,1263.0,86.13333922808259,25,111,3.5405940594059406,715.2,438.68719140284634,45312.0,393.0059405940594,365.3361893757736,7.826592818882224e-05,0.008687518028959269,600,90,438.41644687069487
106,OzaBagAdwinExecutorRUNPER,elecNormNew,4,1,247,244.73851013183597,29351.0,119.9280014038086,304.0,86.9374126946271,25,128,3.3724137931034486,782.4000000000001,244.49183250172845,29351.0,431.6689655172414,404.44684611353387,0.00011489945123176208,0.014707129757665546,600,50,244.73850690776115
70,OzaBagAdwinExecutorRUNPER,elecNormNew,4,1,49,45.00337600708008,5400.0,119.99099731445312,24.0,90.53703703703704,25,128,3.216810344827587,746.3000000000002,44.93447056376118,5400.0,411.75172413793115,385.98828144731203,0.0005957056194125162,0.07625031928480207,600,10,45.00337626037516
25,OzaBagAdwin,elecNormNew,1,1,444,439.2144775390625,45312.0,103.16600036621094,520.0,84.76783192090396,25,111,3.3626943005181347,649.0,438.7509077705156,45312.0,373.25906735751295,346.91572143870934,7.421200345423144e-05,0.008237532383419689,600,90,439.2144683243981
30,OzaBagAdwin,elecNormNew,1,1,247,244.72219848632807,29351.0,119.93599700927734,197.0,86.0106981022793,25,128,3.282832618025752,764.9000000000002,244.48164992420078,29351.0,420.20257510729624,393.7298030574947,0.00011184738571175605,0.014316465371104774,600,50,244.72219126781118
139,OzaBagAdwin,elecNormNew,1,1,49,44.9879150390625,5399.0,120.01000213623048,22.0,88.99796258566401,25,128,3.163793103448276,734.0,44.93372275893058,5400.0,404.9655172413793,379.68681710341883,0.0005859961295514495,0.07500750458258554,600,10,44.987916872722614
111,OzaBagASHTExecutorRUNPER,elecNormNew,4,1,556,547.0714111328125,44786.0,81.86499786376953,1491.0,82.9701245925066,25,90,3.566666666666667,567.1,552.3496068751143,45312.0,321.0,291.98515904744465,7.963798210750384e-05,0.007167418389675345,600,90,547.0714123089308
108,OzaBagASHTExecutorRUNPER,elecNormNew,4,1,309,304.5475158691406,36539.0,119.97799682617188,276.0,83.46698048660336,25,128,3.3900862068965516,786.5,304.2888074616922,36539.0,433.9310344827586,406.7357521714835,9.277993943174557e-05,0.011875832247263433,600,50,304.5475084313912
61,OzaBagASHTExecutorRUNPER,elecNormNew,4,1,61,59.9744987487793,7197.0,120.0009994506836,30.0,88.49520633597332,25,128,3.2154506437768244,749.2,59.90764238465699,7200.0,411.5776824034335,385.85729093756294,0.0004467765240762574,0.05718739508176095,600,10,59.97450048703742
75,OzaBagASHT,elecNormNew,1,1,556,552.5072021484375,45231.0,81.86499786376953,597.0,83.38971059671464,25,90,3.3939024390243904,556.6,552.4236808738906,45312.0,305.4512195121951,277.84181592057394,7.50348751746455e-05,0.006753138765718094,600,90,552.5071908664594
79,OzaBagASHT,elecNormNew,1,1,309,304.6744689941406,36539.0,119.9280014038086,182.0,83.44508607241578,25,128,3.2568965517241386,755.6000000000001,304.31668457303715,36539.0,416.88275862068974,390.59309422723186,8.91348025869383e-05,0.011409254731128103,600,50,304.67446778313126
132,OzaBagASHT,elecNormNew,1,1,61,59.93283462524414,7192.0,120.0009994506836,22.0,88.01446051167964,25,127,3.172173913043479,729.6000000000001,59.90714392691328,7200.0,402.8660869565218,380.6640399966033,0.00044106978768680184,0.056015863036223836,600,10,59.93283416739935
85,OzaBag,elecNormNew,1,1,577,572.9359130859375,45286.0,79.04199981689453,495.0,82.71651282957205,25,87,3.40253164556962,537.6,571.9117999722324,45312.0,296.02025316455695,268.9429057060918,7.513429416529656e-05,0.006536683592380801,600,90,572.9359088194592
73,OzaBag,elecNormNew,1,1,320,319.6451416015625,38336.0,119.93299865722656,169.0,82.65077212020033,25,128,3.260775862068966,756.5000000000001,319.24053795228383,38336.0,417.3793103448277,391.0746270870341,8.505780107650684e-05,0.010887398537792876,600,50,319.64513877924344
40,OzaBag,elecNormNew,1,1,64,60.0009994506836,7200.0,119.9980010986328,19.0,87.52777777777779,25,128,3.2038793103448278,743.3000000000001,59.90515017888344,7200.0,410.09655172413795,384.45911300264555,0.00044498323754789274,0.05695785440613027,600,10,60.00099946733224
107,LeveragingBag,elecNormNew,1,1,276,244.12741088867188,29297.0,120.00700378417967,7314.0,90.0126292794484,25,128,3.462931034482758,803.3999999999999,274.41589271583854,32945.0,443.25517241379305,415.5759777595256,0.00011820087498661154,0.015129711998286277,600,90,244.1274182020881
138,LeveragingBag,elecNormNew,1,1,153,149.86865234375,17970.0,119.90499877929688,823.0,91.13522537562604,25,128,3.381304347826087,777.7,149.72754086886968,17970.0,432.80695652173915,405.4352936985182,0.000188163847959159,0.024084972538772353,600,50,149.86864753717632
134,LeveragingBag,elecNormNew,1,1,30,30.005250930786133,3600.0,119.97899627685548,42.0,90.63888888888889,25,128,3.20948275862069,744.6000000000001,29.959055956858958,3600.0,410.81379310344835,385.07051994718364,0.0008915229885057473,0.11411494252873565,600,10,30.005251850022827
140,LBagExecutorRUNPER,elecNormNew,4,1,276,274.6034545898437,32945.0,119.9729995727539,1031.0,89.91045682197603,25,128,3.582327586206896,831.0999999999999,274.41132128905434,32945.0,458.5379310344827,429.7825859694645,0.00010873660908201234,0.013918285962497579,600,90,274.60345342138027
119,LBagExecutorRUNPER,elecNormNew,4,1,153,149.889892578125,17970.0,119.88800048828124,291.0,91.21313299944352,25,128,3.420689655172414,793.6,149.7337788406256,17970.0,437.848275862069,410.09964304956895,0.00019035557346535413,0.02436551340356533,600,50,149.88989662694829
98,LBagExecutorRUNPER,elecNormNew,4,1,30,30.00625228881836,3600.0,119.9749984741211,22.0,90.88888888888889,25,128,3.2475770925110132,737.2,29.96030259905625,3600.0,415.6898678414097,389.62805671859945,0.0009021047479197259,0.11546940773372491,600,10,30.006251683983383
96,AdaptiveRandomForestSequential,elecNormNew,1,1,184,135.9788055419922,16318.0,120.00399780273438,11417.0,89.49626179678883,25,125,3.5189427312775323,798.7999999999998,179.66257029785461,21564.0,439.86784140969155,422.2871957921771,0.00021564791832807528,0.02695598979100941,600,90,135.97880319640637
45,AdaptiveRandomForestSequential,elecNormNew,1,1,102,99.8416519165039,11980.0,119.98999786376952,1157.0,89.55759599332221,25,125,3.446902654867256,778.9999999999999,99.82917378442565,11980.0,430.862831858407,413.5938421941435,0.00028772142361162403,0.03596517795145301,600,50,99.84165524864395
32,AdaptiveRandomForestSequential,elecNormNew,1,1,20,20.00300025939941,2400.0,119.98200225830078,56.0,86.66666666666667,25,125,3.2572072072072085,723.1000000000003,19.975363718081034,2400.0,407.15090090090104,390.80624249088885,0.0013571696696696703,0.16964620870870875,600,10,20.003000073571112
17,AdaptiveRandomForestExecutorRUNPER,elecNormNew,4,1,184,179.78089904785156,21564.0,119.9459991455078,1673.0,89.57521795585235,25,125,3.7176211453744497,843.9000000000001,179.66556410021414,21564.0,464.7026431718062,445.9137827264055,0.00017239942243435586,0.02154992780429448,600,90,179.78090268638704
128,AdaptiveRandomForestExecutorRUNPER,elecNormNew,4,1,102,99.9307632446289,11980.0,119.88300323486328,446.0,89.31552587646077,25,126,3.4803493449781664,797.0000000000001,99.83083756239428,11980.0,438.52401746724894,417.23473178247184,0.0002905133009163745,0.03660467591546318,600,50,99.93076313353556
136,AdaptiveRandomForestExecutorRUNPER,elecNormNew,4,1,20,20.00416755676269,2400.0,119.9749984741211,35.0,86.95833333333334,25,126,3.2733624454148478,749.6000000000001,19.975696236245902,2400.0,412.4436681222708,392.72165439389164,0.0013639010189228533,0.1718515283842795,600,10,20.004167789322256
5,StreamingRandomPatchesExecutorRUNPER,covtypeNorm,4,1,46,44.85646438598633,5383.0,120.00499725341795,1133.0,82.37042541333828,25,125,3.603964757709251,818.0999999999999,44.93970589459142,5400.0,450.4955947136564,432.4937808503137,0.0006695085932954209,0.08368857416192763,600,90,44.85646534062716
9,StreamingRandomPatchesExecutorRUNPER,covtypeNorm,4,1,25,24.99020767211914,2999.0,120.00700378417967,417.0,79.99333111037012,25,125,3.4863013698630136,763.5,24.970243792813562,3000.0,435.78767123287673,418.3805816859415,0.0011624879526052063,0.1453109940756508,600,50,24.990208116464558
102,StreamingRandomPatchesExecutorRUNPER,covtypeNorm,4,1,5,5.002793312072754,600.0,119.93299865722656,152.0,77.16666666666666,25,125,3.2203539823008853,727.8000000000001,4.994963411893008,600.0,402.5442477876107,386.2267098350863,0.005367256637168142,0.6709070796460178,600,10,5.002793282229394
125,StreamingRandomPatches,covtypeNorm,1,1,46,41.63125991821289,4997.0,120.02999877929688,4927.0,82.9097458475085,25,125,3.5515418502202634,806.1999999999998,44.93858393528844,5400.0,443.9427312775329,426.29156394655996,0.000710734810930611,0.08884185136632639,600,90,41.6312592753429
109,StreamingRandomPatches,covtypeNorm,1,1,25,24.9743766784668,2997.0,120.00299835205078,360.0,79.9466132799466,25,125,3.3656387665198237,764.0,24.96920464760129,3000.0,420.70484581497794,403.88674335227665,0.0011230025914313725,0.14037532392892157,600,50,24.97437598357127
135,StreamingRandomPatches,covtypeNorm,1,1,5,5.0010833740234375,600.0,119.9739990234375,106.0,77.0,25,125,3.2149779735682826,729.8000000000002,4.995004995004995,600.0,401.87224669603535,385.7137642612542,0.0053582966226138045,0.6697870778267255,600,10,5.001083608814166
59,OzaBagExecutorRUNPER,covtypeNorm,4,1,135,131.05723571777344,15727.0,120.0009994506836,1005.0,66.27455967444521,25,127,3.599130434782609,827.8000000000001,134.75366400319948,16173.0,457.08956521739134,431.8992493272865,0.00022885041233436823,0.029064002366464763,600,90,131.0572417895842
78,OzaBagExecutorRUNPER,covtypeNorm,4,1,75,74.8752212524414,8986.0,120.01300048828124,225.0,62.75317160026708,25,127,3.4595652173913045,795.7,74.88081470326397,9000.0,439.3647826086957,415.1928021240234,0.00038499501640232634,0.04889436708309545,600,50,74.8752215463311
16,OzaBagExecutorRUNPER,covtypeNorm,4,1,15,15.004752159118652,1800.0,119.96199798583984,52.0,67.38888888888889,25,128,3.2090517241379315,744.5000000000001,14.983268683303644,1800.0,410.75862068965523,384.96425646749043,0.001782806513409962,0.22819923371647513,600,10,15.004751756572691
44,OzaBagAdwinExecutorRUNPER,covtypeNorm,4,1,150,108.8556137084961,13063.0,120.00299835205078,9497.0,74.3244277730996,25,128,3.669527896995709,855.0000000000001,149.72629333688832,17970.0,469.6995708154507,440.3543501759804,0.00028091004340470864,0.035956485555802706,600,90,108.85561343790175
86,OzaBagAdwinExecutorRUNPER,covtypeNorm,4,1,83,79.86302185058594,9585.0,120.01799774169922,221.0,74.66875326030255,25,128,3.525,817.8,79.86688851913478,9600.0,451.2,423.06344203948976,0.0003677621283255086,0.0470735524256651,600,50,79.86302204964859
12,OzaBagAdwinExecutorRUNPER,covtypeNorm,4,1,16,15.004250526428224,1800.0,119.96600341796876,54.0,69.33333333333334,25,128,3.23146551724138,749.7000000000002,14.983518130056936,1800.0,413.62758620689664,387.6660032864276,0.0017952586206896556,0.22979310344827591,600,10,15.004250777019651
64,OzaBagAdwin,covtypeNorm,1,1,150,90.2706069946289,10835.0,120.02799987792967,12009.0,70.30918320258421,25,128,3.4229074889867834,776.9999999999999,149.73003599520064,17970.0,438.1321585903083,410.8447396702702,0.0003159120894311752,0.040436747447190426,600,90,90.27060361765056
1,OzaBagAdwin,covtypeNorm,1,1,83,79.9106216430664,9584.0,119.93399810791016,379.0,69.36560934891486,25,128,3.4271551724137925,795.0999999999999,79.86134257716152,9584.0,438.67586206896544,411.0324219637903,0.0003575913159864141,0.045771688446261005,600,50,79.91061876697242
74,OzaBagAdwin,covtypeNorm,1,1,16,15.004250526428224,1800.0,119.96600341796876,60.0,67.72222222222221,25,128,3.209913793103449,744.7000000000002,14.983518130056936,1800.0,410.86896551724146,385.0805290748334,0.001783285440613027,0.22826053639846747,600,10,15.004250777019651
48,OzaBagASHTExecutorRUNPER,covtypeNorm,4,1,108,104.8818130493164,12579.0,119.93499755859376,331.0,64.61562922330869,25,128,3.5200892857142856,788.5,104.82412646561278,12579.0,450.57142857142856,422.1818998881749,0.00027983856313811,0.03581933608167808,600,90,104.8818131159304
31,OzaBagASHTExecutorRUNPER,covtypeNorm,4,1,60,59.913673400878906,7190.0,120.00599670410156,153.0,64.40890125173853,25,128,3.3698275862068963,781.8,59.90714392691328,7200.0,431.3379310344827,404.39951820373534,0.0004686825571915016,0.059991367320512204,600,50,59.913672628613405
116,OzaBagASHTExecutorRUNPER,covtypeNorm,4,1,12,10.004502296447754,1200.0,119.9459991455078,50.0,62.083333333333336,25,128,3.2150862068965522,745.9000000000001,9.989344698987747,1200.0,411.5310344827587,385.63672742514774,0.002679238505747127,0.34294252873563225,600,10,10.004502097183474
141,OzaBagASHT,covtypeNorm,1,1,108,102.05663299560548,12247.0,120.0019989013672,431.0,64.59541112109089,25,127,3.453478260869565,794.3,104.8188855650087,12579.0,438.59173913043475,414.42429446676505,0.0002819856504343566,0.03581217760516328,600,90,102.05663332380098
130,OzaBagASHT,covtypeNorm,1,1,60,59.91167449951172,7190.0,120.01000213623048,135.0,64.47844228094576,25,128,3.3274678111587983,775.3,59.90913780765838,7200.0,425.9158798283262,399.32941912540554,0.0004627910724838384,0.05923725727793132,600,50,59.911672960710426
7,OzaBagASHT,covtypeNorm,1,1,12,10.00458526611328,1200.0,119.94499969482422,48.0,61.75000000000001,25,128,3.192241379310345,740.6,9.989511013435893,1200.0,408.60689655172416,382.8933912671846,0.0026602011494252873,0.3405057471264368,600,10,10.00458546044568
20,OzaBag,covtypeNorm,1,1,135,128.7373809814453,15449.0,120.00399780273438,1878.0,65.16926661919865,25,128,3.4545064377682397,804.8999999999999,134.75029577910715,16173.0,442.1768240343347,414.5545829674716,0.0002236071226466593,0.02862171169877239,600,90,128.73737777799252
68,OzaBag,covtypeNorm,1,1,75,74.87834167480469,8986.0,120.00800323486328,162.0,62.85332739817494,25,128,3.323175965665236,774.3000000000001,74.8814377236043,9000.0,425.36652360515023,398.8077120375736,0.0003698170449215709,0.047336581749961075,600,50,74.87833942552838
131,OzaBag,covtypeNorm,1,1,15,15.004752159118652,1800.0,119.96199798583984,58.0,67.11111111111111,25,128,3.179310344827587,737.6000000000001,14.983518130056936,1800.0,406.95172413793114,381.39642118256677,0.001766283524904215,0.2260842911877395,600,10,15.004751756572691
81,LeveragingBag,covtypeNorm,1,1,117,63.7714729309082,7655.0,120.03800201416016,13637.0,72.42325277596342,25,128,3.468965517241378,804.7999999999997,114.8016365712,13777.0,444.0275862068964,416.40768974567266,0.0004531633595351245,0.05800491002049594,600,90,63.77147129703963
19,LeveragingBag,covtypeNorm,1,1,65,62.32292556762695,7479.0,120.00399780273438,755.0,72.40272763738467,25,127,3.494222222222222,786.1999999999999,64.89616613418531,7800.0,443.7662222222222,419.3206358778212,0.00046720446880896136,0.0593349675387381,600,50,62.32292371037647
43,LeveragingBag,covtypeNorm,1,1,13,9.963873863220217,1197.0,120.13400268554688,45.0,62.82372598162071,25,128,3.2030172413793108,743.1000000000001,9.989427855519576,1200.0,409.9862068965518,384.79128187771505,0.002675870711260911,0.34251145104139663,600,10,9.963873451658571
4,LBagExecutorRUNPER,covtypeNorm,4,1,117,102.35065460205078,12283.0,120.00900268554688,5819.0,74.62346332329236,25,128,3.703004291845494,862.8000000000001,114.79972335408178,13777.0,473.9845493562232,444.3938520046775,0.000301473930786086,0.038588663140619005,600,90,102.35065474366522
127,LBagExecutorRUNPER,covtypeNorm,4,1,65,64.89891815185547,7788.0,120.0019989013672,248.0,72.94555726759117,25,127,3.523478260869565,810.4,64.89886593391964,7800.0,447.48173913043473,422.82443438986076,0.00045242401911524974,0.057457850427636716,600,50,64.89891894551825
84,LBagExecutorRUNPER,covtypeNorm,4,1,13,9.995002746582031,1200.0,120.05999755859376,50.0,62.83333333333333,25,128,3.1995689655172423,742.3000000000002,9.989178390077416,1200.0,409.544827586207,384.1402421885525,0.002666307471264369,0.3412873563218392,600,10,9.99500270199785
71,AdaptiveRandomForestSequential,covtypeNorm,1,1,152,91.4401397705078,10973.0,120.0019989013672,13500.0,75.92271940216897,25,125,3.5044247787610607,791.9999999999998,149.73003599520064,17970.0,438.0530973451326,420.5379784508088,0.00031936797400538235,0.039920996750672795,600,90,91.44014350143448
93,AdaptiveRandomForestSequential,covtypeNorm,1,1,84,79.91728210449219,9584.0,119.92400360107422,1482.0,76.19991652754591,25,125,3.4881057268722464,791.8,79.86600111665736,9584.0,436.0132158590308,418.3076037503549,0.0003639509314349172,0.04549386642936465,600,50,79.91727854484463
23,AdaptiveRandomForestSequential,covtypeNorm,1,1,16,15.000624656677246,1800.0,119.99500274658205,135.0,68.66666666666667,25,126,3.262445414847162,747.1000000000001,14.983393405642081,1800.0,411.06812227074244,391.4771465151592,0.0018124696749150899,0.22837117903930135,600,10,15.000624682691392
49,AdaptiveRandomForestExecutorRUNPER,covtypeNorm,4,1,152,145.7551727294922,17481.0,119.93399810791016,1813.0,75.94531205308621,25,125,3.66359649122807,835.3,149.7225508656746,17970.0,457.9495614035087,439.3897746470936,0.0002095759104872759,0.026196988810909486,600,90,145.75516764038449
77,AdaptiveRandomForestExecutorRUNPER,covtypeNorm,4,1,84,79.86901092529297,9585.0,120.00900268554688,503.0,76.11893583724569,25,125,3.4999999999999996,794.4999999999999,79.87220447284345,9600.0,437.49999999999994,420.031509399414,0.0003651538862806468,0.04564423578508085,600,50,79.86900803696419
3,AdaptiveRandomForestExecutorRUNPER,covtypeNorm,4,1,16,15.004125595092772,1800.0,119.96700286865234,102.0,67.94444444444444,25,126,3.3091324200913244,724.7,14.98301924485583,1800.0,416.9506849315069,396.9866985338464,0.0018384069000507357,0.2316392694063927,600,10,15.004125775908204
95,StreamingRandomPatchesExecutorRUNPER,airlines,4,1,51,27.906938552856445,3349.0,120.00599670410156,14393.0,71.78262167811286,25,125,3.794273127753304,861.3,49.92968236400403,6000.0,474.284140969163,455.33552846362414,0.0011329570402368778,0.14161963002960973,600,90,27.906938752882656
113,StreamingRandomPatchesExecutorRUNPER,airlines,4,1,28,24.86459350585937,2984.0,120.01000213623048,679.0,72.62064343163539,25,126,3.7837719298245616,862.7,24.969412469724585,3000.0,476.7552631578948,454.0904773812546,0.0012680200837213679,0.15977053054889234,600,50,24.86459417451459
58,StreamingRandomPatchesExecutorRUNPER,airlines,4,1,5,4.98507833480835,598.0,119.95800018310548,53.0,75.75250836120402,25,126,3.25,715.0,4.994963411893008,600.0,409.5,389.86350059509283,0.005434782608695652,0.6847826086956522,600,10,4.985078103062779
39,StreamingRandomPatches,airlines,1,1,51,14.489734649658203,1739.0,120.01599884033205,22926.0,74.35307648073606,25,125,3.449779735682819,783.0999999999999,49.92843590853111,6000.0,431.2224669603524,414.0287607571102,0.0019837721309274403,0.24797151636593007,600,90,14.489734842048403
22,StreamingRandomPatches,airlines,1,1,28,14.507123947143556,1741.0,120.01000213623048,14112.0,74.38253877082137,25,125,3.451541850220264,783.5,24.969412469724585,3000.0,431.442731277533,414.2195448182228,0.0019825053706032532,0.24781317132540667,600,50,14.507124148066321
124,StreamingRandomPatches,airlines,1,1,5,4.98507833480835,598.0,119.95800018310548,147.0,75.58528428093646,25,126,3.271052631578948,745.8000000000001,4.995004995004995,600.0,412.1526315789474,392.38893217789513,0.005469987678225666,0.6892184474564338,600,10,4.985078103062779
92,OzaBagExecutorRUNPER,airlines,4,1,327,83.53330993652344,10025.0,120.01200103759766,17962.0,63.142144638403984,25,128,3.8720524017467244,886.6999999999999,324.30428879615516,38935.0,495.6227074235807,464.6927568560604,0.00038623964107199245,0.04943867405721503,600,90,83.53331261312228
103,OzaBagExecutorRUNPER,airlines,4,1,182,84.56102752685547,10148.0,120.00800323486328,14249.0,62.800551832873474,25,127,3.890434782608696,894.8000000000001,179.6865235107367,21564.0,494.0852173913044,466.88330997632903,0.0003833696080615585,0.048687940223817935,600,50,84.56102698533964
2,OzaBagExecutorRUNPER,airlines,4,1,36,34.941375732421875,4193.0,120.0009994506836,302.0,68.51896017171477,25,127,3.3713043478260873,775.4000000000001,34.953977263270026,4200.0,428.1556521739131,404.5598911915655,0.00080403156399382,0.10211200862721515,600,10,34.941375648485185
10,OzaBagAdwinExecutorRUNPER,airlines,4,1,91,80.69070434570312,9687.0,120.0510025024414,2526.0,64.30267368638381,25,128,3.801293103448276,881.9,89.85847290517435,10800.0,486.5655172413793,456.34904787458225,0.00039241179967464395,0.050228710358354425,600,90,80.69070476777569
89,OzaBagAdwinExecutorRUNPER,airlines,4,1,50,49.924583435058594,5991.0,120.0009994506836,528.0,66.59989984977466,25,128,3.524017467248908,807.0,49.92885138677384,6000.0,451.07423580786025,422.8856181515356,0.0005882185724000848,0.07529197726721086,600,50,49.924584190335025
129,OzaBagAdwinExecutorRUNPER,airlines,4,1,10,9.987327575683594,1198.0,119.9520034790039,40.0,74.20701168614357,25,128,3.2991379310344833,765.4000000000001,9.989178390077416,1200.0,422.28965517241386,395.7382045811621,0.0027538713948534917,0.35249553854124693,600,10,9.987327974973715
41,OzaBagAdwin,airlines,1,1,91,73.36054992675781,8804.0,120.01000213623048,7465.0,64.35711040436165,25,128,3.549568965517241,823.4999999999999,89.85922055446467,10800.0,454.34482758620686,425.9837791344215,0.00040317684751445265,0.05160663648184994,600,90,73.36055198137616
112,OzaBagAdwin,airlines,1,1,50,49.6825065612793,5962.0,120.0019989013672,2001.0,66.95739684669574,25,127,3.3778260869565218,776.9,49.92843590853111,6000.0,428.98391304347825,405.34588237596597,0.000566559222904482,0.07195302130886921,600,50,49.682505746427815
100,OzaBagAdwin,airlines,1,1,10,9.987078666687012,1198.0,119.95500183105467,78.0,75.12520868113522,25,128,3.2745689655172416,759.7,9.989344698987747,1200.0,419.14482758620693,392.8009262545355,0.0027333630763916876,0.349870473778136,600,10,9.987078335318357
14,OzaBagASHTExecutorRUNPER,airlines,4,1,210,81.19569396972656,9746.0,120.03099822998048,21467.0,63.43115124153499,25,129,3.825213675213676,895.1000000000001,209.61157121194447,25158.0,493.45256410256417,459.1442158788699,0.0003924906295109456,0.05063129120691198,600,90,81.19569231046947
47,OzaBagASHTExecutorRUNPER,airlines,4,1,117,82.69680786132812,9928.0,120.0530014038086,6744.0,63.39645447219984,25,128,3.8043290043290043,878.8,114.81247296083065,13800.0,486.95411255411256,456.7211152972597,0.0003831918819831793,0.04904856089384695,600,50,82.69680794240469
110,OzaBagASHTExecutorRUNPER,airlines,4,1,23,19.988996505737305,2398.0,119.96600341796876,93.0,72.18515429524604,25,128,3.321120689655173,770.5000000000001,19.975696236245902,2400.0,425.10344827586215,398.4215760066593,0.0013849544160363524,0.1772741652526531,600,10,19.988996312940625
65,OzaBagASHT,airlines,1,1,210,73.67938995361328,8843.0,120.0199966430664,17428.0,64.1298201967658,25,127,3.506306306306305,778.3999999999997,209.62729037687583,25158.0,445.30090090090073,420.8268711124453,0.00039650642387270216,0.05035631583183317,600,90,73.67938882966851
35,OzaBagASHT,airlines,1,1,117,73.05875396728516,8768.0,120.01300048828124,13456.0,64.38184306569343,25,128,3.5202586206896553,816.7,114.8096074010599,13800.0,450.5931034482759,422.4767995637038,0.00040148934998741507,0.05139063679838913,600,50,73.05875167129213
11,OzaBagASHT,airlines,1,1,23,19.98949813842773,2398.0,119.96299743652344,426.0,72.76897414512094,25,127,3.318614718614719,766.6000000000001,19.975862499479796,2400.0,421.46406926406934,398.1109689819865,0.0013839093905816176,0.17575649260386544,600,10,19.989497188654898
21,OzaBag,airlines,1,1,327,72.78030395507812,8734.0,120.00499725341795,13942.0,64.73551637279597,25,128,3.5303030303030294,815.4999999999998,324.29078309540074,38935.0,451.87878787878776,423.6540054552481,0.00040420231627009723,0.051737896482572446,600,90,72.78030248653866
34,OzaBag,airlines,1,1,182,76.2834701538086,9156.0,120.0260009765625,19074.0,64.19833988641328,25,128,3.5180257510729604,819.6999999999998,179.69101544922754,21564.0,450.30729613733894,422.25456223385515,0.00038423173340683273,0.04918166187607459,600,50,76.28347129375653
117,OzaBag,airlines,1,1,36,34.925079345703125,4193.0,120.05699920654295,1199.0,69.59217743858812,25,127,3.3233766233766238,767.7,34.954268165816394,4200.0,422.0688311688312,398.9946246357707,0.0007926011503402394,0.1006603460932104,600,10,34.92507748579049
67,LeveragingBag,airlines,1,1,51,24.14114761352539,2898.0,120.04399871826172,16327.0,70.28985507246377,25,129,3.4893162393162394,816.5,49.93051336889496,6000.0,450.12179487179486,418.87147416008844,0.0012040428707095375,0.15532153032153032,600,90,24.141148503404036
18,LeveragingBag,airlines,1,1,28,22.4433708190918,2695.0,120.08000183105467,3097.0,70.61224489795919,25,127,3.465367965367965,800.5,24.969620295307376,3000.0,440.10173160173156,416.12139162666347,0.0012858508220289296,0.16330305439767404,600,50,22.4433707437122
120,LeveragingBag,airlines,1,1,5,4.985950946807861,598.0,119.93699645996094,87.0,75.91973244147158,25,128,3.2427312775330397,736.1,4.994797086368366,600.0,415.0696035242291,388.9234497540848,0.005422627554403077,0.6940963269635938,600,10,4.985951104750508
63,LBagExecutorRUNPER,airlines,4,1,51,39.416786193847656,4731.0,120.0250015258789,3854.0,66.20164870006342,25,127,4.005194805194805,925.2,49.92926687193143,6000.0,508.65974025974026,480.7235126049488,0.0008465852473461859,0.1075163264129656,600,90,39.41678766802546
8,LBagExecutorRUNPER,airlines,4,1,28,24.947315216064453,2995.0,120.0530014038086,463.0,70.18363939899834,25,128,3.543103448275862,822.0,24.969412469724585,3000.0,453.51724137931035,425.36020324970116,0.0011830061596914397,0.15142478844050428,600,50,24.94731464418836
0,LBagExecutorRUNPER,airlines,4,1,5,4.986075878143311,598.0,119.93399810791016,30.0,75.91973244147158,25,128,3.2745689655172416,759.7,4.99488024774606,600.0,419.14482758620693,392.7321481145662,0.0054758678353131135,0.7009110829200785,600,10,4.986075753615349
88,AdaptiveRandomForestSequential,airlines,1,1,58,19.17388153076172,2301.0,120.00700378417967,25881.0,72.44676227727075,25,125,3.4726872246696034,788.3,54.91899448313737,6600.0,434.08590308370043,416.74678891219753,0.001509207833407042,0.18865097917588025,600,90,19.173880918967974
72,AdaptiveRandomForestSequential,airlines,1,1,32,19.487009048461918,2340.0,120.08000183105467,14785.0,72.52136752136752,25,126,3.5048245614035083,799.0999999999999,29.961549345007242,3600.0,441.60789473684207,420.8593397508587,0.0014977882741040633,0.188721322537112,600,50,19.48700836374269
54,AdaptiveRandomForestSequential,airlines,1,1,6,4.980552673339844,598.0,120.06700134277344,91.0,72.40802675585284,25,125,3.2884955752212393,743.2,4.994838666711066,600.0,411.0619469026549,394.83980264579304,0.005499156480303076,0.6873945600378845,600,10,4.980552469140117
76,AdaptiveRandomForestExecutorRUNPER,airlines,4,1,58,34.57269287109375,4149.0,120.00800323486328,13626.0,69.14919257652447,25,125,3.865929203539823,873.7,54.92127949938422,6600.0,483.2411504424779,463.94244436415954,0.0009317737294624785,0.1164717161828098,600,90,34.57269422173572
83,AdaptiveRandomForestExecutorRUNPER,airlines,4,1,32,29.934682846069336,3593.0,120.02799987792967,1049.0,70.52602282215419,25,125,3.8066079295154185,864.1,29.96105063417557,3600.0,475.8259911894273,456.89953609920275,0.0010594511354064622,0.13243139192580777,600,50,29.93468193799894
143,AdaptiveRandomForestExecutorRUNPER,airlines,4,1,6,4.983416557312012,598.0,119.9980010986328,42.0,72.74247491638796,25,125,3.2271929824561405,735.8000000000001,4.994963411893008,600.0,403.3991228070176,387.256707054272,0.005396643783371472,0.6745804729214341,600,10,4.983416344647872
26,StreamingRandomPatchesExecutorRUNPER,GMSC,4,1,158,154.8126220703125,18569.0,119.94499969482422,954.0,93.58069901448653,25,125,3.5898678414096916,814.9,154.74037716352362,18569.0,448.73348017621146,430.58669714234475,0.00019332585714953372,0.024165732143691714,600,90,154.81262284584653
133,StreamingRandomPatchesExecutorRUNPER,GMSC,4,1,88,84.8631362915039,10184.0,120.00499725341795,298.0,93.51924587588374,25,126,3.36578947368421,767.3999999999999,84.86492333036583,10200.0,424.0894736842105,403.91155654505667,0.00033049778806797033,0.04164272129656427,600,50,84.86313264516942
142,StreamingRandomPatchesExecutorRUNPER,GMSC,4,1,17,15.004752159118652,1800.0,119.96199798583984,50.0,94.33333333333334,25,125,3.215418502202644,729.9000000000002,14.98301924485583,1800.0,401.9273127753305,385.72802788486575,0.0017863436123348021,0.22329295154185028,600,10,15.004751756572691
38,StreamingRandomPatches,GMSC,1,1,158,150.46121215820312,18057.0,120.01100158691406,3668.0,93.60912665448302,25,125,3.5339207048458143,802.1999999999998,154.73392997016816,18569.0,441.7400881057268,424.1093633172795,0.00019570918230303009,0.02446364778787876,600,90,150.4612057330661
99,StreamingRandomPatches,GMSC,1,1,88,84.06597137451172,10174.0,121.02400207519533,510.0,93.5423628857873,25,126,3.364732142857143,753.7,84.86562942008487,10200.0,423.95625,407.2133498396193,0.00033071870875340506,0.04167055730292903,600,50,84.06596894456219
105,StreamingRandomPatches,GMSC,1,1,17,15.004752159118652,1800.0,119.96199798583984,78.0,94.2222222222222,25,126,3.192982456140352,728.0000000000002,14.982645102755974,1800.0,402.31578947368433,383.03655497233086,0.0017738791423001954,0.22350877192982463,600,10,15.004751756572691
118,OzaBagExecutorRUNPER,GMSC,4,1,785,782.4518432617188,93895.0,120.0009994506836,1144.0,93.49166622290856,25,128,3.608071748878924,804.6,782.5634709959808,94043.0,461.8331838565023,432.9722159552468,3.8426665412204315e-05,0.004918613172762152,600,90,782.4518164833095
137,OzaBagExecutorRUNPER,GMSC,4,1,436,434.3691101074219,52113.0,119.9739990234375,324.0,93.40279776639228,25,128,3.423275862068966,794.2,433.9170184597707,52113.0,438.1793103448276,410.70409493281926,6.568947982401639e-05,0.008408253417474098,600,50,434.36911684355437
62,OzaBagExecutorRUNPER,GMSC,4,1,87,84.86524963378906,10184.0,120.0019989013672,27.0,93.50942655145326,25,128,3.224568965517242,748.1000000000001,84.86562942008487,10200.0,412.74482758620695,386.95472145738285,0.00031663088820868437,0.0405287536907116,600,10,84.86525302274754
51,OzaBagAdwinExecutorRUNPER,GMSC,4,1,650,648.4279174804688,77812.0,120.0009994506836,977.0,93.45345190973114,25,128,3.5448275862068965,822.4,648.1982469429715,77870.0,453.73793103448276,425.38285322518186,4.555630990344544e-05,0.005831207667641016,600,90,648.4279327354947
104,OzaBagAdwinExecutorRUNPER,GMSC,4,1,361,359.6067810058594,43128.0,119.93099975585938,300.0,93.41031348543868,25,127,3.410810810810811,757.2,359.211414007646,43128.0,433.172972972973,409.0619505186339,7.90857635598871e-05,0.010043891972105663,600,50,359.6067746270324
122,OzaBagAdwinExecutorRUNPER,GMSC,4,1,72,69.89476013183594,8388.0,120.00900268554688,24.0,93.621840724845,25,128,3.2215517241379312,747.4000000000001,69.89399410893478,8400.0,412.3586206896552,386.61520951369715,0.00038406672915330606,0.049160541331623175,600,10,69.89475632906162
42,OzaBagAdwin,GMSC,1,1,650,648.2029418945312,77785.0,120.0009994506836,351.0,93.37918621842256,25,128,3.372413793103448,782.4,648.1874557789154,77870.0,431.66896551724136,404.69302573368464,4.335558003604099e-05,0.0055495142446132465,600,90,648.2029346094491
82,OzaBagAdwin,GMSC,1,1,361,359.5018615722656,43128.0,119.96600341796876,113.0,93.32452235206826,25,128,3.275431034482759,759.9000000000001,359.18149792209744,43128.0,419.25517241379316,392.94037067807966,7.594674073647652e-05,0.009721182814268994,600,50,359.50184861739086
60,OzaBagAdwin,GMSC,1,1,72,69.9656753540039,8397.0,120.01599884033205,27.0,93.61676789329525,25,128,3.198275862068966,742.0000000000001,69.89399410893478,8400.0,409.3793103448277,383.84427215313104,0.0003808831561354015,0.04875304398533139,600,10,69.96567191988524
37,OzaBagASHTExecutorRUNPER,GMSC,4,1,802,797.3350219726562,95681.0,120.0009994506836,1250.0,93.4083046790899,25,128,3.6060344827586204,836.5999999999999,797.404110158915,95840.0,461.5724137931034,432.7277419846633,3.768809358972649e-05,0.004824075979484991,600,90,797.335025858028
27,OzaBagASHTExecutorRUNPER,GMSC,4,1,446,444.3768310546875,53311.0,119.96800231933594,314.0,93.37660145185797,25,128,3.4047413793103454,789.9000000000001,443.8921223324091,53311.0,435.8068965517242,408.46002168984256,6.386564460074554e-05,0.00817480250889543,600,50,444.3768252312355
69,OzaBagASHTExecutorRUNPER,GMSC,4,1,89,84.8742904663086,10185.0,120.0009994506836,28.0,93.57879234167892,25,128,3.2116379310344834,745.1000000000001,84.86704163477219,10200.0,411.08965517241387,385.39976159786363,0.0003153301846867436,0.04036226363990318,600,10,84.87429310274783
115,OzaBagASHT,GMSC,1,1,802,797.2685546875,95681.0,120.01100158691406,371.0,93.36127339806232,25,127,3.4017699115044246,768.8,797.3311370121713,95840.0,432.02477876106195,408.24981424787404,3.555324371091883e-05,0.004515261951286691,600,90,797.2685731708201
90,OzaBagASHT,GMSC,1,1,446,444.3953552246094,53311.0,119.96299743652344,109.0,93.33158260021384,25,128,3.2737068965517246,759.5000000000001,443.88473035195375,53311.0,419.03448275862075,392.72369203896363,6.140771879258923e-05,0.007860188005451421,600,50,444.3953647307678
13,OzaBagASHT,GMSC,1,1,89,84.86454772949219,10184.0,120.00299835205078,23.0,93.53888452474467,25,128,3.169098712446352,738.4000000000001,84.86351118617557,10200.0,405.64463519313307,380.30134756718587,0.00031118408409724587,0.03983156276444747,600,10,84.8645462184484
80,OzaBag,GMSC,1,1,785,782.4851684570312,93899.0,120.0009994506836,347.0,93.44614958625758,25,128,3.3892703862660936,789.6999999999998,782.5634709959808,94043.0,433.82660944206,406.71583376053565,3.6094850704119253e-05,0.0046201408901272644,600,90,782.48514953902
101,OzaBag,GMSC,1,1,436,434.3655090332031,52113.0,119.9749984741211,105.0,93.32604148676914,25,128,3.2616379310344836,756.7000000000002,433.9061797472149,52113.0,417.4896551724139,391.3150057989977,6.25877982659698e-05,0.008011238178044134,600,50,434.3654983353961
121,OzaBag,GMSC,1,1,87,84.8624267578125,10184.0,120.00599670410156,25.0,93.53888452474467,25,128,3.202575107296138,746.2000000000002,84.86209908898041,10200.0,409.9296137339057,384.32821777081807,0.0003144712399151746,0.04025231870914235,600,10,84.862425876189
94,LeveragingBag,GMSC,1,1,369,351.7887268066406,42215.0,120.0009994506836,3917.0,93.37439298827432,25,128,3.4788793103448272,807.0999999999999,364.1731627690053,43727.0,445.2965517241379,417.4689942096841,8.240860619080486e-05,0.010548301592423022,600,90,351.78873670422183
52,LeveragingBag,GMSC,1,1,205,204.7794952392578,24559.0,119.9290008544922,398.0,93.46064579176677,25,128,3.3630901287553643,783.5999999999999,204.61911466968832,24559.0,430.4755364806866,403.33203892523636,0.00013693921286515593,0.01752821924673996,600,50,204.7794930752155
6,LeveragingBag,GMSC,1,1,41,39.92538070678711,4794.0,120.0739974975586,46.0,93.51272423863163,25,128,3.205172413793104,743.6000000000001,39.944743105370904,4800.0,410.2620689655173,384.857864393037,0.0006685799778458707,0.08557823716427145,600,10,39.92538018147913
55,LBagExecutorRUNPER,GMSC,4,1,369,364.1719665527344,43701.0,120.0009994506836,1394.0,93.38687901878674,25,127,3.5978354978354976,831.0999999999999,364.18226186609365,43727.0,456.9251082251082,431.7438555994075,8.232844781207518e-05,0.010455712872133548,600,90,364.1719669006561
91,LBagExecutorRUNPER,GMSC,4,1,205,204.85122680664065,24559.0,119.88700103759766,250.0,93.50543588908344,25,128,3.4125,791.7,204.6225243915648,24559.0,436.8,409.114391040802,0.00013895109735738426,0.017785740461745185,600,50,204.85123313993043
53,LBagExecutorRUNPER,GMSC,4,1,41,39.942344665527344,4794.0,120.02300262451172,27.0,93.57530246141008,25,127,3.231531531531532,717.4000000000001,39.94574036933166,4800.0,410.4045045045046,387.85811749020144,0.0006740783336528018,0.08560794837390584,600,10,39.94234351058423
28,AdaptiveRandomForestSequential,GMSC,1,1,289,260.6456604003906,31278.0,120.0019989013672,5836.0,93.52260374704264,25,125,3.505286343612334,795.6999999999998,284.40649729279465,34143.0,438.16079295154174,420.64136795514474,0.00011206874939613575,0.014008593674516968,600,90,260.6456582919774
15,AdaptiveRandomForestSequential,GMSC,1,1,160,159.85055541992188,19168.0,119.91200256347656,467.0,93.54653589315524,25,125,3.364757709251101,763.8,159.72002333138906,19168.0,420.5947136563876,403.47483505719555,0.00017554036463121353,0.02194254557890169,600,50,159.85055365790623
33,AdaptiveRandomForestSequential,GMSC,1,1,32,30.00200080871582,3600.0,119.99199676513672,84.0,94.08333333333331,25,126,3.2058295964125563,714.9000000000001,29.961299987516124,3600.0,403.93452914798206,384.673894562315,0.0008905082212257101,0.11220403587443946,600,10,30.002000942165903
50,AdaptiveRandomForestExecutorRUNPER,GMSC,4,1,289,284.5415954589844,34143.0,119.99299621582033,1231.0,93.45986000058576,25,125,3.658590308370044,830.5,284.40649729279465,34143.0,457.3237885462555,439.0052130274836,0.00010715491633336391,0.013394364541670489,600,90,284.54160723339334
57,AdaptiveRandomForestExecutorRUNPER,GMSC,4,1,160,159.88922119140625,19168.0,119.88300323486328,333.0,93.53088480801335,25,125,3.4668141592920354,783.5,159.7240160990609,19168.0,433.35176991150445,415.6120930730769,0.00018086467859411705,0.022608084824264633,600,50,159.8892210136569
29,AdaptiveRandomForestExecutorRUNPER,GMSC,4,1,32,30.005502700805664,3600.0,119.97799682617188,61.0,94.1388888888889,25,126,3.22052401746725,737.5000000000002,29.961299987516124,3600.0,405.7860262008735,386.392020346296,0.0008945900048520139,0.11271834061135375,600,10,30.005501802266295
